[18Apr2026 00:44:30.661] [main/INFO] [cpw.mods.modlauncher.Launcher/MODLAUNCHER]: ModLauncher running: args [--launchTarget, forgeserver, --fml.forgeVersion, 47.3.7, --fml.mcVersion, 1.20.1, --fml.forgeGroup, net.minecraftforge, --fml.mcpVersion, 20230612.114412, nogui]
[18Apr2026 00:44:30.667] [main/INFO] [cpw.mods.modlauncher.Launcher/MODLAUNCHER]: ModLauncher 10.0.9+10.0.9+main.dcd20f30 starting: java version 17.0.18 by Ubuntu; OS Linux arch amd64 version 6.8.0-1044-azure
[18Apr2026 00:44:30.692] [main/DEBUG] [cpw.mods.modlauncher.LaunchServiceHandler/MODLAUNCHER]: Found launch services [fmlclientdev,forgeclient,minecraft,forgegametestserverdev,fmlserveruserdev,fmlclient,fmldatauserdev,forgeserverdev,forgeserveruserdev,forgeclientdev,forgeclientuserdev,forgeserver,forgedatadev,fmlserver,fmlclientuserdev,fmlserverdev,forgedatauserdev,testharness,forgegametestserveruserdev]
[18Apr2026 00:44:30.702] [main/DEBUG] [cpw.mods.modlauncher.NameMappingServiceHandler/MODLAUNCHER]: Found naming services : [srgtomcp]
[18Apr2026 00:44:30.716] [main/DEBUG] [cpw.mods.modlauncher.LaunchPluginHandler/MODLAUNCHER]: Found launch plugins: [mixin,eventbus,slf4jfixer,object_holder_definalize,runtime_enum_extender,capability_token_subclass,accesstransformer,runtimedistcleaner]
[18Apr2026 00:44:30.727] [main/DEBUG] [cpw.mods.modlauncher.TransformationServicesHandler/MODLAUNCHER]: Discovering transformation services
[18Apr2026 00:44:30.732] [main/DEBUG] [net.minecraftforge.fml.loading.FMLPaths/CORE]: Path GAMEDIR is /workspaces/servidor-de-gays/servidor_minecraft
[18Apr2026 00:44:30.732] [main/DEBUG] [net.minecraftforge.fml.loading.FMLPaths/CORE]: Path MODSDIR is /workspaces/servidor-de-gays/servidor_minecraft/mods
[18Apr2026 00:44:30.732] [main/DEBUG] [net.minecraftforge.fml.loading.FMLPaths/CORE]: Path CONFIGDIR is /workspaces/servidor-de-gays/servidor_minecraft/config
[18Apr2026 00:44:30.733] [main/DEBUG] [net.minecraftforge.fml.loading.FMLPaths/CORE]: Path FMLCONFIG is /workspaces/servidor-de-gays/servidor_minecraft/config/fml.toml
[18Apr2026 00:44:31.669] [main/DEBUG] [cpw.mods.modlauncher.TransformationServicesHandler/MODLAUNCHER]: Found additional transformation services from discovery services: 
[18Apr2026 00:44:31.675] [main/INFO] [net.minecraftforge.fml.loading.ImmediateWindowHandler/]: ImmediateWindowProvider not loading because launch target is forgeserver
[18Apr2026 00:44:31.682] [main/DEBUG] [cpw.mods.modlauncher.TransformationServicesHandler/MODLAUNCHER]: Found transformer services : [mixin,fml]
[18Apr2026 00:44:31.682] [main/DEBUG] [cpw.mods.modlauncher.TransformationServicesHandler/MODLAUNCHER]: Transformation services loading
[18Apr2026 00:44:31.683] [main/DEBUG] [cpw.mods.modlauncher.TransformationServiceDecorator/MODLAUNCHER]: Loading service mixin
[18Apr2026 00:44:31.683] [main/DEBUG] [cpw.mods.modlauncher.TransformationServiceDecorator/MODLAUNCHER]: Loaded service mixin
[18Apr2026 00:44:31.683] [main/DEBUG] [cpw.mods.modlauncher.TransformationServiceDecorator/MODLAUNCHER]: Loading service fml
[18Apr2026 00:44:31.684] [main/DEBUG] [net.minecraftforge.fml.loading.LauncherVersion/CORE]: Found FMLLauncher version 1.0
[18Apr2026 00:44:31.684] [main/DEBUG] [net.minecraftforge.fml.loading.FMLLoader/CORE]: FML 1.0 loading
[18Apr2026 00:44:31.684] [main/DEBUG] [net.minecraftforge.fml.loading.FMLLoader/CORE]: FML found ModLauncher version : 10.0.9+10.0.9+main.dcd20f30
[18Apr2026 00:44:31.685] [main/DEBUG] [net.minecraftforge.fml.loading.FMLLoader/CORE]: FML found AccessTransformer version : 8.0.4+66+master.c09db6d7
[18Apr2026 00:44:31.685] [main/DEBUG] [net.minecraftforge.fml.loading.FMLLoader/CORE]: FML found EventBus version : 6.0.5+6.0.5+master.eb8e549b
[18Apr2026 00:44:31.685] [main/DEBUG] [net.minecraftforge.fml.loading.FMLLoader/CORE]: Found Runtime Dist Cleaner
[18Apr2026 00:44:31.687] [main/DEBUG] [net.minecraftforge.fml.loading.FMLLoader/CORE]: FML found CoreMod version : 5.1.6
[18Apr2026 00:44:31.687] [main/DEBUG] [net.minecraftforge.fml.loading.FMLLoader/CORE]: Found ForgeSPI package implementation version 7.0.1+7.0.1+master.d2b38bf6
[18Apr2026 00:44:31.687] [main/DEBUG] [net.minecraftforge.fml.loading.FMLLoader/CORE]: Found ForgeSPI package specification 5
[18Apr2026 00:44:31.687] [main/DEBUG] [cpw.mods.modlauncher.TransformationServiceDecorator/MODLAUNCHER]: Loaded service fml
[18Apr2026 00:44:31.688] [main/DEBUG] [cpw.mods.modlauncher.TransformationServicesHandler/MODLAUNCHER]: Configuring option handling for services
[18Apr2026 00:44:31.695] [main/DEBUG] [cpw.mods.modlauncher.TransformationServicesHandler/MODLAUNCHER]: Transformation services initializing
[18Apr2026 00:44:31.696] [main/DEBUG] [cpw.mods.modlauncher.TransformationServiceDecorator/MODLAUNCHER]: Initializing transformation service mixin
[18Apr2026 00:44:31.709] [main/DEBUG] [mixin/]: MixinService [ModLauncher] was successfully booted in cpw.mods.cl.ModuleClassLoader@7a3d45bd
[18Apr2026 00:44:31.735] [main/INFO] [mixin/]: SpongePowered MIXIN Subsystem Version=0.8.5 Source=union:/workspaces/servidor-de-gays/servidor_minecraft/libraries/org/spongepowered/mixin/0.8.5/mixin-0.8.5.jar%2365!/ Service=ModLauncher Env=SERVER
[18Apr2026 00:44:31.738] [main/DEBUG] [mixin/]: Initialising Mixin Platform Manager
[18Apr2026 00:44:31.738] [main/DEBUG] [mixin/]: Adding mixin platform agents for container ModLauncher Root Container(ModLauncher:4f56a0a2)
[18Apr2026 00:44:31.739] [main/DEBUG] [mixin/]: Instancing new MixinPlatformAgentMinecraftForge for ModLauncher Root Container(ModLauncher:4f56a0a2)
[18Apr2026 00:44:31.739] [main/DEBUG] [mixin/]: MixinPlatformAgentMinecraftForge rejected container ModLauncher Root Container(ModLauncher:4f56a0a2)
[18Apr2026 00:44:31.740] [main/DEBUG] [mixin/]: Instancing new MixinPlatformAgentDefault for ModLauncher Root Container(ModLauncher:4f56a0a2)
[18Apr2026 00:44:31.740] [main/DEBUG] [mixin/]: MixinPlatformAgentDefault accepted container ModLauncher Root Container(ModLauncher:4f56a0a2)
[18Apr2026 00:44:31.743] [main/DEBUG] [cpw.mods.modlauncher.TransformationServiceDecorator/MODLAUNCHER]: Initialized transformation service mixin
[18Apr2026 00:44:31.743] [main/DEBUG] [cpw.mods.modlauncher.TransformationServiceDecorator/MODLAUNCHER]: Initializing transformation service fml
[18Apr2026 00:44:31.743] [main/DEBUG] [net.minecraftforge.fml.loading.FMLServiceProvider/CORE]: Setting up basic FML game directories
[18Apr2026 00:44:31.744] [main/DEBUG] [net.minecraftforge.fml.loading.FMLPaths/CORE]: Path GAMEDIR is /workspaces/servidor-de-gays/servidor_minecraft
[18Apr2026 00:44:31.744] [main/DEBUG] [net.minecraftforge.fml.loading.FMLPaths/CORE]: Path MODSDIR is /workspaces/servidor-de-gays/servidor_minecraft/mods
[18Apr2026 00:44:31.744] [main/DEBUG] [net.minecraftforge.fml.loading.FMLPaths/CORE]: Path CONFIGDIR is /workspaces/servidor-de-gays/servidor_minecraft/config
[18Apr2026 00:44:31.744] [main/DEBUG] [net.minecraftforge.fml.loading.FMLPaths/CORE]: Path FMLCONFIG is /workspaces/servidor-de-gays/servidor_minecraft/config/fml.toml
[18Apr2026 00:44:31.744] [main/DEBUG] [net.minecraftforge.fml.loading.FMLServiceProvider/CORE]: Loading configuration
[18Apr2026 00:44:31.747] [main/DEBUG] [net.minecraftforge.fml.loading.FMLServiceProvider/CORE]: Preparing ModFile
[18Apr2026 00:44:31.749] [main/DEBUG] [net.minecraftforge.fml.loading.FMLServiceProvider/CORE]: Preparing launch handler
[18Apr2026 00:44:31.750] [main/DEBUG] [net.minecraftforge.fml.loading.FMLLoader/CORE]: Using forgeserver as launch service
[18Apr2026 00:44:31.762] [main/DEBUG] [net.minecraftforge.fml.loading.FMLLoader/CORE]: Received command line version data  : VersionInfo[forgeVersion=47.3.7, mcVersion=1.20.1, mcpVersion=20230612.114412, forgeGroup=net.minecraftforge]
[18Apr2026 00:44:31.763] [main/DEBUG] [cpw.mods.modlauncher.TransformationServiceDecorator/MODLAUNCHER]: Initialized transformation service fml
[18Apr2026 00:44:31.763] [main/DEBUG] [cpw.mods.modlauncher.NameMappingServiceHandler/MODLAUNCHER]: Current naming domain is 'srg'
[18Apr2026 00:44:31.764] [main/DEBUG] [cpw.mods.modlauncher.NameMappingServiceHandler/MODLAUNCHER]: Identified name mapping providers {}
[18Apr2026 00:44:31.764] [main/DEBUG] [cpw.mods.modlauncher.TransformationServicesHandler/MODLAUNCHER]: Transformation services begin scanning
[18Apr2026 00:44:31.765] [main/DEBUG] [cpw.mods.modlauncher.TransformationServiceDecorator/MODLAUNCHER]: Beginning scan trigger - transformation service mixin
[18Apr2026 00:44:31.765] [main/DEBUG] [cpw.mods.modlauncher.TransformationServiceDecorator/MODLAUNCHER]: End scan trigger - transformation service mixin
[18Apr2026 00:44:31.765] [main/DEBUG] [cpw.mods.modlauncher.TransformationServiceDecorator/MODLAUNCHER]: Beginning scan trigger - transformation service fml
[18Apr2026 00:44:31.765] [main/DEBUG] [net.minecraftforge.fml.loading.FMLServiceProvider/CORE]: Initiating mod scan
[18Apr2026 00:44:31.774] [main/DEBUG] [net.minecraftforge.fml.loading.moddiscovery.ModListHandler/CORE]: Found mod coordinates from lists: []
[18Apr2026 00:44:31.778] [main/DEBUG] [net.minecraftforge.fml.loading.moddiscovery.ModDiscoverer/CORE]: Found Mod Locators : (mods folder:null),(maven libs:null),(exploded directory:null),(minecraft:null),(userdev classpath:null)
[18Apr2026 00:44:31.779] [main/DEBUG] [net.minecraftforge.fml.loading.moddiscovery.ModDiscoverer/CORE]: Found Dependency Locators : (JarInJar:null)
[18Apr2026 00:44:31.791] [main/DEBUG] [net.minecraftforge.fml.loading.moddiscovery.ModFileParser/LOADING]: Considering mod file candidate /workspaces/servidor-de-gays/servidor_minecraft/mods/alexscaves-2.0.2.jar
[18Apr2026 00:44:31.831] [main/DEBUG] [net.minecraftforge.fml.loading.moddiscovery.ModFileInfo/LOADING]: Found valid mod file alexscaves-2.0.2.jar with {alexscaves} mods - versions {2.0.2}
[18Apr2026 00:44:31.832] [main/DEBUG] [net.minecraftforge.fml.loading.moddiscovery.ModFileParser/LOADING]: Considering mod file candidate /workspaces/servidor-de-gays/servidor_minecraft/mods/alexsdelight-1.5.jar
[18Apr2026 00:44:31.835] [main/DEBUG] [net.minecraftforge.fml.loading.moddiscovery.ModFileInfo/LOADING]: Found valid mod file alexsdelight-1.5.jar with {alexsdelight} mods - versions {1.5}
[18Apr2026 00:44:31.838] [main/DEBUG] [net.minecraftforge.fml.loading.moddiscovery.ModFileParser/LOADING]: Considering mod file candidate /workspaces/servidor-de-gays/servidor_minecraft/mods/alexsmobs-1.22.9.jar
[18Apr2026 00:44:31.839] [main/DEBUG] [net.minecraftforge.fml.loading.moddiscovery.ModFileInfo/LOADING]: Found valid mod file alexsmobs-1.22.9.jar with {alexsmobs} mods - versions {1.22.9}
[18Apr2026 00:44:31.840] [main/DEBUG] [net.minecraftforge.fml.loading.moddiscovery.ModFileParser/LOADING]: Considering mod file candidate /workspaces/servidor-de-gays/servidor_minecraft/mods/alexsmobsinteraction-5.4-all.jar
[18Apr2026 00:44:31.843] [main/DEBUG] [net.minecraftforge.fml.loading.moddiscovery.ModFileInfo/LOADING]: Found valid mod file alexsmobsinteraction-5.4-all.jar with {alexsmobsinteraction} mods - versions {5.4}
[18Apr2026 00:44:31.844] [main/DEBUG] [net.minecraftforge.fml.loading.moddiscovery.ModFileParser/LOADING]: Considering mod file candidate /workspaces/servidor-de-gays/servidor_minecraft/mods/appleskin-forge-mc1.20.1-2.5.1.jar
[18Apr2026 00:44:31.847] [main/DEBUG] [net.minecraftforge.fml.loading.moddiscovery.ModFileInfo/LOADING]: Found valid mod file appleskin-forge-mc1.20.1-2.5.1.jar with {appleskin} mods - versions {2.5.1+mc1.20.1}
[18Apr2026 00:44:31.848] [main/DEBUG] [net.minecraftforge.fml.loading.moddiscovery.ModFileParser/LOADING]: Considering mod file candidate /workspaces/servidor-de-gays/servidor_minecraft/mods/architectury-9.2.14-forge.jar
[18Apr2026 00:44:31.849] [main/DEBUG] [net.minecraftforge.fml.loading.moddiscovery.ModFileInfo/LOADING]: Found valid mod file architectury-9.2.14-forge.jar with {architectury} mods - versions {9.2.14}
[18Apr2026 00:44:31.850] [main/DEBUG] [net.minecraftforge.fml.loading.moddiscovery.ModFileParser/LOADING]: Considering mod file candidate /workspaces/servidor-de-gays/servidor_minecraft/mods/bettervillage-forge-1.20.1-3.3.1-all.jar
[18Apr2026 00:44:31.851] [main/DEBUG] [net.minecraftforge.fml.loading.moddiscovery.ModFileInfo/LOADING]: Found valid mod file bettervillage-forge-1.20.1-3.3.1-all.jar with {bettervillage} mods - versions {3.3.1}
[18Apr2026 00:44:31.852] [main/DEBUG] [net.minecraftforge.fml.loading.moddiscovery.ModFileParser/LOADING]: Considering mod file candidate /workspaces/servidor-de-gays/servidor_minecraft/mods/bygonenether-1.3.2-1.20.x.jar
[18Apr2026 00:44:31.852] [main/DEBUG] [net.minecraftforge.fml.loading.moddiscovery.ModFileInfo/LOADING]: Found valid mod file bygonenether-1.3.2-1.20.x.jar with {bygonenether} mods - versions {1.3.2}
[18Apr2026 00:44:31.853] [main/DEBUG] [net.minecraftforge.fml.loading.moddiscovery.ModFileParser/LOADING]: Considering mod file candidate /workspaces/servidor-de-gays/servidor_minecraft/mods/chloride-FORGE-mc1.20.1-v1.7.5.jar
[18Apr2026 00:44:31.854] [main/DEBUG] [net.minecraftforge.fml.loading.moddiscovery.ModFileInfo/LOADING]: Found valid mod file chloride-FORGE-mc1.20.1-v1.7.5.jar with {chloride} mods - versions {1.7.5}
[18Apr2026 00:44:31.855] [main/DEBUG] [net.minecraftforge.fml.loading.moddiscovery.ModFileParser/LOADING]: Considering mod file candidate /workspaces/servidor-de-gays/servidor_minecraft/mods/citadel-2.6.3-1.20.1.jar
[18Apr2026 00:44:31.857] [main/DEBUG] [net.minecraftforge.fml.loading.moddiscovery.ModFileInfo/LOADING]: Found valid mod file citadel-2.6.3-1.20.1.jar with {citadel} mods - versions {2.6.3}
[18Apr2026 00:44:31.857] [main/DEBUG] [net.minecraftforge.fml.loading.moddiscovery.ModFileParser/LOADING]: Considering mod file candidate /workspaces/servidor-de-gays/servidor_minecraft/mods/cristellib-1.1.6-forge.jar
[18Apr2026 00:44:31.858] [main/DEBUG] [net.minecraftforge.fml.loading.moddiscovery.ModFileInfo/LOADING]: Found valid mod file cristellib-1.1.6-forge.jar with {cristellib} mods - versions {1.1.6}
[18Apr2026 00:44:31.859] [main/DEBUG] [net.minecraftforge.fml.loading.moddiscovery.ModFileParser/LOADING]: Considering mod file candidate /workspaces/servidor-de-gays/servidor_minecraft/mods/cupboard-1.20.1-3.7.jar
[18Apr2026 00:44:31.860] [main/DEBUG] [net.minecraftforge.fml.loading.moddiscovery.ModFileInfo/LOADING]: Found valid mod file cupboard-1.20.1-3.7.jar with {cupboard} mods - versions {1.20.1-3.7}
[18Apr2026 00:44:31.861] [main/DEBUG] [net.minecraftforge.fml.loading.moddiscovery.ModFileParser/LOADING]: Considering mod file candidate /workspaces/servidor-de-gays/servidor_minecraft/mods/curios-forge-5.14.1+1.20.1.jar
[18Apr2026 00:44:31.862] [main/DEBUG] [net.minecraftforge.fml.loading.moddiscovery.ModFileInfo/LOADING]: Found valid mod file curios-forge-5.14.1+1.20.1.jar with {curios} mods - versions {5.14.1+1.20.1}
[18Apr2026 00:44:31.863] [main/DEBUG] [net.minecraftforge.fml.loading.moddiscovery.ModFileParser/LOADING]: Considering mod file candidate /workspaces/servidor-de-gays/servidor_minecraft/mods/Dungeon Crawl-1.20.1-2.3.15.jar
[18Apr2026 00:44:31.864] [main/DEBUG] [net.minecraftforge.fml.loading.moddiscovery.ModFileInfo/LOADING]: Found valid mod file Dungeon Crawl-1.20.1-2.3.15.jar with {dungeoncrawl} mods - versions {2.3.15}
[18Apr2026 00:44:31.865] [main/DEBUG] [net.minecraftforge.fml.loading.moddiscovery.ModFileParser/LOADING]: Considering mod file candidate /workspaces/servidor-de-gays/servidor_minecraft/mods/DungeonsArise-1.20.x-2.1.58-release.jar
[18Apr2026 00:44:31.866] [main/DEBUG] [net.minecraftforge.fml.loading.moddiscovery.ModFileInfo/LOADING]: Found valid mod file DungeonsArise-1.20.x-2.1.58-release.jar with {dungeons_arise} mods - versions {2.1.58-1.20.x}
[18Apr2026 00:44:31.867] [main/DEBUG] [net.minecraftforge.fml.loading.moddiscovery.ModFileParser/LOADING]: Considering mod file candidate /workspaces/servidor-de-gays/servidor_minecraft/mods/DungeonsAriseSevenSeas-1.20.x-1.0.2-forge.jar
[18Apr2026 00:44:31.868] [main/DEBUG] [net.minecraftforge.fml.loading.moddiscovery.ModFileInfo/LOADING]: Found valid mod file DungeonsAriseSevenSeas-1.20.x-1.0.2-forge.jar with {dungeons_arise_seven_seas} mods - versions {1.0.2}
[18Apr2026 00:44:31.868] [main/DEBUG] [net.minecraftforge.fml.loading.moddiscovery.ModFileParser/LOADING]: Considering mod file candidate /workspaces/servidor-de-gays/servidor_minecraft/mods/dynamiclights-1.20.1.2.jar
[18Apr2026 00:44:31.869] [main/DEBUG] [net.minecraftforge.fml.loading.moddiscovery.ModFileInfo/LOADING]: Found valid mod file dynamiclights-1.20.1.2.jar with {dynamiclights} mods - versions {1.20.1.2}
[18Apr2026 00:44:31.870] [main/DEBUG] [net.minecraftforge.fml.loading.moddiscovery.ModFileParser/LOADING]: Considering mod file candidate /workspaces/servidor-de-gays/servidor_minecraft/mods/fantasy_armor-forge-1.2.4-1.20.1.jar
[18Apr2026 00:44:31.871] [main/DEBUG] [net.minecraftforge.fml.loading.moddiscovery.ModFileInfo/LOADING]: Found valid mod file fantasy_armor-forge-1.2.4-1.20.1.jar with {fantasy_armor} mods - versions {1.2.4-1.20.1}
[18Apr2026 00:44:31.872] [main/DEBUG] [net.minecraftforge.fml.loading.moddiscovery.ModFileParser/LOADING]: Considering mod file candidate /workspaces/servidor-de-gays/servidor_minecraft/mods/fantasy_weapons-forge-0.4-1.20.1.jar
[18Apr2026 00:44:31.873] [main/DEBUG] [net.minecraftforge.fml.loading.moddiscovery.ModFileInfo/LOADING]: Found valid mod file fantasy_weapons-forge-0.4-1.20.1.jar with {fantasy_weapons} mods - versions {0.4-1.20.1}
[18Apr2026 00:44:31.875] [main/DEBUG] [net.minecraftforge.fml.loading.moddiscovery.ModFileParser/LOADING]: Considering mod file candidate /workspaces/servidor-de-gays/servidor_minecraft/mods/FarmersDelight-1.20.1-1.2.11.jar
[18Apr2026 00:44:31.876] [main/DEBUG] [net.minecraftforge.fml.loading.moddiscovery.ModFileInfo/LOADING]: Found valid mod file FarmersDelight-1.20.1-1.2.11.jar with {farmersdelight} mods - versions {1.20.1-1.2.11}
[18Apr2026 00:44:31.877] [main/DEBUG] [net.minecraftforge.fml.loading.moddiscovery.ModFileParser/LOADING]: Considering mod file candidate /workspaces/servidor-de-gays/servidor_minecraft/mods/FarmersStructures-1.0.4-1.20.jar
[18Apr2026 00:44:31.878] [main/DEBUG] [net.minecraftforge.fml.loading.moddiscovery.ModFileInfo/LOADING]: Found valid mod file FarmersStructures-1.0.4-1.20.jar with {farmers_structures} mods - versions {1.0.4}
[18Apr2026 00:44:31.882] [main/DEBUG] [net.minecraftforge.fml.loading.moddiscovery.ModFileParser/LOADING]: Considering mod file candidate /workspaces/servidor-de-gays/servidor_minecraft/mods/framework-forge-1.20.1-0.8.0.jar
[18Apr2026 00:44:31.883] [main/DEBUG] [net.minecraftforge.fml.loading.moddiscovery.ModFileInfo/LOADING]: Found valid mod file framework-forge-1.20.1-0.8.0.jar with {framework} mods - versions {0.8.0}
[18Apr2026 00:44:31.884] [main/DEBUG] [net.minecraftforge.fml.loading.moddiscovery.ModFileParser/LOADING]: Considering mod file candidate /workspaces/servidor-de-gays/servidor_minecraft/mods/ftb-library-forge-2001.2.12.jar
[18Apr2026 00:44:31.885] [main/DEBUG] [net.minecraftforge.fml.loading.moddiscovery.ModFileInfo/LOADING]: Found valid mod file ftb-library-forge-2001.2.12.jar with {ftblibrary} mods - versions {2001.2.12}
[18Apr2026 00:44:31.886] [main/DEBUG] [net.minecraftforge.fml.loading.moddiscovery.ModFileParser/LOADING]: Considering mod file candidate /workspaces/servidor-de-gays/servidor_minecraft/mods/ftb-quests-forge-2001.4.21.jar
[18Apr2026 00:44:31.887] [main/DEBUG] [net.minecraftforge.fml.loading.moddiscovery.ModFileInfo/LOADING]: Found valid mod file ftb-quests-forge-2001.4.21.jar with {ftbquests} mods - versions {2001.4.21}
[18Apr2026 00:44:31.888] [main/DEBUG] [net.minecraftforge.fml.loading.moddiscovery.ModFileParser/LOADING]: Considering mod file candidate /workspaces/servidor-de-gays/servidor_minecraft/mods/ftb-teams-forge-2001.3.2.jar
[18Apr2026 00:44:31.888] [main/DEBUG] [net.minecraftforge.fml.loading.moddiscovery.ModFileInfo/LOADING]: Found valid mod file ftb-teams-forge-2001.3.2.jar with {ftbteams} mods - versions {2001.3.2}
[18Apr2026 00:44:31.889] [main/DEBUG] [net.minecraftforge.fml.loading.moddiscovery.ModFileParser/LOADING]: Considering mod file candidate /workspaces/servidor-de-gays/servidor_minecraft/mods/geckolib-forge-1.20.1-4.8.3.jar
[18Apr2026 00:44:31.890] [main/DEBUG] [net.minecraftforge.fml.loading.moddiscovery.ModFileInfo/LOADING]: Found valid mod file geckolib-forge-1.20.1-4.8.3.jar with {geckolib} mods - versions {4.8.3}
[18Apr2026 00:44:31.891] [main/DEBUG] [net.minecraftforge.fml.loading.moddiscovery.ModFileParser/LOADING]: Considering mod file candidate /workspaces/servidor-de-gays/servidor_minecraft/mods/goblins-0.9-forge-1.20.1.jar
[18Apr2026 00:44:31.891] [main/DEBUG] [net.minecraftforge.fml.loading.moddiscovery.ModFileInfo/LOADING]: Found valid mod file goblins-0.9-forge-1.20.1.jar with {goblins} mods - versions {0.9}
[18Apr2026 00:44:31.894] [main/DEBUG] [net.minecraftforge.fml.loading.moddiscovery.ModFileParser/LOADING]: Considering mod file candidate /workspaces/servidor-de-gays/servidor_minecraft/mods/goblintraders-forge-1.20.1-1.11.5.jar
[18Apr2026 00:44:31.894] [main/DEBUG] [net.minecraftforge.fml.loading.moddiscovery.ModFileInfo/LOADING]: Found valid mod file goblintraders-forge-1.20.1-1.11.5.jar with {goblintraders} mods - versions {1.11.5}
[18Apr2026 00:44:31.895] [main/DEBUG] [net.minecraftforge.fml.loading.moddiscovery.ModFileParser/LOADING]: Considering mod file candidate /workspaces/servidor-de-gays/servidor_minecraft/mods/item-filters-forge-2001.1.0-build.59.jar
[18Apr2026 00:44:31.896] [main/DEBUG] [net.minecraftforge.fml.loading.moddiscovery.ModFileInfo/LOADING]: Found valid mod file item-filters-forge-2001.1.0-build.59.jar with {itemfilters} mods - versions {2001.1.0-build.59}
[18Apr2026 00:44:31.897] [main/DEBUG] [net.minecraftforge.fml.loading.moddiscovery.ModFileParser/LOADING]: Considering mod file candidate /workspaces/servidor-de-gays/servidor_minecraft/mods/jei-1.20.1-forge-15.20.0.129.jar
[18Apr2026 00:44:31.898] [main/DEBUG] [net.minecraftforge.fml.loading.moddiscovery.ModFileInfo/LOADING]: Found valid mod file jei-1.20.1-forge-15.20.0.129.jar with {jei} mods - versions {15.20.0.129}
[18Apr2026 00:44:31.898] [main/DEBUG] [net.minecraftforge.fml.loading.moddiscovery.ModFileParser/LOADING]: Considering mod file candidate /workspaces/servidor-de-gays/servidor_minecraft/mods/libraryferret-forge-1.20.1-4.0.0.jar
[18Apr2026 00:44:31.899] [main/DEBUG] [net.minecraftforge.fml.loading.moddiscovery.ModFileInfo/LOADING]: Found valid mod file libraryferret-forge-1.20.1-4.0.0.jar with {libraryferret} mods - versions {4.0.0}
[18Apr2026 00:44:31.899] [main/DEBUG] [net.minecraftforge.fml.loading.moddiscovery.ModFileParser/LOADING]: Considering mod file candidate /workspaces/servidor-de-gays/servidor_minecraft/mods/lootintegration_townsandtowers-1.2.jar
[18Apr2026 00:44:31.900] [main/DEBUG] [net.minecraftforge.fml.loading.moddiscovery.ModFileInfo/LOADING]: Found valid mod file lootintegration_townsandtowers-1.2.jar with {lootintegration_townsandtowers} mods - versions {1}
[18Apr2026 00:44:31.901] [main/DEBUG] [net.minecraftforge.fml.loading.moddiscovery.ModFileParser/LOADING]: Considering mod file candidate /workspaces/servidor-de-gays/servidor_minecraft/mods/lootintegration_wda-1.7.jar
[18Apr2026 00:44:31.901] [main/DEBUG] [net.minecraftforge.fml.loading.moddiscovery.ModFileInfo/LOADING]: Found valid mod file lootintegration_wda-1.7.jar with {lootintegration_wda} mods - versions {1}
[18Apr2026 00:44:31.902] [main/DEBUG] [net.minecraftforge.fml.loading.moddiscovery.ModFileParser/LOADING]: Considering mod file candidate /workspaces/servidor-de-gays/servidor_minecraft/mods/lootintegrations-1.20.1-4.7.jar
[18Apr2026 00:44:31.903] [main/DEBUG] [net.minecraftforge.fml.loading.moddiscovery.ModFileInfo/LOADING]: Found valid mod file lootintegrations-1.20.1-4.7.jar with {lootintegrations} mods - versions {1.20.1-4.7}
[18Apr2026 00:44:31.903] [main/DEBUG] [net.minecraftforge.fml.loading.moddiscovery.ModFileParser/LOADING]: Considering mod file candidate /workspaces/servidor-de-gays/servidor_minecraft/mods/lootintegrations_dungeoncrawl-1.2.jar
[18Apr2026 00:44:31.904] [main/DEBUG] [net.minecraftforge.fml.loading.moddiscovery.ModFileInfo/LOADING]: Found valid mod file lootintegrations_dungeoncrawl-1.2.jar with {lootintegrations_dungeoncrawl} mods - versions {1}
[18Apr2026 00:44:31.905] [main/DEBUG] [net.minecraftforge.fml.loading.moddiscovery.ModFileParser/LOADING]: Considering mod file candidate /workspaces/servidor-de-gays/servidor_minecraft/mods/lootintegrations_graveyard-1.1.jar
[18Apr2026 00:44:31.905] [main/DEBUG] [net.minecraftforge.fml.loading.moddiscovery.ModFileInfo/LOADING]: Found valid mod file lootintegrations_graveyard-1.1.jar with {lootintegrations_graveyard} mods - versions {1}
[18Apr2026 00:44:31.906] [main/DEBUG] [net.minecraftforge.fml.loading.moddiscovery.ModFileParser/LOADING]: Considering mod file candidate /workspaces/servidor-de-gays/servidor_minecraft/mods/lootintegrations_lootintegrations_bygonepillage-1.2.jar
[18Apr2026 00:44:31.907] [main/DEBUG] [net.minecraftforge.fml.loading.moddiscovery.ModFileInfo/LOADING]: Found valid mod file lootintegrations_lootintegrations_bygonepillage-1.2.jar with {lootintegrations_bygonepillage} mods - versions {1}
[18Apr2026 00:44:31.907] [main/DEBUG] [net.minecraftforge.fml.loading.moddiscovery.ModFileParser/LOADING]: Considering mod file candidate /workspaces/servidor-de-gays/servidor_minecraft/mods/lootintegrations_moog-1.8.jar
[18Apr2026 00:44:31.908] [main/DEBUG] [net.minecraftforge.fml.loading.moddiscovery.ModFileInfo/LOADING]: Found valid mod file lootintegrations_moog-1.8.jar with {lootintegrations_moog} mods - versions {1}
[18Apr2026 00:44:31.908] [main/DEBUG] [net.minecraftforge.fml.loading.moddiscovery.ModFileParser/LOADING]: Considering mod file candidate /workspaces/servidor-de-gays/servidor_minecraft/mods/lootintegrations_vanilla-1.5.jar
[18Apr2026 00:44:31.909] [main/DEBUG] [net.minecraftforge.fml.loading.moddiscovery.ModFileInfo/LOADING]: Found valid mod file lootintegrations_vanilla-1.5.jar with {lootintegrations_vanilla} mods - versions {1}
[18Apr2026 00:44:31.910] [main/DEBUG] [net.minecraftforge.fml.loading.moddiscovery.ModFileParser/LOADING]: Considering mod file candidate /workspaces/servidor-de-gays/servidor_minecraft/mods/lootintegrations_yungs-1.4.jar
[18Apr2026 00:44:31.910] [main/DEBUG] [net.minecraftforge.fml.loading.moddiscovery.ModFileInfo/LOADING]: Found valid mod file lootintegrations_yungs-1.4.jar with {lootintegrations_yungs} mods - versions {1}
[18Apr2026 00:44:31.911] [main/DEBUG] [net.minecraftforge.fml.loading.moddiscovery.ModFileParser/LOADING]: Considering mod file candidate /workspaces/servidor-de-gays/servidor_minecraft/mods/mes-1.4.6-1.20.jar
[18Apr2026 00:44:31.912] [main/DEBUG] [net.minecraftforge.fml.loading.moddiscovery.ModFileInfo/LOADING]: Found valid mod file mes-1.4.6-1.20.jar with {mes} mods - versions {1.4.6-1.20-forge}
[18Apr2026 00:44:31.913] [main/DEBUG] [net.minecraftforge.fml.loading.moddiscovery.ModFileParser/LOADING]: Considering mod file candidate /workspaces/servidor-de-gays/servidor_minecraft/mods/moogs_structure_lib-1.1.0-1.20-1.20.4-forge.jar
[18Apr2026 00:44:31.914] [main/DEBUG] [net.minecraftforge.fml.loading.moddiscovery.ModFileInfo/LOADING]: Found valid mod file moogs_structure_lib-1.1.0-1.20-1.20.4-forge.jar with {moogs_structures} mods - versions {1.1.0-1.20-1.20.4}
[18Apr2026 00:44:31.915] [main/DEBUG] [net.minecraftforge.fml.loading.moddiscovery.ModFileParser/LOADING]: Considering mod file candidate /workspaces/servidor-de-gays/servidor_minecraft/mods/MoogsNetherStructures-1.20-2.0.2.jar
[18Apr2026 00:44:31.915] [main/DEBUG] [net.minecraftforge.fml.loading.moddiscovery.ModFileInfo/LOADING]: Found valid mod file MoogsNetherStructures-1.20-2.0.2.jar with {mns} mods - versions {2.0.2}
[18Apr2026 00:44:31.916] [main/DEBUG] [net.minecraftforge.fml.loading.moddiscovery.ModFileParser/LOADING]: Considering mod file candidate /workspaces/servidor-de-gays/servidor_minecraft/mods/MoogsVoyagerStructures-1.20-5.0.4.jar
[18Apr2026 00:44:31.917] [main/DEBUG] [net.minecraftforge.fml.loading.moddiscovery.ModFileInfo/LOADING]: Found valid mod file MoogsVoyagerStructures-1.20-5.0.4.jar with {mvs} mods - versions {5.0.4}
[18Apr2026 00:44:31.917] [main/DEBUG] [net.minecraftforge.fml.loading.moddiscovery.ModFileParser/LOADING]: Considering mod file candidate /workspaces/servidor-de-gays/servidor_minecraft/mods/More Villager Trades 1.0.0 - 1.20.1.jar
[18Apr2026 00:44:31.918] [main/DEBUG] [net.minecraftforge.fml.loading.moddiscovery.ModFileInfo/LOADING]: Found valid mod file More Villager Trades 1.0.0 - 1.20.1.jar with {more_villager_trades} mods - versions {1.0.0}
[18Apr2026 00:44:31.919] [main/DEBUG] [net.minecraftforge.fml.loading.moddiscovery.ModFileParser/LOADING]: Considering mod file candidate /workspaces/servidor-de-gays/servidor_minecraft/mods/morevillagers-forge-1.20.1-5.0.0.jar
[18Apr2026 00:44:31.919] [main/DEBUG] [net.minecraftforge.fml.loading.moddiscovery.ModFileInfo/LOADING]: Found valid mod file morevillagers-forge-1.20.1-5.0.0.jar with {morevillagers} mods - versions {5.0.0}
[18Apr2026 00:44:31.920] [main/DEBUG] [net.minecraftforge.fml.loading.moddiscovery.ModFileParser/LOADING]: Considering mod file candidate /workspaces/servidor-de-gays/servidor_minecraft/mods/MouseTweaks-forge-mc1.20.1-2.25.1.jar
[18Apr2026 00:44:31.920] [main/DEBUG] [net.minecraftforge.fml.loading.moddiscovery.ModFileInfo/LOADING]: Found valid mod file MouseTweaks-forge-mc1.20.1-2.25.1.jar with {mousetweaks} mods - versions {2.25.1}
[18Apr2026 00:44:31.921] [main/DEBUG] [net.minecraftforge.fml.loading.moddiscovery.ModFileParser/LOADING]: Considering mod file candidate /workspaces/servidor-de-gays/servidor_minecraft/mods/mss-1.2.7-1.20.jar
[18Apr2026 00:44:31.922] [main/DEBUG] [net.minecraftforge.fml.loading.moddiscovery.ModFileInfo/LOADING]: Found valid mod file mss-1.2.7-1.20.jar with {mss} mods - versions {1.2.7-1.20-forge}
[18Apr2026 00:44:31.922] [main/DEBUG] [net.minecraftforge.fml.loading.moddiscovery.ModFileParser/LOADING]: Considering mod file candidate /workspaces/servidor-de-gays/servidor_minecraft/mods/OctoLib-FORGE-0.5.0.1+1.20.1.jar
[18Apr2026 00:44:31.924] [main/DEBUG] [net.minecraftforge.fml.loading.moddiscovery.ModFileInfo/LOADING]: Found valid mod file OctoLib-FORGE-0.5.0.1+1.20.1.jar with {octolib} mods - versions {0.5.0.1}
[18Apr2026 00:44:31.924] [main/DEBUG] [net.minecraftforge.fml.loading.moddiscovery.ModFileParser/LOADING]: Considering mod file candidate /workspaces/servidor-de-gays/servidor_minecraft/mods/Patchouli-1.20.1-85-FORGE.jar
[18Apr2026 00:44:31.925] [main/DEBUG] [net.minecraftforge.fml.loading.moddiscovery.ModFileInfo/LOADING]: Found valid mod file Patchouli-1.20.1-85-FORGE.jar with {patchouli} mods - versions {1.20.1-85-FORGE}
[18Apr2026 00:44:31.925] [main/DEBUG] [net.minecraftforge.fml.loading.moddiscovery.ModFileParser/LOADING]: Considering mod file candidate /workspaces/servidor-de-gays/servidor_minecraft/mods/raccompat-1.20.1-0.1.3.jar
[18Apr2026 00:44:31.926] [main/DEBUG] [net.minecraftforge.fml.loading.moddiscovery.ModFileInfo/LOADING]: Found valid mod file raccompat-1.20.1-0.1.3.jar with {raccompat} mods - versions {0.1.3}
[18Apr2026 00:44:31.927] [main/DEBUG] [net.minecraftforge.fml.loading.moddiscovery.ModFileParser/LOADING]: Considering mod file candidate /workspaces/servidor-de-gays/servidor_minecraft/mods/ramcompat-1.20.1-0.1.4.jar
[18Apr2026 00:44:31.927] [main/DEBUG] [net.minecraftforge.fml.loading.moddiscovery.ModFileInfo/LOADING]: Found valid mod file ramcompat-1.20.1-0.1.4.jar with {ramcompat} mods - versions {0.1.4}
[18Apr2026 00:44:31.928] [main/DEBUG] [net.minecraftforge.fml.loading.moddiscovery.ModFileParser/LOADING]: Considering mod file candidate /workspaces/servidor-de-gays/servidor_minecraft/mods/relics-1.20.1-0.8.0.13.jar
[18Apr2026 00:44:31.929] [main/DEBUG] [net.minecraftforge.fml.loading.moddiscovery.ModFileInfo/LOADING]: Found valid mod file relics-1.20.1-0.8.0.13.jar with {relics} mods - versions {0.8.0.13}
[18Apr2026 00:44:31.930] [main/DEBUG] [net.minecraftforge.fml.loading.moddiscovery.ModFileParser/LOADING]: Considering mod file candidate /workspaces/servidor-de-gays/servidor_minecraft/mods/takesapillage-1.0.3-1.20.1.jar
[18Apr2026 00:44:31.931] [main/DEBUG] [net.minecraftforge.fml.loading.moddiscovery.ModFileInfo/LOADING]: Found valid mod file takesapillage-1.0.3-1.20.1.jar with {takesapillage} mods - versions {1.0.3}
[18Apr2026 00:44:31.932] [main/DEBUG] [net.minecraftforge.fml.loading.moddiscovery.ModFileParser/LOADING]: Considering mod file candidate /workspaces/servidor-de-gays/servidor_minecraft/mods/The_Graveyard_3.1_(FORGE)_for_1.20.1.jar
[18Apr2026 00:44:31.934] [main/DEBUG] [net.minecraftforge.fml.loading.moddiscovery.ModFileInfo/LOADING]: Found valid mod file The_Graveyard_3.1_(FORGE)_for_1.20.1.jar with {graveyard} mods - versions {3.1}
[18Apr2026 00:44:31.935] [main/DEBUG] [net.minecraftforge.fml.loading.moddiscovery.ModFileParser/LOADING]: Considering mod file candidate /workspaces/servidor-de-gays/servidor_minecraft/mods/Towns-and-Towers-1.12-Fabric+Forge.jar
[18Apr2026 00:44:31.936] [main/DEBUG] [net.minecraftforge.fml.loading.moddiscovery.ModFileInfo/LOADING]: Found valid mod file Towns-and-Towers-1.12-Fabric+Forge.jar with {t_and_t} mods - versions {0.0NONE}
[18Apr2026 00:44:31.938] [main/DEBUG] [net.minecraftforge.fml.loading.moddiscovery.ModFileParser/LOADING]: Considering mod file candidate /workspaces/servidor-de-gays/servidor_minecraft/mods/travelersbackpack-forge-1.20.1-9.1.53.jar
[18Apr2026 00:44:31.938] [main/DEBUG] [net.minecraftforge.fml.loading.moddiscovery.ModFileInfo/LOADING]: Found valid mod file travelersbackpack-forge-1.20.1-9.1.53.jar with {travelersbackpack} mods - versions {9.1.53}
[18Apr2026 00:44:31.939] [main/DEBUG] [net.minecraftforge.fml.loading.moddiscovery.ModFileParser/LOADING]: Considering mod file candidate /workspaces/servidor-de-gays/servidor_minecraft/mods/villagesandpillages-forge-mc1.20.1-1.0.2.jar
[18Apr2026 00:44:31.940] [main/DEBUG] [net.minecraftforge.fml.loading.moddiscovery.ModFileInfo/LOADING]: Found valid mod file villagesandpillages-forge-mc1.20.1-1.0.2.jar with {villagesandpillages} mods - versions {1.0.2}
[18Apr2026 00:44:31.940] [main/DEBUG] [net.minecraftforge.fml.loading.moddiscovery.ModFileParser/LOADING]: Considering mod file candidate /workspaces/servidor-de-gays/servidor_minecraft/mods/wda-questline-1.20.1-1.0.0.jar
[18Apr2026 00:44:31.941] [main/DEBUG] [net.minecraftforge.fml.loading.moddiscovery.ModFileInfo/LOADING]: Found valid mod file wda-questline-1.20.1-1.0.0.jar with {wda_questline} mods - versions {1.1.0}
[18Apr2026 00:44:31.942] [main/DEBUG] [net.minecraftforge.fml.loading.moddiscovery.ModFileParser/LOADING]: Considering mod file candidate /workspaces/servidor-de-gays/servidor_minecraft/mods/xaerominimap-forge-1.20.1-25.3.10.jar
[18Apr2026 00:44:31.943] [main/DEBUG] [net.minecraftforge.fml.loading.moddiscovery.ModFileInfo/LOADING]: Found valid mod file xaerominimap-forge-1.20.1-25.3.10.jar with {xaerominimap} mods - versions {25.3.10}
[18Apr2026 00:44:31.943] [main/DEBUG] [net.minecraftforge.fml.loading.moddiscovery.ModFileParser/LOADING]: Considering mod file candidate /workspaces/servidor-de-gays/servidor_minecraft/mods/xaeroworldmap-forge-1.20.1-1.40.11.jar
[18Apr2026 00:44:31.944] [main/DEBUG] [net.minecraftforge.fml.loading.moddiscovery.ModFileInfo/LOADING]: Found valid mod file xaeroworldmap-forge-1.20.1-1.40.11.jar with {xaeroworldmap} mods - versions {1.40.11}
[18Apr2026 00:44:31.945] [main/DEBUG] [net.minecraftforge.fml.loading.moddiscovery.ModFileParser/LOADING]: Considering mod file candidate /workspaces/servidor-de-gays/servidor_minecraft/mods/YungsApi-1.20-Forge-4.0.6.jar
[18Apr2026 00:44:31.945] [main/DEBUG] [net.minecraftforge.fml.loading.moddiscovery.ModFileInfo/LOADING]: Found valid mod file YungsApi-1.20-Forge-4.0.6.jar with {yungsapi} mods - versions {1.20-Forge-4.0.6}
[18Apr2026 00:44:31.951] [main/DEBUG] [net.minecraftforge.fml.loading.moddiscovery.ModFileParser/LOADING]: Considering mod file candidate /workspaces/servidor-de-gays/servidor_minecraft/mods/YungsBetterDesertTemples-1.20-Forge-3.0.3.jar
[18Apr2026 00:44:31.952] [main/DEBUG] [net.minecraftforge.fml.loading.moddiscovery.ModFileInfo/LOADING]: Found valid mod file YungsBetterDesertTemples-1.20-Forge-3.0.3.jar with {betterdeserttemples} mods - versions {1.20-Forge-3.0.3}
[18Apr2026 00:44:31.953] [main/DEBUG] [net.minecraftforge.fml.loading.moddiscovery.ModFileParser/LOADING]: Considering mod file candidate /workspaces/servidor-de-gays/servidor_minecraft/mods/YungsBetterDungeons-1.20-Forge-4.0.4.jar
[18Apr2026 00:44:31.954] [main/DEBUG] [net.minecraftforge.fml.loading.moddiscovery.ModFileInfo/LOADING]: Found valid mod file YungsBetterDungeons-1.20-Forge-4.0.4.jar with {betterdungeons} mods - versions {1.20-Forge-4.0.4}
[18Apr2026 00:44:31.954] [main/DEBUG] [net.minecraftforge.fml.loading.moddiscovery.ModFileParser/LOADING]: Considering mod file candidate /workspaces/servidor-de-gays/servidor_minecraft/mods/YungsBetterEndIsland-1.20-Forge-2.0.6.jar
[18Apr2026 00:44:31.955] [main/DEBUG] [net.minecraftforge.fml.loading.moddiscovery.ModFileInfo/LOADING]: Found valid mod file YungsBetterEndIsland-1.20-Forge-2.0.6.jar with {betterendisland} mods - versions {1.20-Forge-2.0.6}
[18Apr2026 00:44:31.956] [main/DEBUG] [net.minecraftforge.fml.loading.moddiscovery.ModFileParser/LOADING]: Considering mod file candidate /workspaces/servidor-de-gays/servidor_minecraft/mods/YungsBetterJungleTemples-1.20-Forge-2.0.5.jar
[18Apr2026 00:44:31.956] [main/DEBUG] [net.minecraftforge.fml.loading.moddiscovery.ModFileInfo/LOADING]: Found valid mod file YungsBetterJungleTemples-1.20-Forge-2.0.5.jar with {betterjungletemples} mods - versions {1.20-Forge-2.0.5}
[18Apr2026 00:44:31.957] [main/DEBUG] [net.minecraftforge.fml.loading.moddiscovery.ModFileParser/LOADING]: Considering mod file candidate /workspaces/servidor-de-gays/servidor_minecraft/mods/YungsBetterMineshafts-1.20-Forge-4.0.4.jar
[18Apr2026 00:44:31.957] [main/DEBUG] [net.minecraftforge.fml.loading.moddiscovery.ModFileInfo/LOADING]: Found valid mod file YungsBetterMineshafts-1.20-Forge-4.0.4.jar with {bettermineshafts} mods - versions {1.20-Forge-4.0.4}
[18Apr2026 00:44:31.958] [main/DEBUG] [net.minecraftforge.fml.loading.moddiscovery.ModFileParser/LOADING]: Considering mod file candidate /workspaces/servidor-de-gays/servidor_minecraft/mods/YungsBetterNetherFortresses-1.20-Forge-2.0.6.jar
[18Apr2026 00:44:31.958] [main/DEBUG] [net.minecraftforge.fml.loading.moddiscovery.ModFileInfo/LOADING]: Found valid mod file YungsBetterNetherFortresses-1.20-Forge-2.0.6.jar with {betterfortresses} mods - versions {1.20-Forge-2.0.6}
[18Apr2026 00:44:31.959] [main/DEBUG] [net.minecraftforge.fml.loading.moddiscovery.ModFileParser/LOADING]: Considering mod file candidate /workspaces/servidor-de-gays/servidor_minecraft/mods/YungsBetterOceanMonuments-1.20-Forge-3.0.4.jar
[18Apr2026 00:44:31.960] [main/DEBUG] [net.minecraftforge.fml.loading.moddiscovery.ModFileInfo/LOADING]: Found valid mod file YungsBetterOceanMonuments-1.20-Forge-3.0.4.jar with {betteroceanmonuments} mods - versions {1.20-Forge-3.0.4}
[18Apr2026 00:44:31.960] [main/DEBUG] [net.minecraftforge.fml.loading.moddiscovery.ModFileParser/LOADING]: Considering mod file candidate /workspaces/servidor-de-gays/servidor_minecraft/mods/YungsBetterStrongholds-1.20-Forge-4.0.3.jar
[18Apr2026 00:44:31.961] [main/DEBUG] [net.minecraftforge.fml.loading.moddiscovery.ModFileInfo/LOADING]: Found valid mod file YungsBetterStrongholds-1.20-Forge-4.0.3.jar with {betterstrongholds} mods - versions {1.20-Forge-4.0.3}
[18Apr2026 00:44:31.961] [main/DEBUG] [net.minecraftforge.fml.loading.moddiscovery.ModFileParser/LOADING]: Considering mod file candidate /workspaces/servidor-de-gays/servidor_minecraft/mods/YungsBetterWitchHuts-1.20-Forge-3.0.3.jar
[18Apr2026 00:44:31.962] [main/DEBUG] [net.minecraftforge.fml.loading.moddiscovery.ModFileInfo/LOADING]: Found valid mod file YungsBetterWitchHuts-1.20-Forge-3.0.3.jar with {betterwitchhuts} mods - versions {1.20-Forge-3.0.3}
[18Apr2026 00:44:31.962] [main/DEBUG] [net.minecraftforge.fml.loading.moddiscovery.ModFileParser/LOADING]: Considering mod file candidate /workspaces/servidor-de-gays/servidor_minecraft/mods/YungsBridges-1.20-Forge-4.0.3.jar
[18Apr2026 00:44:31.963] [main/DEBUG] [net.minecraftforge.fml.loading.moddiscovery.ModFileInfo/LOADING]: Found valid mod file YungsBridges-1.20-Forge-4.0.3.jar with {yungsbridges} mods - versions {1.20-Forge-4.0.3}
[18Apr2026 00:44:31.964] [main/DEBUG] [net.minecraftforge.fml.loading.moddiscovery.ModFileParser/LOADING]: Considering mod file candidate /workspaces/servidor-de-gays/servidor_minecraft/mods/YungsExtras-1.20-Forge-4.0.3.jar
[18Apr2026 00:44:31.964] [main/DEBUG] [net.minecraftforge.fml.loading.moddiscovery.ModFileInfo/LOADING]: Found valid mod file YungsExtras-1.20-Forge-4.0.3.jar with {yungsextras} mods - versions {1.20-Forge-4.0.3}
[18Apr2026 00:44:32.073] [main/DEBUG] [net.minecraftforge.fml.loading.moddiscovery.ModFileInfo/LOADING]: Found valid mod file server-1.20.1-20230612.114412-srg.jar with {minecraft} mods - versions {1.20.1}
[18Apr2026 00:44:32.075] [main/DEBUG] [net.minecraftforge.fml.loading.moddiscovery.ModFileParser/LOADING]: Considering mod file candidate /workspaces/servidor-de-gays/servidor_minecraft/libraries/net/minecraftforge/fmlcore/1.20.1-47.3.7/fmlcore-1.20.1-47.3.7.jar
[18Apr2026 00:44:32.075] [main/WARN] [net.minecraftforge.fml.loading.moddiscovery.ModFileParser/LOADING]: Mod file /workspaces/servidor-de-gays/servidor_minecraft/libraries/net/minecraftforge/fmlcore/1.20.1-47.3.7/fmlcore-1.20.1-47.3.7.jar is missing mods.toml file
[18Apr2026 00:44:32.079] [main/DEBUG] [net.minecraftforge.fml.loading.moddiscovery.ModFileParser/LOADING]: Considering mod file candidate /workspaces/servidor-de-gays/servidor_minecraft/libraries/net/minecraftforge/javafmllanguage/1.20.1-47.3.7/javafmllanguage-1.20.1-47.3.7.jar
[18Apr2026 00:44:32.079] [main/WARN] [net.minecraftforge.fml.loading.moddiscovery.ModFileParser/LOADING]: Mod file /workspaces/servidor-de-gays/servidor_minecraft/libraries/net/minecraftforge/javafmllanguage/1.20.1-47.3.7/javafmllanguage-1.20.1-47.3.7.jar is missing mods.toml file
[18Apr2026 00:44:32.080] [main/DEBUG] [net.minecraftforge.fml.loading.moddiscovery.ModFileParser/LOADING]: Considering mod file candidate /workspaces/servidor-de-gays/servidor_minecraft/libraries/net/minecraftforge/lowcodelanguage/1.20.1-47.3.7/lowcodelanguage-1.20.1-47.3.7.jar
[18Apr2026 00:44:32.080] [main/WARN] [net.minecraftforge.fml.loading.moddiscovery.ModFileParser/LOADING]: Mod file /workspaces/servidor-de-gays/servidor_minecraft/libraries/net/minecraftforge/lowcodelanguage/1.20.1-47.3.7/lowcodelanguage-1.20.1-47.3.7.jar is missing mods.toml file
[18Apr2026 00:44:32.081] [main/DEBUG] [net.minecraftforge.fml.loading.moddiscovery.ModFileParser/LOADING]: Considering mod file candidate /workspaces/servidor-de-gays/servidor_minecraft/libraries/net/minecraftforge/mclanguage/1.20.1-47.3.7/mclanguage-1.20.1-47.3.7.jar
[18Apr2026 00:44:32.082] [main/WARN] [net.minecraftforge.fml.loading.moddiscovery.ModFileParser/LOADING]: Mod file /workspaces/servidor-de-gays/servidor_minecraft/libraries/net/minecraftforge/mclanguage/1.20.1-47.3.7/mclanguage-1.20.1-47.3.7.jar is missing mods.toml file
[18Apr2026 00:44:32.134] [main/DEBUG] [net.minecraftforge.fml.loading.moddiscovery.ModFileParser/LOADING]: Considering mod file candidate /workspaces/servidor-de-gays/servidor_minecraft/libraries/net/minecraftforge/forge/1.20.1-47.3.7/forge-1.20.1-47.3.7-universal.jar
[18Apr2026 00:44:32.135] [main/DEBUG] [net.minecraftforge.fml.loading.moddiscovery.ModFileInfo/LOADING]: Found valid mod file forge-1.20.1-47.3.7-universal.jar with {forge} mods - versions {47.3.7}
[18Apr2026 00:44:32.146] [main/DEBUG] [net.minecraftforge.fml.loading.moddiscovery.AbstractJarFileDependencyLocator/]: Failed to load resource META-INF/jarjar/metadata.json from YungsBetterDungeons-1.20-Forge-4.0.4.jar, it does not contain dependency information.
[18Apr2026 00:44:32.146] [main/DEBUG] [net.minecraftforge.fml.loading.moddiscovery.AbstractJarFileDependencyLocator/]: Failed to load resource META-INF/jarjar/metadata.json from villagesandpillages-forge-mc1.20.1-1.0.2.jar, it does not contain dependency information.
[18Apr2026 00:44:32.146] [main/DEBUG] [net.minecraftforge.fml.loading.moddiscovery.AbstractJarFileDependencyLocator/]: Failed to load resource META-INF/jarjar/metadata.json from lootintegration_townsandtowers-1.2.jar, it does not contain dependency information.
[18Apr2026 00:44:32.147] [main/DEBUG] [net.minecraftforge.fml.loading.moddiscovery.AbstractJarFileDependencyLocator/]: Failed to load resource META-INF/jarjar/metadata.json from raccompat-1.20.1-0.1.3.jar, it does not contain dependency information.
[18Apr2026 00:44:32.147] [main/DEBUG] [net.minecraftforge.fml.loading.moddiscovery.AbstractJarFileDependencyLocator/]: Failed to load resource META-INF/jarjar/metadata.json from YungsBetterWitchHuts-1.20-Forge-3.0.3.jar, it does not contain dependency information.
[18Apr2026 00:44:32.147] [main/DEBUG] [net.minecraftforge.fml.loading.moddiscovery.AbstractJarFileDependencyLocator/]: Failed to load resource META-INF/jarjar/metadata.json from ftb-library-forge-2001.2.12.jar, it does not contain dependency information.
[18Apr2026 00:44:32.147] [main/DEBUG] [net.minecraftforge.fml.loading.moddiscovery.AbstractJarFileDependencyLocator/]: Failed to load resource META-INF/jarjar/metadata.json from fantasy_weapons-forge-0.4-1.20.1.jar, it does not contain dependency information.
[18Apr2026 00:44:32.147] [main/DEBUG] [net.minecraftforge.fml.loading.moddiscovery.AbstractJarFileDependencyLocator/]: Failed to load resource META-INF/jarjar/metadata.json from alexsmobs-1.22.9.jar, it does not contain dependency information.
[18Apr2026 00:44:32.147] [main/DEBUG] [net.minecraftforge.fml.loading.moddiscovery.AbstractJarFileDependencyLocator/]: Failed to load resource META-INF/jarjar/metadata.json from mss-1.2.7-1.20.jar, it does not contain dependency information.
[18Apr2026 00:44:32.147] [main/DEBUG] [net.minecraftforge.fml.loading.moddiscovery.AbstractJarFileDependencyLocator/]: Failed to load resource META-INF/jarjar/metadata.json from item-filters-forge-2001.1.0-build.59.jar, it does not contain dependency information.
[18Apr2026 00:44:32.147] [main/DEBUG] [net.minecraftforge.fml.loading.moddiscovery.AbstractJarFileDependencyLocator/]: Failed to load resource META-INF/jarjar/metadata.json from jei-1.20.1-forge-15.20.0.129.jar, it does not contain dependency information.
[18Apr2026 00:44:32.147] [main/DEBUG] [net.minecraftforge.fml.loading.moddiscovery.AbstractJarFileDependencyLocator/]: Failed to load resource META-INF/jarjar/metadata.json from The_Graveyard_3.1_(FORGE)_for_1.20.1.jar, it does not contain dependency information.
[18Apr2026 00:44:32.148] [main/DEBUG] [net.minecraftforge.fml.loading.moddiscovery.AbstractJarFileDependencyLocator/]: Failed to load resource META-INF/jarjar/metadata.json from YungsBetterOceanMonuments-1.20-Forge-3.0.4.jar, it does not contain dependency information.
[18Apr2026 00:44:32.148] [main/DEBUG] [net.minecraftforge.fml.loading.moddiscovery.AbstractJarFileDependencyLocator/]: Failed to load resource META-INF/jarjar/metadata.json from libraryferret-forge-1.20.1-4.0.0.jar, it does not contain dependency information.
[18Apr2026 00:44:32.148] [main/DEBUG] [net.minecraftforge.fml.loading.moddiscovery.AbstractJarFileDependencyLocator/]: Failed to load resource META-INF/jarjar/metadata.json from goblintraders-forge-1.20.1-1.11.5.jar, it does not contain dependency information.
[18Apr2026 00:44:32.148] [main/DEBUG] [net.minecraftforge.fml.loading.moddiscovery.AbstractJarFileDependencyLocator/]: Failed to load resource META-INF/jarjar/metadata.json from dynamiclights-1.20.1.2.jar, it does not contain dependency information.
[18Apr2026 00:44:32.148] [main/DEBUG] [net.minecraftforge.fml.loading.moddiscovery.AbstractJarFileDependencyLocator/]: Failed to load resource META-INF/jarjar/metadata.json from chloride-FORGE-mc1.20.1-v1.7.5.jar, it does not contain dependency information.
[18Apr2026 00:44:32.148] [main/DEBUG] [net.minecraftforge.fml.loading.moddiscovery.AbstractJarFileDependencyLocator/]: Failed to load resource META-INF/jarjar/metadata.json from citadel-2.6.3-1.20.1.jar, it does not contain dependency information.
[18Apr2026 00:44:32.149] [main/DEBUG] [net.minecraftforge.fml.loading.moddiscovery.AbstractJarFileDependencyLocator/]: Failed to load resource META-INF/jarjar/metadata.json from travelersbackpack-forge-1.20.1-9.1.53.jar, it does not contain dependency information.
[18Apr2026 00:44:32.149] [main/DEBUG] [net.minecraftforge.fml.loading.moddiscovery.AbstractJarFileDependencyLocator/]: Failed to load resource META-INF/jarjar/metadata.json from lootintegrations-1.20.1-4.7.jar, it does not contain dependency information.
[18Apr2026 00:44:32.149] [main/DEBUG] [net.minecraftforge.fml.loading.moddiscovery.AbstractJarFileDependencyLocator/]: Failed to load resource META-INF/jarjar/metadata.json from YungsApi-1.20-Forge-4.0.6.jar, it does not contain dependency information.
[18Apr2026 00:44:32.149] [main/DEBUG] [net.minecraftforge.fml.loading.moddiscovery.AbstractJarFileDependencyLocator/]: Failed to load resource META-INF/jarjar/metadata.json from Dungeon Crawl-1.20.1-2.3.15.jar, it does not contain dependency information.
[18Apr2026 00:44:32.149] [main/DEBUG] [net.minecraftforge.fml.loading.moddiscovery.AbstractJarFileDependencyLocator/]: Failed to load resource META-INF/jarjar/metadata.json from relics-1.20.1-0.8.0.13.jar, it does not contain dependency information.
[18Apr2026 00:44:32.149] [main/DEBUG] [net.minecraftforge.fml.loading.moddiscovery.AbstractJarFileDependencyLocator/]: Failed to load resource META-INF/jarjar/metadata.json from YungsBetterDesertTemples-1.20-Forge-3.0.3.jar, it does not contain dependency information.
[18Apr2026 00:44:32.149] [main/DEBUG] [net.minecraftforge.fml.loading.moddiscovery.AbstractJarFileDependencyLocator/]: Failed to load resource META-INF/jarjar/metadata.json from takesapillage-1.0.3-1.20.1.jar, it does not contain dependency information.
[18Apr2026 00:44:32.150] [main/DEBUG] [net.minecraftforge.fml.loading.moddiscovery.AbstractJarFileDependencyLocator/]: Failed to load resource META-INF/jarjar/metadata.json from bygonenether-1.3.2-1.20.x.jar, it does not contain dependency information.
[18Apr2026 00:44:32.150] [main/DEBUG] [net.minecraftforge.fml.loading.moddiscovery.AbstractJarFileDependencyLocator/]: Failed to load resource META-INF/jarjar/metadata.json from ramcompat-1.20.1-0.1.4.jar, it does not contain dependency information.
[18Apr2026 00:44:32.150] [main/DEBUG] [net.minecraftforge.fml.loading.moddiscovery.AbstractJarFileDependencyLocator/]: Failed to load resource META-INF/jarjar/metadata.json from YungsBetterNetherFortresses-1.20-Forge-2.0.6.jar, it does not contain dependency information.
[18Apr2026 00:44:32.150] [main/DEBUG] [net.minecraftforge.fml.loading.moddiscovery.AbstractJarFileDependencyLocator/]: Failed to load resource META-INF/jarjar/metadata.json from ftb-teams-forge-2001.3.2.jar, it does not contain dependency information.
[18Apr2026 00:44:32.150] [main/DEBUG] [net.minecraftforge.fml.loading.moddiscovery.AbstractJarFileDependencyLocator/]: Failed to load resource META-INF/jarjar/metadata.json from DungeonsAriseSevenSeas-1.20.x-1.0.2-forge.jar, it does not contain dependency information.
[18Apr2026 00:44:32.150] [main/DEBUG] [net.minecraftforge.fml.loading.moddiscovery.AbstractJarFileDependencyLocator/]: Failed to load resource META-INF/jarjar/metadata.json from forge-1.20.1-47.3.7-universal.jar, it does not contain dependency information.
[18Apr2026 00:44:32.151] [main/DEBUG] [net.minecraftforge.fml.loading.moddiscovery.AbstractJarFileDependencyLocator/]: Failed to load resource META-INF/jarjar/metadata.json from More Villager Trades 1.0.0 - 1.20.1.jar, it does not contain dependency information.
[18Apr2026 00:44:32.151] [main/DEBUG] [net.minecraftforge.fml.loading.moddiscovery.AbstractJarFileDependencyLocator/]: Failed to load resource META-INF/jarjar/metadata.json from lootintegrations_lootintegrations_bygonepillage-1.2.jar, it does not contain dependency information.
[18Apr2026 00:44:32.151] [main/DEBUG] [net.minecraftforge.fml.loading.moddiscovery.AbstractJarFileDependencyLocator/]: Failed to load resource META-INF/jarjar/metadata.json from DungeonsArise-1.20.x-2.1.58-release.jar, it does not contain dependency information.
[18Apr2026 00:44:32.151] [main/DEBUG] [net.minecraftforge.fml.loading.moddiscovery.AbstractJarFileDependencyLocator/]: Failed to load resource META-INF/jarjar/metadata.json from server-1.20.1-20230612.114412-srg.jar, it does not contain dependency information.
[18Apr2026 00:44:32.151] [main/DEBUG] [net.minecraftforge.fml.loading.moddiscovery.AbstractJarFileDependencyLocator/]: Failed to load resource META-INF/jarjar/metadata.json from FarmersDelight-1.20.1-1.2.11.jar, it does not contain dependency information.
[18Apr2026 00:44:32.151] [main/DEBUG] [net.minecraftforge.fml.loading.moddiscovery.AbstractJarFileDependencyLocator/]: Failed to load resource META-INF/jarjar/metadata.json from alexscaves-2.0.2.jar, it does not contain dependency information.
[18Apr2026 00:44:32.152] [main/DEBUG] [net.minecraftforge.fml.loading.moddiscovery.AbstractJarFileDependencyLocator/]: Failed to load resource META-INF/jarjar/metadata.json from morevillagers-forge-1.20.1-5.0.0.jar, it does not contain dependency information.
[18Apr2026 00:44:32.152] [main/DEBUG] [net.minecraftforge.fml.loading.moddiscovery.AbstractJarFileDependencyLocator/]: Failed to load resource META-INF/jarjar/metadata.json from lootintegrations_vanilla-1.5.jar, it does not contain dependency information.
[18Apr2026 00:44:32.152] [main/DEBUG] [net.minecraftforge.fml.loading.moddiscovery.AbstractJarFileDependencyLocator/]: Failed to load resource META-INF/jarjar/metadata.json from MouseTweaks-forge-mc1.20.1-2.25.1.jar, it does not contain dependency information.
[18Apr2026 00:44:32.152] [main/DEBUG] [net.minecraftforge.fml.loading.moddiscovery.AbstractJarFileDependencyLocator/]: Failed to load resource META-INF/jarjar/metadata.json from lootintegration_wda-1.7.jar, it does not contain dependency information.
[18Apr2026 00:44:32.152] [main/DEBUG] [net.minecraftforge.fml.loading.moddiscovery.AbstractJarFileDependencyLocator/]: Failed to load resource META-INF/jarjar/metadata.json from ftb-quests-forge-2001.4.21.jar, it does not contain dependency information.
[18Apr2026 00:44:32.152] [main/DEBUG] [net.minecraftforge.fml.loading.moddiscovery.AbstractJarFileDependencyLocator/]: Failed to load resource META-INF/jarjar/metadata.json from fantasy_armor-forge-1.2.4-1.20.1.jar, it does not contain dependency information.
[18Apr2026 00:44:32.152] [main/DEBUG] [net.minecraftforge.fml.loading.moddiscovery.AbstractJarFileDependencyLocator/]: Failed to load resource META-INF/jarjar/metadata.json from YungsBridges-1.20-Forge-4.0.3.jar, it does not contain dependency information.
[18Apr2026 00:44:32.153] [main/DEBUG] [net.minecraftforge.fml.loading.moddiscovery.AbstractJarFileDependencyLocator/]: Failed to load resource META-INF/jarjar/metadata.json from lootintegrations_yungs-1.4.jar, it does not contain dependency information.
[18Apr2026 00:44:32.153] [main/DEBUG] [net.minecraftforge.fml.loading.moddiscovery.AbstractJarFileDependencyLocator/]: Failed to load resource META-INF/jarjar/metadata.json from lootintegrations_dungeoncrawl-1.2.jar, it does not contain dependency information.
[18Apr2026 00:44:32.153] [main/DEBUG] [net.minecraftforge.fml.loading.moddiscovery.AbstractJarFileDependencyLocator/]: Failed to load resource META-INF/jarjar/metadata.json from curios-forge-5.14.1+1.20.1.jar, it does not contain dependency information.
[18Apr2026 00:44:32.153] [main/DEBUG] [net.minecraftforge.fml.loading.moddiscovery.AbstractJarFileDependencyLocator/]: Failed to load resource META-INF/jarjar/metadata.json from Patchouli-1.20.1-85-FORGE.jar, it does not contain dependency information.
[18Apr2026 00:44:32.153] [main/DEBUG] [net.minecraftforge.fml.loading.moddiscovery.AbstractJarFileDependencyLocator/]: Failed to load resource META-INF/jarjar/metadata.json from mes-1.4.6-1.20.jar, it does not contain dependency information.
[18Apr2026 00:44:32.153] [main/DEBUG] [net.minecraftforge.fml.loading.moddiscovery.AbstractJarFileDependencyLocator/]: Failed to load resource META-INF/jarjar/metadata.json from goblins-0.9-forge-1.20.1.jar, it does not contain dependency information.
[18Apr2026 00:44:32.153] [main/DEBUG] [net.minecraftforge.fml.loading.moddiscovery.AbstractJarFileDependencyLocator/]: Failed to load resource META-INF/jarjar/metadata.json from YungsExtras-1.20-Forge-4.0.3.jar, it does not contain dependency information.
[18Apr2026 00:44:32.154] [main/DEBUG] [net.minecraftforge.fml.loading.moddiscovery.AbstractJarFileDependencyLocator/]: Failed to load resource META-INF/jarjar/metadata.json from YungsBetterStrongholds-1.20-Forge-4.0.3.jar, it does not contain dependency information.
[18Apr2026 00:44:32.154] [main/DEBUG] [net.minecraftforge.fml.loading.moddiscovery.AbstractJarFileDependencyLocator/]: Failed to load resource META-INF/jarjar/metadata.json from FarmersStructures-1.0.4-1.20.jar, it does not contain dependency information.
[18Apr2026 00:44:32.154] [main/DEBUG] [net.minecraftforge.fml.loading.moddiscovery.AbstractJarFileDependencyLocator/]: Failed to load resource META-INF/jarjar/metadata.json from MoogsVoyagerStructures-1.20-5.0.4.jar, it does not contain dependency information.
[18Apr2026 00:44:32.154] [main/DEBUG] [net.minecraftforge.fml.loading.moddiscovery.AbstractJarFileDependencyLocator/]: Failed to load resource META-INF/jarjar/metadata.json from architectury-9.2.14-forge.jar, it does not contain dependency information.
[18Apr2026 00:44:32.154] [main/DEBUG] [net.minecraftforge.fml.loading.moddiscovery.AbstractJarFileDependencyLocator/]: Failed to load resource META-INF/jarjar/metadata.json from appleskin-forge-mc1.20.1-2.5.1.jar, it does not contain dependency information.
[18Apr2026 00:44:32.154] [main/DEBUG] [net.minecraftforge.fml.loading.moddiscovery.AbstractJarFileDependencyLocator/]: Failed to load resource META-INF/jarjar/metadata.json from alexsdelight-1.5.jar, it does not contain dependency information.
[18Apr2026 00:44:32.154] [main/DEBUG] [net.minecraftforge.fml.loading.moddiscovery.AbstractJarFileDependencyLocator/]: Failed to load resource META-INF/jarjar/metadata.json from cupboard-1.20.1-3.7.jar, it does not contain dependency information.
[18Apr2026 00:44:32.154] [main/DEBUG] [net.minecraftforge.fml.loading.moddiscovery.AbstractJarFileDependencyLocator/]: Failed to load resource META-INF/jarjar/metadata.json from YungsBetterEndIsland-1.20-Forge-2.0.6.jar, it does not contain dependency information.
[18Apr2026 00:44:32.155] [main/DEBUG] [net.minecraftforge.fml.loading.moddiscovery.AbstractJarFileDependencyLocator/]: Failed to load resource META-INF/jarjar/metadata.json from wda-questline-1.20.1-1.0.0.jar, it does not contain dependency information.
[18Apr2026 00:44:32.155] [main/DEBUG] [net.minecraftforge.fml.loading.moddiscovery.AbstractJarFileDependencyLocator/]: Failed to load resource META-INF/jarjar/metadata.json from lootintegrations_moog-1.8.jar, it does not contain dependency information.
[18Apr2026 00:44:32.155] [main/DEBUG] [net.minecraftforge.fml.loading.moddiscovery.AbstractJarFileDependencyLocator/]: Failed to load resource META-INF/jarjar/metadata.json from moogs_structure_lib-1.1.0-1.20-1.20.4-forge.jar, it does not contain dependency information.
[18Apr2026 00:44:32.155] [main/DEBUG] [net.minecraftforge.fml.loading.moddiscovery.AbstractJarFileDependencyLocator/]: Failed to load resource META-INF/jarjar/metadata.json from MoogsNetherStructures-1.20-2.0.2.jar, it does not contain dependency information.
[18Apr2026 00:44:32.155] [main/DEBUG] [net.minecraftforge.fml.loading.moddiscovery.AbstractJarFileDependencyLocator/]: Failed to load resource META-INF/jarjar/metadata.json from framework-forge-1.20.1-0.8.0.jar, it does not contain dependency information.
[18Apr2026 00:44:32.155] [main/DEBUG] [net.minecraftforge.fml.loading.moddiscovery.AbstractJarFileDependencyLocator/]: Failed to load resource META-INF/jarjar/metadata.json from Towns-and-Towers-1.12-Fabric+Forge.jar, it does not contain dependency information.
[18Apr2026 00:44:32.155] [main/DEBUG] [net.minecraftforge.fml.loading.moddiscovery.AbstractJarFileDependencyLocator/]: Failed to load resource META-INF/jarjar/metadata.json from YungsBetterMineshafts-1.20-Forge-4.0.4.jar, it does not contain dependency information.
[18Apr2026 00:44:32.156] [main/DEBUG] [net.minecraftforge.fml.loading.moddiscovery.AbstractJarFileDependencyLocator/]: Failed to load resource META-INF/jarjar/metadata.json from YungsBetterJungleTemples-1.20-Forge-2.0.5.jar, it does not contain dependency information.
[18Apr2026 00:44:32.156] [main/DEBUG] [net.minecraftforge.fml.loading.moddiscovery.AbstractJarFileDependencyLocator/]: Failed to load resource META-INF/jarjar/metadata.json from lootintegrations_graveyard-1.1.jar, it does not contain dependency information.
[18Apr2026 00:44:32.156] [main/DEBUG] [net.minecraftforge.fml.loading.moddiscovery.AbstractJarFileDependencyLocator/]: Failed to load resource META-INF/jarjar/metadata.json from mclanguage-1.20.1-47.3.7.jar, it does not contain dependency information.
[18Apr2026 00:44:32.156] [main/DEBUG] [net.minecraftforge.fml.loading.moddiscovery.AbstractJarFileDependencyLocator/]: Failed to load resource META-INF/jarjar/metadata.json from javafmllanguage-1.20.1-47.3.7.jar, it does not contain dependency information.
[18Apr2026 00:44:32.156] [main/DEBUG] [net.minecraftforge.fml.loading.moddiscovery.AbstractJarFileDependencyLocator/]: Failed to load resource META-INF/jarjar/metadata.json from fmlcore-1.20.1-47.3.7.jar, it does not contain dependency information.
[18Apr2026 00:44:32.156] [main/DEBUG] [net.minecraftforge.fml.loading.moddiscovery.AbstractJarFileDependencyLocator/]: Failed to load resource META-INF/jarjar/metadata.json from lowcodelanguage-1.20.1-47.3.7.jar, it does not contain dependency information.
[18Apr2026 00:44:32.219] [main/DEBUG] [net.minecraftforge.fml.loading.moddiscovery.ModFileParser/LOADING]: Considering mod file candidate 
[18Apr2026 00:44:32.220] [main/DEBUG] [net.minecraftforge.fml.loading.moddiscovery.ModFileInfo/LOADING]: Found valid mod file mixinextras-forge-0.4.1.jar with {mixinextras} mods - versions {0.4.1}
[18Apr2026 00:44:32.236] [main/DEBUG] [net.minecraftforge.fml.loading.moddiscovery.ModFileParser/LOADING]: Considering mod file candidate 
[18Apr2026 00:44:32.237] [main/DEBUG] [net.minecraftforge.fml.loading.moddiscovery.ModFileInfo/LOADING]: Found valid mod file xaerolib-forge-1.20.1-1.1.0.jar with {xaerolib} mods - versions {1.1.0}
[18Apr2026 00:44:32.270] [main/DEBUG] [net.minecraftforge.fml.loading.moddiscovery.ModFileParser/LOADING]: Considering mod file candidate 
[18Apr2026 00:44:32.271] [main/DEBUG] [net.minecraftforge.fml.loading.moddiscovery.ModFileInfo/LOADING]: Found valid mod file xaerolib-forge-1.20.1-1.1.0.jar with {xaerolib} mods - versions {1.1.0}
[18Apr2026 00:44:32.275] [main/DEBUG] [net.minecraftforge.fml.loading.moddiscovery.ModFileParser/LOADING]: Considering mod file candidate 
[18Apr2026 00:44:32.275] [main/DEBUG] [net.minecraftforge.fml.loading.moddiscovery.ModFileInfo/LOADING]: Found valid mod file mixinextras-forge-0.5.0-beta.5.jar with {mixinextras} mods - versions {0.5.0-beta.5}
[18Apr2026 00:44:32.276] [main/DEBUG] [net.minecraftforge.fml.loading.moddiscovery.AbstractJarFileDependencyLocator/]: Failed to load resource META-INF/jarjar/metadata.json from snakeyaml-2.2.jar, it does not contain dependency information.
[18Apr2026 00:44:32.281] [main/DEBUG] [net.minecraftforge.fml.loading.moddiscovery.AbstractJarFileDependencyLocator/]: Failed to load resource META-INF/jarjar/metadata.json from mclib-20.jar, it does not contain dependency information.
[18Apr2026 00:44:32.281] [main/DEBUG] [net.minecraftforge.fml.loading.moddiscovery.AbstractJarFileDependencyLocator/]: Failed to load resource META-INF/jarjar/metadata.json from jankson-1.2.3.jar, it does not contain dependency information.
[18Apr2026 00:44:32.281] [main/DEBUG] [net.minecraftforge.fml.loading.moddiscovery.AbstractJarFileDependencyLocator/]: Failed to load resource META-INF/jarjar/metadata.json from xaerolib-forge-1.20.1-1.1.0.jar, it does not contain dependency information.
[18Apr2026 00:44:32.281] [main/DEBUG] [net.minecraftforge.fml.loading.moddiscovery.AbstractJarFileDependencyLocator/]: Failed to load resource META-INF/jarjar/metadata.json from xaerolib-forge-1.20.1-1.1.0.jar, it does not contain dependency information.
[18Apr2026 00:44:32.297] [main/DEBUG] [net.minecraftforge.fml.loading.moddiscovery.AbstractJarFileDependencyLocator/]: Failed to load resource META-INF/jarjar/metadata.json from MixinExtras-0.4.1.jar, it does not contain dependency information.
[18Apr2026 00:44:32.297] [main/DEBUG] [net.minecraftforge.fml.loading.moddiscovery.AbstractJarFileDependencyLocator/]: Failed to load resource META-INF/jarjar/metadata.json from MixinExtras-0.5.0-beta.5.jar, it does not contain dependency information.
[18Apr2026 00:44:32.332] [main/DEBUG] [net.minecraftforge.fml.loading.moddiscovery.ModFileParser/LOADING]: Considering mod file candidate 
[18Apr2026 00:44:32.332] [main/DEBUG] [net.minecraftforge.fml.loading.moddiscovery.ModFileInfo/LOADING]: Found valid mod file xaerolib-forge-1.20.1-1.1.0.jar with {xaerolib} mods - versions {1.1.0}
[18Apr2026 00:44:32.334] [main/DEBUG] [net.minecraftforge.fml.loading.moddiscovery.ModFileParser/LOADING]: Considering mod file candidate 
[18Apr2026 00:44:32.334] [main/DEBUG] [net.minecraftforge.fml.loading.moddiscovery.ModFileInfo/LOADING]: Found valid mod file mixinextras-forge-0.5.0-beta.5.jar with {mixinextras} mods - versions {0.5.0-beta.5}
[18Apr2026 00:44:32.344] [main/INFO] [net.minecraftforge.fml.loading.moddiscovery.JarInJarDependencyLocator/]: Found 6 dependencies adding them to mods collection
[18Apr2026 00:44:32.346] [main/DEBUG] [net.minecraftforge.fml.loading.moddiscovery.ModFileParser/LOADING]: Considering mod file candidate /workspaces/servidor-de-gays/servidor_minecraft/mods/villagesandpillages-forge-mc1.20.1-1.0.2.jar
[18Apr2026 00:44:32.346] [main/DEBUG] [net.minecraftforge.fml.loading.moddiscovery.ModFileInfo/LOADING]: Found valid mod file villagesandpillages-forge-mc1.20.1-1.0.2.jar with {villagesandpillages} mods - versions {1.0.2}
[18Apr2026 00:44:32.349] [main/DEBUG] [net.minecraftforge.fml.loading.moddiscovery.ModFile/LOADING]: Loading mod file /workspaces/servidor-de-gays/servidor_minecraft/mods/villagesandpillages-forge-mc1.20.1-1.0.2.jar with languages [LanguageSpec[languageName=javafml, acceptedVersions=*]]
[18Apr2026 00:44:32.349] [main/DEBUG] [net.minecraftforge.fml.loading.moddiscovery.ModFileParser/LOADING]: Considering mod file candidate /workspaces/servidor-de-gays/servidor_minecraft/mods/YungsBetterDungeons-1.20-Forge-4.0.4.jar
[18Apr2026 00:44:32.350] [main/DEBUG] [net.minecraftforge.fml.loading.moddiscovery.ModFileInfo/LOADING]: Found valid mod file YungsBetterDungeons-1.20-Forge-4.0.4.jar with {betterdungeons} mods - versions {1.20-Forge-4.0.4}
[18Apr2026 00:44:32.350] [main/DEBUG] [net.minecraftforge.fml.loading.moddiscovery.ModFile/LOADING]: Loading mod file /workspaces/servidor-de-gays/servidor_minecraft/mods/YungsBetterDungeons-1.20-Forge-4.0.4.jar with languages [LanguageSpec[languageName=javafml, acceptedVersions=[46,)]]
[18Apr2026 00:44:32.350] [main/DEBUG] [net.minecraftforge.fml.loading.moddiscovery.ModFileParser/LOADING]: Considering mod file candidate /workspaces/servidor-de-gays/servidor_minecraft/mods/lootintegration_townsandtowers-1.2.jar
[18Apr2026 00:44:32.351] [main/DEBUG] [net.minecraftforge.fml.loading.moddiscovery.ModFileInfo/LOADING]: Found valid mod file lootintegration_townsandtowers-1.2.jar with {lootintegration_townsandtowers} mods - versions {1}
[18Apr2026 00:44:32.351] [main/DEBUG] [net.minecraftforge.fml.loading.moddiscovery.ModFile/LOADING]: Loading mod file /workspaces/servidor-de-gays/servidor_minecraft/mods/lootintegration_townsandtowers-1.2.jar with languages [LanguageSpec[languageName=lowcodefml, acceptedVersions=[0,)]]
[18Apr2026 00:44:32.351] [main/DEBUG] [net.minecraftforge.fml.loading.moddiscovery.ModFileParser/LOADING]: Considering mod file candidate /workspaces/servidor-de-gays/servidor_minecraft/mods/raccompat-1.20.1-0.1.3.jar
[18Apr2026 00:44:32.351] [main/DEBUG] [net.minecraftforge.fml.loading.moddiscovery.ModFileInfo/LOADING]: Found valid mod file raccompat-1.20.1-0.1.3.jar with {raccompat} mods - versions {0.1.3}
[18Apr2026 00:44:32.352] [main/DEBUG] [net.minecraftforge.fml.loading.moddiscovery.ModFile/LOADING]: Loading mod file /workspaces/servidor-de-gays/servidor_minecraft/mods/raccompat-1.20.1-0.1.3.jar with languages [LanguageSpec[languageName=javafml, acceptedVersions=[47,)]]
[18Apr2026 00:44:32.352] [main/DEBUG] [net.minecraftforge.fml.loading.moddiscovery.ModFileParser/LOADING]: Considering mod file candidate /workspaces/servidor-de-gays/servidor_minecraft/mods/alexsmobs-1.22.9.jar
[18Apr2026 00:44:32.352] [main/DEBUG] [net.minecraftforge.fml.loading.moddiscovery.ModFileInfo/LOADING]: Found valid mod file alexsmobs-1.22.9.jar with {alexsmobs} mods - versions {1.22.9}
[18Apr2026 00:44:32.352] [main/DEBUG] [net.minecraftforge.fml.loading.moddiscovery.ModFile/LOADING]: Loading mod file /workspaces/servidor-de-gays/servidor_minecraft/mods/alexsmobs-1.22.9.jar with languages [LanguageSpec[languageName=javafml, acceptedVersions=[46,)]]
[18Apr2026 00:44:32.353] [main/DEBUG] [net.minecraftforge.fml.loading.moddiscovery.ModFileParser/LOADING]: Considering mod file candidate /workspaces/servidor-de-gays/servidor_minecraft/mods/fantasy_weapons-forge-0.4-1.20.1.jar
[18Apr2026 00:44:32.353] [main/DEBUG] [net.minecraftforge.fml.loading.moddiscovery.ModFileInfo/LOADING]: Found valid mod file fantasy_weapons-forge-0.4-1.20.1.jar with {fantasy_weapons} mods - versions {0.4-1.20.1}
[18Apr2026 00:44:32.353] [main/DEBUG] [net.minecraftforge.fml.loading.moddiscovery.ModFile/LOADING]: Loading mod file /workspaces/servidor-de-gays/servidor_minecraft/mods/fantasy_weapons-forge-0.4-1.20.1.jar with languages [LanguageSpec[languageName=javafml, acceptedVersions=[47,)]]
[18Apr2026 00:44:32.354] [main/DEBUG] [net.minecraftforge.fml.loading.moddiscovery.ModFileParser/LOADING]: Considering mod file candidate /workspaces/servidor-de-gays/servidor_minecraft/mods/ftb-library-forge-2001.2.12.jar
[18Apr2026 00:44:32.354] [main/DEBUG] [net.minecraftforge.fml.loading.moddiscovery.ModFileInfo/LOADING]: Found valid mod file ftb-library-forge-2001.2.12.jar with {ftblibrary} mods - versions {2001.2.12}
[18Apr2026 00:44:32.354] [main/DEBUG] [net.minecraftforge.fml.loading.moddiscovery.ModFile/LOADING]: Loading mod file /workspaces/servidor-de-gays/servidor_minecraft/mods/ftb-library-forge-2001.2.12.jar with languages [LanguageSpec[languageName=javafml, acceptedVersions=[47,)]]
[18Apr2026 00:44:32.354] [main/DEBUG] [net.minecraftforge.fml.loading.moddiscovery.ModFileParser/LOADING]: Considering mod file candidate /workspaces/servidor-de-gays/servidor_minecraft/mods/YungsBetterWitchHuts-1.20-Forge-3.0.3.jar
[18Apr2026 00:44:32.355] [main/DEBUG] [net.minecraftforge.fml.loading.moddiscovery.ModFileInfo/LOADING]: Found valid mod file YungsBetterWitchHuts-1.20-Forge-3.0.3.jar with {betterwitchhuts} mods - versions {1.20-Forge-3.0.3}
[18Apr2026 00:44:32.355] [main/DEBUG] [net.minecraftforge.fml.loading.moddiscovery.ModFile/LOADING]: Loading mod file /workspaces/servidor-de-gays/servidor_minecraft/mods/YungsBetterWitchHuts-1.20-Forge-3.0.3.jar with languages [LanguageSpec[languageName=javafml, acceptedVersions=[46,)]]
[18Apr2026 00:44:32.355] [main/DEBUG] [net.minecraftforge.fml.loading.moddiscovery.ModFileParser/LOADING]: Considering mod file candidate /workspaces/servidor-de-gays/servidor_minecraft/mods/geckolib-forge-1.20.1-4.8.3.jar
[18Apr2026 00:44:32.355] [main/DEBUG] [net.minecraftforge.fml.loading.moddiscovery.ModFileInfo/LOADING]: Found valid mod file geckolib-forge-1.20.1-4.8.3.jar with {geckolib} mods - versions {4.8.3}
[18Apr2026 00:44:32.356] [main/DEBUG] [net.minecraftforge.fml.loading.moddiscovery.ModFile/LOADING]: Loading mod file /workspaces/servidor-de-gays/servidor_minecraft/mods/geckolib-forge-1.20.1-4.8.3.jar with languages [LanguageSpec[languageName=javafml, acceptedVersions=[47,)]]
[18Apr2026 00:44:32.356] [main/DEBUG] [net.minecraftforge.fml.loading.moddiscovery.ModFileParser/LOADING]: Considering mod file candidate /workspaces/servidor-de-gays/servidor_minecraft/mods/mss-1.2.7-1.20.jar
[18Apr2026 00:44:32.356] [main/DEBUG] [net.minecraftforge.fml.loading.moddiscovery.ModFileInfo/LOADING]: Found valid mod file mss-1.2.7-1.20.jar with {mss} mods - versions {1.2.7-1.20-forge}
[18Apr2026 00:44:32.356] [main/DEBUG] [net.minecraftforge.fml.loading.moddiscovery.ModFile/LOADING]: Loading mod file /workspaces/servidor-de-gays/servidor_minecraft/mods/mss-1.2.7-1.20.jar with languages [LanguageSpec[languageName=javafml, acceptedVersions=[46,)]]
[18Apr2026 00:44:32.356] [main/DEBUG] [net.minecraftforge.fml.loading.moddiscovery.ModFileParser/LOADING]: Considering mod file candidate /workspaces/servidor-de-gays/servidor_minecraft/mods/OctoLib-FORGE-0.5.0.1+1.20.1.jar
[18Apr2026 00:44:32.357] [main/DEBUG] [net.minecraftforge.fml.loading.moddiscovery.ModFileInfo/LOADING]: Found valid mod file OctoLib-FORGE-0.5.0.1+1.20.1.jar with {octolib} mods - versions {0.5.0.1}
[18Apr2026 00:44:32.357] [main/DEBUG] [net.minecraftforge.fml.loading.moddiscovery.ModFile/LOADING]: Loading mod file /workspaces/servidor-de-gays/servidor_minecraft/mods/OctoLib-FORGE-0.5.0.1+1.20.1.jar with languages [LanguageSpec[languageName=javafml, acceptedVersions=[47,)]]
[18Apr2026 00:44:32.357] [main/DEBUG] [net.minecraftforge.fml.loading.moddiscovery.ModFileParser/LOADING]: Considering mod file candidate /workspaces/servidor-de-gays/servidor_minecraft/mods/item-filters-forge-2001.1.0-build.59.jar
[18Apr2026 00:44:32.358] [main/DEBUG] [net.minecraftforge.fml.loading.moddiscovery.ModFileInfo/LOADING]: Found valid mod file item-filters-forge-2001.1.0-build.59.jar with {itemfilters} mods - versions {2001.1.0-build.59}
[18Apr2026 00:44:32.358] [main/DEBUG] [net.minecraftforge.fml.loading.moddiscovery.ModFile/LOADING]: Loading mod file /workspaces/servidor-de-gays/servidor_minecraft/mods/item-filters-forge-2001.1.0-build.59.jar with languages [LanguageSpec[languageName=javafml, acceptedVersions=[47,)]]
[18Apr2026 00:44:32.358] [main/DEBUG] [net.minecraftforge.fml.loading.moddiscovery.ModFileParser/LOADING]: Considering mod file candidate /workspaces/servidor-de-gays/servidor_minecraft/mods/jei-1.20.1-forge-15.20.0.129.jar
[18Apr2026 00:44:32.358] [main/DEBUG] [net.minecraftforge.fml.loading.moddiscovery.ModFileInfo/LOADING]: Found valid mod file jei-1.20.1-forge-15.20.0.129.jar with {jei} mods - versions {15.20.0.129}
[18Apr2026 00:44:32.359] [main/DEBUG] [net.minecraftforge.fml.loading.moddiscovery.ModFile/LOADING]: Loading mod file /workspaces/servidor-de-gays/servidor_minecraft/mods/jei-1.20.1-forge-15.20.0.129.jar with languages [LanguageSpec[languageName=javafml, acceptedVersions=[47,)]]
[18Apr2026 00:44:32.359] [main/DEBUG] [net.minecraftforge.fml.loading.moddiscovery.ModFileParser/LOADING]: Considering mod file candidate 
[18Apr2026 00:44:32.359] [main/DEBUG] [net.minecraftforge.fml.loading.moddiscovery.ModFileInfo/LOADING]: Found valid mod file xaerolib-forge-1.20.1-1.1.0.jar with {xaerolib} mods - versions {1.1.0}
[18Apr2026 00:44:32.359] [main/DEBUG] [net.minecraftforge.fml.loading.moddiscovery.ModFile/LOADING]: Loading mod file  with languages [LanguageSpec[languageName=javafml, acceptedVersions=[46,48)]]
[18Apr2026 00:44:32.359] [main/DEBUG] [net.minecraftforge.fml.loading.moddiscovery.ModFileParser/LOADING]: Considering mod file candidate /workspaces/servidor-de-gays/servidor_minecraft/mods/The_Graveyard_3.1_(FORGE)_for_1.20.1.jar
[18Apr2026 00:44:32.360] [main/DEBUG] [net.minecraftforge.fml.loading.moddiscovery.ModFileInfo/LOADING]: Found valid mod file The_Graveyard_3.1_(FORGE)_for_1.20.1.jar with {graveyard} mods - versions {3.1}
[18Apr2026 00:44:32.360] [main/DEBUG] [net.minecraftforge.fml.loading.moddiscovery.ModFile/LOADING]: Loading mod file /workspaces/servidor-de-gays/servidor_minecraft/mods/The_Graveyard_3.1_(FORGE)_for_1.20.1.jar with languages [LanguageSpec[languageName=javafml, acceptedVersions=[37,)]]
[18Apr2026 00:44:32.360] [main/DEBUG] [net.minecraftforge.fml.loading.moddiscovery.ModFileParser/LOADING]: Considering mod file candidate /workspaces/servidor-de-gays/servidor_minecraft/mods/YungsBetterOceanMonuments-1.20-Forge-3.0.4.jar
[18Apr2026 00:44:32.361] [main/DEBUG] [net.minecraftforge.fml.loading.moddiscovery.ModFileInfo/LOADING]: Found valid mod file YungsBetterOceanMonuments-1.20-Forge-3.0.4.jar with {betteroceanmonuments} mods - versions {1.20-Forge-3.0.4}
[18Apr2026 00:44:32.361] [main/DEBUG] [net.minecraftforge.fml.loading.moddiscovery.ModFile/LOADING]: Loading mod file /workspaces/servidor-de-gays/servidor_minecraft/mods/YungsBetterOceanMonuments-1.20-Forge-3.0.4.jar with languages [LanguageSpec[languageName=javafml, acceptedVersions=[46,)]]
[18Apr2026 00:44:32.361] [main/DEBUG] [net.minecraftforge.fml.loading.moddiscovery.ModFileParser/LOADING]: Considering mod file candidate /workspaces/servidor-de-gays/servidor_minecraft/mods/goblintraders-forge-1.20.1-1.11.5.jar
[18Apr2026 00:44:32.361] [main/DEBUG] [net.minecraftforge.fml.loading.moddiscovery.ModFileInfo/LOADING]: Found valid mod file goblintraders-forge-1.20.1-1.11.5.jar with {goblintraders} mods - versions {1.11.5}
[18Apr2026 00:44:32.362] [main/DEBUG] [net.minecraftforge.fml.loading.moddiscovery.ModFile/LOADING]: Loading mod file /workspaces/servidor-de-gays/servidor_minecraft/mods/goblintraders-forge-1.20.1-1.11.5.jar with languages [LanguageSpec[languageName=javafml, acceptedVersions=[39,)]]
[18Apr2026 00:44:32.362] [main/DEBUG] [net.minecraftforge.fml.loading.moddiscovery.ModFileParser/LOADING]: Considering mod file candidate /workspaces/servidor-de-gays/servidor_minecraft/mods/libraryferret-forge-1.20.1-4.0.0.jar
[18Apr2026 00:44:32.362] [main/DEBUG] [net.minecraftforge.fml.loading.moddiscovery.ModFileInfo/LOADING]: Found valid mod file libraryferret-forge-1.20.1-4.0.0.jar with {libraryferret} mods - versions {4.0.0}
[18Apr2026 00:44:32.362] [main/DEBUG] [net.minecraftforge.fml.loading.moddiscovery.ModFile/LOADING]: Loading mod file /workspaces/servidor-de-gays/servidor_minecraft/mods/libraryferret-forge-1.20.1-4.0.0.jar with languages [LanguageSpec[languageName=javafml, acceptedVersions=[47,)]]
[18Apr2026 00:44:32.362] [main/DEBUG] [net.minecraftforge.fml.loading.moddiscovery.ModFileParser/LOADING]: Considering mod file candidate /workspaces/servidor-de-gays/servidor_minecraft/mods/dynamiclights-1.20.1.2.jar
[18Apr2026 00:44:32.363] [main/DEBUG] [net.minecraftforge.fml.loading.moddiscovery.ModFileInfo/LOADING]: Found valid mod file dynamiclights-1.20.1.2.jar with {dynamiclights} mods - versions {1.20.1.2}
[18Apr2026 00:44:32.363] [main/DEBUG] [net.minecraftforge.fml.loading.moddiscovery.ModFile/LOADING]: Loading mod file /workspaces/servidor-de-gays/servidor_minecraft/mods/dynamiclights-1.20.1.2.jar with languages [LanguageSpec[languageName=javafml, acceptedVersions=[37,)]]
[18Apr2026 00:44:32.363] [main/DEBUG] [net.minecraftforge.fml.loading.moddiscovery.ModFileParser/LOADING]: Considering mod file candidate /workspaces/servidor-de-gays/servidor_minecraft/mods/chloride-FORGE-mc1.20.1-v1.7.5.jar
[18Apr2026 00:44:32.364] [main/DEBUG] [net.minecraftforge.fml.loading.moddiscovery.ModFileInfo/LOADING]: Found valid mod file chloride-FORGE-mc1.20.1-v1.7.5.jar with {chloride} mods - versions {1.7.5}
[18Apr2026 00:44:32.364] [main/DEBUG] [net.minecraftforge.fml.loading.moddiscovery.ModFile/LOADING]: Loading mod file /workspaces/servidor-de-gays/servidor_minecraft/mods/chloride-FORGE-mc1.20.1-v1.7.5.jar with languages [LanguageSpec[languageName=javafml, acceptedVersions=[47,48)]]
[18Apr2026 00:44:32.364] [main/DEBUG] [net.minecraftforge.fml.loading.moddiscovery.ModFileParser/LOADING]: Considering mod file candidate /workspaces/servidor-de-gays/servidor_minecraft/mods/xaeroworldmap-forge-1.20.1-1.40.11.jar
[18Apr2026 00:44:32.364] [main/DEBUG] [net.minecraftforge.fml.loading.moddiscovery.ModFileInfo/LOADING]: Found valid mod file xaeroworldmap-forge-1.20.1-1.40.11.jar with {xaeroworldmap} mods - versions {1.40.11}
[18Apr2026 00:44:32.365] [main/DEBUG] [net.minecraftforge.fml.loading.moddiscovery.ModFile/LOADING]: Loading mod file /workspaces/servidor-de-gays/servidor_minecraft/mods/xaeroworldmap-forge-1.20.1-1.40.11.jar with languages [LanguageSpec[languageName=javafml, acceptedVersions=[46,48)]]
[18Apr2026 00:44:32.367] [main/DEBUG] [net.minecraftforge.fml.loading.moddiscovery.ModFileParser/LOADING]: Found coremod xaeroworldmap_core with Javascript path META-INF/xaeroworldmap_core.js
[18Apr2026 00:44:32.367] [main/DEBUG] [net.minecraftforge.fml.loading.moddiscovery.ModFile/LOADING]: Found coremod META-INF/xaeroworldmap_core.js
[18Apr2026 00:44:32.367] [main/DEBUG] [net.minecraftforge.fml.loading.moddiscovery.ModFileParser/LOADING]: Considering mod file candidate /workspaces/servidor-de-gays/servidor_minecraft/mods/citadel-2.6.3-1.20.1.jar
[18Apr2026 00:44:32.368] [main/DEBUG] [net.minecraftforge.fml.loading.moddiscovery.ModFileInfo/LOADING]: Found valid mod file citadel-2.6.3-1.20.1.jar with {citadel} mods - versions {2.6.3}
[18Apr2026 00:44:32.368] [main/DEBUG] [net.minecraftforge.fml.loading.moddiscovery.ModFile/LOADING]: Loading mod file /workspaces/servidor-de-gays/servidor_minecraft/mods/citadel-2.6.3-1.20.1.jar with languages [LanguageSpec[languageName=javafml, acceptedVersions=[47,)]]
[18Apr2026 00:44:32.368] [main/DEBUG] [net.minecraftforge.fml.loading.moddiscovery.ModFileParser/LOADING]: Considering mod file candidate /workspaces/servidor-de-gays/servidor_minecraft/mods/lootintegrations-1.20.1-4.7.jar
[18Apr2026 00:44:32.369] [main/DEBUG] [net.minecraftforge.fml.loading.moddiscovery.ModFileInfo/LOADING]: Found valid mod file lootintegrations-1.20.1-4.7.jar with {lootintegrations} mods - versions {1.20.1-4.7}
[18Apr2026 00:44:32.369] [main/DEBUG] [net.minecraftforge.fml.loading.moddiscovery.ModFile/LOADING]: Loading mod file /workspaces/servidor-de-gays/servidor_minecraft/mods/lootintegrations-1.20.1-4.7.jar with languages [LanguageSpec[languageName=javafml, acceptedVersions=[36,)]]
[18Apr2026 00:44:32.369] [main/DEBUG] [net.minecraftforge.fml.loading.moddiscovery.ModFileParser/LOADING]: Considering mod file candidate /workspaces/servidor-de-gays/servidor_minecraft/mods/travelersbackpack-forge-1.20.1-9.1.53.jar
[18Apr2026 00:44:32.369] [main/DEBUG] [net.minecraftforge.fml.loading.moddiscovery.ModFileInfo/LOADING]: Found valid mod file travelersbackpack-forge-1.20.1-9.1.53.jar with {travelersbackpack} mods - versions {9.1.53}
[18Apr2026 00:44:32.370] [main/DEBUG] [net.minecraftforge.fml.loading.moddiscovery.ModFile/LOADING]: Loading mod file /workspaces/servidor-de-gays/servidor_minecraft/mods/travelersbackpack-forge-1.20.1-9.1.53.jar with languages [LanguageSpec[languageName=javafml, acceptedVersions=[46,)]]
[18Apr2026 00:44:32.370] [main/DEBUG] [net.minecraftforge.fml.loading.moddiscovery.ModFileParser/LOADING]: Considering mod file candidate /workspaces/servidor-de-gays/servidor_minecraft/mods/YungsApi-1.20-Forge-4.0.6.jar
[18Apr2026 00:44:32.370] [main/DEBUG] [net.minecraftforge.fml.loading.moddiscovery.ModFileInfo/LOADING]: Found valid mod file YungsApi-1.20-Forge-4.0.6.jar with {yungsapi} mods - versions {1.20-Forge-4.0.6}
[18Apr2026 00:44:32.370] [main/DEBUG] [net.minecraftforge.fml.loading.moddiscovery.ModFile/LOADING]: Loading mod file /workspaces/servidor-de-gays/servidor_minecraft/mods/YungsApi-1.20-Forge-4.0.6.jar with languages [LanguageSpec[languageName=javafml, acceptedVersions=[46,)]]
[18Apr2026 00:44:32.370] [main/DEBUG] [net.minecraftforge.fml.loading.moddiscovery.ModFileParser/LOADING]: Considering mod file candidate /workspaces/servidor-de-gays/servidor_minecraft/mods/Dungeon Crawl-1.20.1-2.3.15.jar
[18Apr2026 00:44:32.371] [main/DEBUG] [net.minecraftforge.fml.loading.moddiscovery.ModFileInfo/LOADING]: Found valid mod file Dungeon Crawl-1.20.1-2.3.15.jar with {dungeoncrawl} mods - versions {2.3.15}
[18Apr2026 00:44:32.371] [main/DEBUG] [net.minecraftforge.fml.loading.moddiscovery.ModFile/LOADING]: Loading mod file /workspaces/servidor-de-gays/servidor_minecraft/mods/Dungeon Crawl-1.20.1-2.3.15.jar with languages [LanguageSpec[languageName=javafml, acceptedVersions=[47,)]]
[18Apr2026 00:44:32.371] [main/DEBUG] [net.minecraftforge.fml.loading.moddiscovery.ModFileParser/LOADING]: Considering mod file candidate /workspaces/servidor-de-gays/servidor_minecraft/mods/relics-1.20.1-0.8.0.13.jar
[18Apr2026 00:44:32.372] [main/DEBUG] [net.minecraftforge.fml.loading.moddiscovery.ModFileInfo/LOADING]: Found valid mod file relics-1.20.1-0.8.0.13.jar with {relics} mods - versions {0.8.0.13}
[18Apr2026 00:44:32.372] [main/DEBUG] [net.minecraftforge.fml.loading.moddiscovery.ModFile/LOADING]: Loading mod file /workspaces/servidor-de-gays/servidor_minecraft/mods/relics-1.20.1-0.8.0.13.jar with languages [LanguageSpec[languageName=javafml, acceptedVersions=[47,)]]
[18Apr2026 00:44:32.372] [main/DEBUG] [net.minecraftforge.fml.loading.moddiscovery.ModFileParser/LOADING]: Considering mod file candidate /workspaces/servidor-de-gays/servidor_minecraft/mods/takesapillage-1.0.3-1.20.1.jar
[18Apr2026 00:44:32.372] [main/DEBUG] [net.minecraftforge.fml.loading.moddiscovery.ModFileInfo/LOADING]: Found valid mod file takesapillage-1.0.3-1.20.1.jar with {takesapillage} mods - versions {1.0.3}
[18Apr2026 00:44:32.372] [main/DEBUG] [net.minecraftforge.fml.loading.moddiscovery.ModFile/LOADING]: Loading mod file /workspaces/servidor-de-gays/servidor_minecraft/mods/takesapillage-1.0.3-1.20.1.jar with languages [LanguageSpec[languageName=javafml, acceptedVersions=[46,)]]
[18Apr2026 00:44:32.372] [main/DEBUG] [net.minecraftforge.fml.loading.moddiscovery.ModFileParser/LOADING]: Considering mod file candidate /workspaces/servidor-de-gays/servidor_minecraft/mods/YungsBetterDesertTemples-1.20-Forge-3.0.3.jar
[18Apr2026 00:44:32.373] [main/DEBUG] [net.minecraftforge.fml.loading.moddiscovery.ModFileInfo/LOADING]: Found valid mod file YungsBetterDesertTemples-1.20-Forge-3.0.3.jar with {betterdeserttemples} mods - versions {1.20-Forge-3.0.3}
[18Apr2026 00:44:32.373] [main/DEBUG] [net.minecraftforge.fml.loading.moddiscovery.ModFile/LOADING]: Loading mod file /workspaces/servidor-de-gays/servidor_minecraft/mods/YungsBetterDesertTemples-1.20-Forge-3.0.3.jar with languages [LanguageSpec[languageName=javafml, acceptedVersions=[46,)]]
[18Apr2026 00:44:32.373] [main/DEBUG] [net.minecraftforge.fml.loading.moddiscovery.ModFileParser/LOADING]: Considering mod file candidate /workspaces/servidor-de-gays/servidor_minecraft/mods/bygonenether-1.3.2-1.20.x.jar
[18Apr2026 00:44:32.374] [main/DEBUG] [net.minecraftforge.fml.loading.moddiscovery.ModFileInfo/LOADING]: Found valid mod file bygonenether-1.3.2-1.20.x.jar with {bygonenether} mods - versions {1.3.2}
[18Apr2026 00:44:32.374] [main/DEBUG] [net.minecraftforge.fml.loading.moddiscovery.ModFile/LOADING]: Loading mod file /workspaces/servidor-de-gays/servidor_minecraft/mods/bygonenether-1.3.2-1.20.x.jar with languages [LanguageSpec[languageName=javafml, acceptedVersions=[46,)]]
[18Apr2026 00:44:32.374] [main/DEBUG] [net.minecraftforge.fml.loading.moddiscovery.ModFileParser/LOADING]: Considering mod file candidate /workspaces/servidor-de-gays/servidor_minecraft/mods/ramcompat-1.20.1-0.1.4.jar
[18Apr2026 00:44:32.374] [main/DEBUG] [net.minecraftforge.fml.loading.moddiscovery.ModFileInfo/LOADING]: Found valid mod file ramcompat-1.20.1-0.1.4.jar with {ramcompat} mods - versions {0.1.4}
[18Apr2026 00:44:32.374] [main/DEBUG] [net.minecraftforge.fml.loading.moddiscovery.ModFile/LOADING]: Loading mod file /workspaces/servidor-de-gays/servidor_minecraft/mods/ramcompat-1.20.1-0.1.4.jar with languages [LanguageSpec[languageName=javafml, acceptedVersions=[47,)]]
[18Apr2026 00:44:32.375] [main/DEBUG] [net.minecraftforge.fml.loading.moddiscovery.ModFileParser/LOADING]: Considering mod file candidate /workspaces/servidor-de-gays/servidor_minecraft/mods/DungeonsAriseSevenSeas-1.20.x-1.0.2-forge.jar
[18Apr2026 00:44:32.375] [main/DEBUG] [net.minecraftforge.fml.loading.moddiscovery.ModFileInfo/LOADING]: Found valid mod file DungeonsAriseSevenSeas-1.20.x-1.0.2-forge.jar with {dungeons_arise_seven_seas} mods - versions {1.0.2}
[18Apr2026 00:44:32.375] [main/DEBUG] [net.minecraftforge.fml.loading.moddiscovery.ModFile/LOADING]: Loading mod file /workspaces/servidor-de-gays/servidor_minecraft/mods/DungeonsAriseSevenSeas-1.20.x-1.0.2-forge.jar with languages [LanguageSpec[languageName=javafml, acceptedVersions=[43,)]]
[18Apr2026 00:44:32.375] [main/DEBUG] [net.minecraftforge.fml.loading.moddiscovery.ModFileParser/LOADING]: Considering mod file candidate /workspaces/servidor-de-gays/servidor_minecraft/mods/ftb-teams-forge-2001.3.2.jar
[18Apr2026 00:44:32.376] [main/DEBUG] [net.minecraftforge.fml.loading.moddiscovery.ModFileInfo/LOADING]: Found valid mod file ftb-teams-forge-2001.3.2.jar with {ftbteams} mods - versions {2001.3.2}
[18Apr2026 00:44:32.376] [main/DEBUG] [net.minecraftforge.fml.loading.moddiscovery.ModFile/LOADING]: Loading mod file /workspaces/servidor-de-gays/servidor_minecraft/mods/ftb-teams-forge-2001.3.2.jar with languages [LanguageSpec[languageName=javafml, acceptedVersions=[47,)]]
[18Apr2026 00:44:32.376] [main/DEBUG] [net.minecraftforge.fml.loading.moddiscovery.ModFileParser/LOADING]: Considering mod file candidate /workspaces/servidor-de-gays/servidor_minecraft/mods/YungsBetterNetherFortresses-1.20-Forge-2.0.6.jar
[18Apr2026 00:44:32.376] [main/DEBUG] [net.minecraftforge.fml.loading.moddiscovery.ModFileInfo/LOADING]: Found valid mod file YungsBetterNetherFortresses-1.20-Forge-2.0.6.jar with {betterfortresses} mods - versions {1.20-Forge-2.0.6}
[18Apr2026 00:44:32.377] [main/DEBUG] [net.minecraftforge.fml.loading.moddiscovery.ModFile/LOADING]: Loading mod file /workspaces/servidor-de-gays/servidor_minecraft/mods/YungsBetterNetherFortresses-1.20-Forge-2.0.6.jar with languages [LanguageSpec[languageName=javafml, acceptedVersions=[46,)]]
[18Apr2026 00:44:32.377] [main/DEBUG] [net.minecraftforge.fml.loading.moddiscovery.ModFileParser/LOADING]: Considering mod file candidate /workspaces/servidor-de-gays/servidor_minecraft/mods/More Villager Trades 1.0.0 - 1.20.1.jar
[18Apr2026 00:44:32.377] [main/DEBUG] [net.minecraftforge.fml.loading.moddiscovery.ModFileInfo/LOADING]: Found valid mod file More Villager Trades 1.0.0 - 1.20.1.jar with {more_villager_trades} mods - versions {1.0.0}
[18Apr2026 00:44:32.377] [main/DEBUG] [net.minecraftforge.fml.loading.moddiscovery.ModFile/LOADING]: Loading mod file /workspaces/servidor-de-gays/servidor_minecraft/mods/More Villager Trades 1.0.0 - 1.20.1.jar with languages [LanguageSpec[languageName=javafml, acceptedVersions=[47,)]]
[18Apr2026 00:44:32.378] [main/DEBUG] [net.minecraftforge.fml.loading.moddiscovery.ModFileParser/LOADING]: Considering mod file candidate /workspaces/servidor-de-gays/servidor_minecraft/libraries/net/minecraftforge/forge/1.20.1-47.3.7/forge-1.20.1-47.3.7-universal.jar
[18Apr2026 00:44:32.378] [main/DEBUG] [net.minecraftforge.fml.loading.moddiscovery.ModFileInfo/LOADING]: Found valid mod file forge-1.20.1-47.3.7-universal.jar with {forge} mods - versions {47.3.7}
[18Apr2026 00:44:32.378] [main/DEBUG] [net.minecraftforge.fml.loading.moddiscovery.ModFile/LOADING]: Loading mod file /workspaces/servidor-de-gays/servidor_minecraft/libraries/net/minecraftforge/forge/1.20.1-47.3.7/forge-1.20.1-47.3.7-universal.jar with languages [LanguageSpec[languageName=javafml, acceptedVersions=[24,]]]
[18Apr2026 00:44:32.378] [main/DEBUG] [net.minecraftforge.fml.loading.moddiscovery.ModFileParser/LOADING]: Found coremod field_to_method with Javascript path coremods/field_to_method.js
[18Apr2026 00:44:32.379] [main/DEBUG] [net.minecraftforge.fml.loading.moddiscovery.ModFileParser/LOADING]: Found coremod field_to_instanceof with Javascript path coremods/field_to_instanceof.js
[18Apr2026 00:44:32.379] [main/DEBUG] [net.minecraftforge.fml.loading.moddiscovery.ModFileParser/LOADING]: Found coremod add_bouncer_method with Javascript path coremods/add_bouncer_method.js
[18Apr2026 00:44:32.379] [main/DEBUG] [net.minecraftforge.fml.loading.moddiscovery.ModFileParser/LOADING]: Found coremod method_redirector with Javascript path coremods/method_redirector.js
[18Apr2026 00:44:32.379] [main/DEBUG] [net.minecraftforge.fml.loading.moddiscovery.ModFile/LOADING]: Found coremod coremods/field_to_method.js
[18Apr2026 00:44:32.379] [main/DEBUG] [net.minecraftforge.fml.loading.moddiscovery.ModFile/LOADING]: Found coremod coremods/field_to_instanceof.js
[18Apr2026 00:44:32.379] [main/DEBUG] [net.minecraftforge.fml.loading.moddiscovery.ModFile/LOADING]: Found coremod coremods/add_bouncer_method.js
[18Apr2026 00:44:32.379] [main/DEBUG] [net.minecraftforge.fml.loading.moddiscovery.ModFile/LOADING]: Found coremod coremods/method_redirector.js
[18Apr2026 00:44:32.379] [main/DEBUG] [net.minecraftforge.fml.loading.moddiscovery.ModFileParser/LOADING]: Considering mod file candidate /workspaces/servidor-de-gays/servidor_minecraft/mods/lootintegrations_lootintegrations_bygonepillage-1.2.jar
[18Apr2026 00:44:32.379] [main/DEBUG] [net.minecraftforge.fml.loading.moddiscovery.ModFileInfo/LOADING]: Found valid mod file lootintegrations_lootintegrations_bygonepillage-1.2.jar with {lootintegrations_bygonepillage} mods - versions {1}
[18Apr2026 00:44:32.380] [main/DEBUG] [net.minecraftforge.fml.loading.moddiscovery.ModFile/LOADING]: Loading mod file /workspaces/servidor-de-gays/servidor_minecraft/mods/lootintegrations_lootintegrations_bygonepillage-1.2.jar with languages [LanguageSpec[languageName=lowcodefml, acceptedVersions=[0,)]]
[18Apr2026 00:44:32.380] [main/DEBUG] [net.minecraftforge.fml.loading.moddiscovery.ModFileParser/LOADING]: Considering mod file candidate /workspaces/servidor-de-gays/servidor_minecraft/mods/DungeonsArise-1.20.x-2.1.58-release.jar
[18Apr2026 00:44:32.380] [main/DEBUG] [net.minecraftforge.fml.loading.moddiscovery.ModFileInfo/LOADING]: Found valid mod file DungeonsArise-1.20.x-2.1.58-release.jar with {dungeons_arise} mods - versions {2.1.58-1.20.x}
[18Apr2026 00:44:32.380] [main/DEBUG] [net.minecraftforge.fml.loading.moddiscovery.ModFile/LOADING]: Loading mod file /workspaces/servidor-de-gays/servidor_minecraft/mods/DungeonsArise-1.20.x-2.1.58-release.jar with languages [LanguageSpec[languageName=javafml, acceptedVersions=[41,)]]
[18Apr2026 00:44:32.380] [main/DEBUG] [net.minecraftforge.fml.loading.moddiscovery.ModFileParser/LOADING]: Considering mod file candidate /workspaces/servidor-de-gays/servidor_minecraft/mods/FarmersDelight-1.20.1-1.2.11.jar
[18Apr2026 00:44:32.381] [main/DEBUG] [net.minecraftforge.fml.loading.moddiscovery.ModFileInfo/LOADING]: Found valid mod file FarmersDelight-1.20.1-1.2.11.jar with {farmersdelight} mods - versions {1.20.1-1.2.11}
[18Apr2026 00:44:32.381] [main/DEBUG] [net.minecraftforge.fml.loading.moddiscovery.ModFile/LOADING]: Loading mod file /workspaces/servidor-de-gays/servidor_minecraft/mods/FarmersDelight-1.20.1-1.2.11.jar with languages [LanguageSpec[languageName=javafml, acceptedVersions=[46,)]]
[18Apr2026 00:44:32.381] [main/DEBUG] [net.minecraftforge.fml.loading.moddiscovery.ModFileInfo/LOADING]: Found valid mod file server-1.20.1-20230612.114412-srg.jar with {minecraft} mods - versions {1.20.1}
[18Apr2026 00:44:32.381] [main/DEBUG] [net.minecraftforge.fml.loading.moddiscovery.ModFile/LOADING]: Loading mod file /workspaces/servidor-de-gays/servidor_minecraft/libraries/net/minecraft/server/1.20.1-20230612.114412/server-1.20.1-20230612.114412-srg.jar with languages [LanguageSpec[languageName=minecraft, acceptedVersions=1]]
[18Apr2026 00:44:32.381] [main/DEBUG] [net.minecraftforge.fml.loading.moddiscovery.ModFileParser/LOADING]: Considering mod file candidate /workspaces/servidor-de-gays/servidor_minecraft/mods/alexscaves-2.0.2.jar
[18Apr2026 00:44:32.382] [main/DEBUG] [net.minecraftforge.fml.loading.moddiscovery.ModFileInfo/LOADING]: Found valid mod file alexscaves-2.0.2.jar with {alexscaves} mods - versions {2.0.2}
[18Apr2026 00:44:32.382] [main/DEBUG] [net.minecraftforge.fml.loading.moddiscovery.ModFile/LOADING]: Loading mod file /workspaces/servidor-de-gays/servidor_minecraft/mods/alexscaves-2.0.2.jar with languages [LanguageSpec[languageName=javafml, acceptedVersions=[46,)]]
[18Apr2026 00:44:32.382] [main/DEBUG] [net.minecraftforge.fml.loading.moddiscovery.ModFileParser/LOADING]: Considering mod file candidate /workspaces/servidor-de-gays/servidor_minecraft/mods/lootintegrations_vanilla-1.5.jar
[18Apr2026 00:44:32.382] [main/DEBUG] [net.minecraftforge.fml.loading.moddiscovery.ModFileInfo/LOADING]: Found valid mod file lootintegrations_vanilla-1.5.jar with {lootintegrations_vanilla} mods - versions {1}
[18Apr2026 00:44:32.383] [main/DEBUG] [net.minecraftforge.fml.loading.moddiscovery.ModFile/LOADING]: Loading mod file /workspaces/servidor-de-gays/servidor_minecraft/mods/lootintegrations_vanilla-1.5.jar with languages [LanguageSpec[languageName=lowcodefml, acceptedVersions=[0,)]]
[18Apr2026 00:44:32.383] [main/DEBUG] [net.minecraftforge.fml.loading.moddiscovery.ModFileParser/LOADING]: Considering mod file candidate /workspaces/servidor-de-gays/servidor_minecraft/mods/morevillagers-forge-1.20.1-5.0.0.jar
[18Apr2026 00:44:32.383] [main/DEBUG] [net.minecraftforge.fml.loading.moddiscovery.ModFileInfo/LOADING]: Found valid mod file morevillagers-forge-1.20.1-5.0.0.jar with {morevillagers} mods - versions {5.0.0}
[18Apr2026 00:44:32.383] [main/DEBUG] [net.minecraftforge.fml.loading.moddiscovery.ModFile/LOADING]: Loading mod file /workspaces/servidor-de-gays/servidor_minecraft/mods/morevillagers-forge-1.20.1-5.0.0.jar with languages [LanguageSpec[languageName=javafml, acceptedVersions=[41,)]]
[18Apr2026 00:44:32.383] [main/DEBUG] [net.minecraftforge.fml.loading.moddiscovery.ModFileParser/LOADING]: Considering mod file candidate /workspaces/servidor-de-gays/servidor_minecraft/mods/lootintegration_wda-1.7.jar
[18Apr2026 00:44:32.384] [main/DEBUG] [net.minecraftforge.fml.loading.moddiscovery.ModFileInfo/LOADING]: Found valid mod file lootintegration_wda-1.7.jar with {lootintegration_wda} mods - versions {1}
[18Apr2026 00:44:32.384] [main/DEBUG] [net.minecraftforge.fml.loading.moddiscovery.ModFile/LOADING]: Loading mod file /workspaces/servidor-de-gays/servidor_minecraft/mods/lootintegration_wda-1.7.jar with languages [LanguageSpec[languageName=lowcodefml, acceptedVersions=[0,)]]
[18Apr2026 00:44:32.384] [main/DEBUG] [net.minecraftforge.fml.loading.moddiscovery.ModFileParser/LOADING]: Considering mod file candidate /workspaces/servidor-de-gays/servidor_minecraft/mods/MouseTweaks-forge-mc1.20.1-2.25.1.jar
[18Apr2026 00:44:32.384] [main/DEBUG] [net.minecraftforge.fml.loading.moddiscovery.ModFileInfo/LOADING]: Found valid mod file MouseTweaks-forge-mc1.20.1-2.25.1.jar with {mousetweaks} mods - versions {2.25.1}
[18Apr2026 00:44:32.385] [main/DEBUG] [net.minecraftforge.fml.loading.moddiscovery.ModFile/LOADING]: Loading mod file /workspaces/servidor-de-gays/servidor_minecraft/mods/MouseTweaks-forge-mc1.20.1-2.25.1.jar with languages [LanguageSpec[languageName=javafml, acceptedVersions=[46,)]]
[18Apr2026 00:44:32.385] [main/DEBUG] [net.minecraftforge.fml.loading.moddiscovery.ModFileParser/LOADING]: Considering mod file candidate /workspaces/servidor-de-gays/servidor_minecraft/mods/fantasy_armor-forge-1.2.4-1.20.1.jar
[18Apr2026 00:44:32.385] [main/DEBUG] [net.minecraftforge.fml.loading.moddiscovery.ModFileInfo/LOADING]: Found valid mod file fantasy_armor-forge-1.2.4-1.20.1.jar with {fantasy_armor} mods - versions {1.2.4-1.20.1}
[18Apr2026 00:44:32.385] [main/DEBUG] [net.minecraftforge.fml.loading.moddiscovery.ModFile/LOADING]: Loading mod file /workspaces/servidor-de-gays/servidor_minecraft/mods/fantasy_armor-forge-1.2.4-1.20.1.jar with languages [LanguageSpec[languageName=javafml, acceptedVersions=[47,)]]
[18Apr2026 00:44:32.385] [main/DEBUG] [net.minecraftforge.fml.loading.moddiscovery.ModFileParser/LOADING]: Considering mod file candidate /workspaces/servidor-de-gays/servidor_minecraft/mods/ftb-quests-forge-2001.4.21.jar
[18Apr2026 00:44:32.386] [main/DEBUG] [net.minecraftforge.fml.loading.moddiscovery.ModFileInfo/LOADING]: Found valid mod file ftb-quests-forge-2001.4.21.jar with {ftbquests} mods - versions {2001.4.21}
[18Apr2026 00:44:32.386] [main/DEBUG] [net.minecraftforge.fml.loading.moddiscovery.ModFile/LOADING]: Loading mod file /workspaces/servidor-de-gays/servidor_minecraft/mods/ftb-quests-forge-2001.4.21.jar with languages [LanguageSpec[languageName=javafml, acceptedVersions=[39,)]]
[18Apr2026 00:44:32.386] [main/DEBUG] [net.minecraftforge.fml.loading.moddiscovery.ModFileParser/LOADING]: Considering mod file candidate /workspaces/servidor-de-gays/servidor_minecraft/mods/YungsBridges-1.20-Forge-4.0.3.jar
[18Apr2026 00:44:32.387] [main/DEBUG] [net.minecraftforge.fml.loading.moddiscovery.ModFileInfo/LOADING]: Found valid mod file YungsBridges-1.20-Forge-4.0.3.jar with {yungsbridges} mods - versions {1.20-Forge-4.0.3}
[18Apr2026 00:44:32.387] [main/DEBUG] [net.minecraftforge.fml.loading.moddiscovery.ModFile/LOADING]: Loading mod file /workspaces/servidor-de-gays/servidor_minecraft/mods/YungsBridges-1.20-Forge-4.0.3.jar with languages [LanguageSpec[languageName=javafml, acceptedVersions=[46,)]]
[18Apr2026 00:44:32.387] [main/DEBUG] [net.minecraftforge.fml.loading.moddiscovery.ModFileParser/LOADING]: Considering mod file candidate /workspaces/servidor-de-gays/servidor_minecraft/mods/lootintegrations_yungs-1.4.jar
[18Apr2026 00:44:32.388] [main/DEBUG] [net.minecraftforge.fml.loading.moddiscovery.ModFileInfo/LOADING]: Found valid mod file lootintegrations_yungs-1.4.jar with {lootintegrations_yungs} mods - versions {1}
[18Apr2026 00:44:32.388] [main/DEBUG] [net.minecraftforge.fml.loading.moddiscovery.ModFile/LOADING]: Loading mod file /workspaces/servidor-de-gays/servidor_minecraft/mods/lootintegrations_yungs-1.4.jar with languages [LanguageSpec[languageName=lowcodefml, acceptedVersions=[0,)]]
[18Apr2026 00:44:32.388] [main/DEBUG] [net.minecraftforge.fml.loading.moddiscovery.ModFileParser/LOADING]: Considering mod file candidate /workspaces/servidor-de-gays/servidor_minecraft/mods/alexsmobsinteraction-5.4-all.jar
[18Apr2026 00:44:32.389] [main/DEBUG] [net.minecraftforge.fml.loading.moddiscovery.ModFileInfo/LOADING]: Found valid mod file alexsmobsinteraction-5.4-all.jar with {alexsmobsinteraction} mods - versions {5.4}
[18Apr2026 00:44:32.389] [main/DEBUG] [net.minecraftforge.fml.loading.moddiscovery.ModFile/LOADING]: Loading mod file /workspaces/servidor-de-gays/servidor_minecraft/mods/alexsmobsinteraction-5.4-all.jar with languages [LanguageSpec[languageName=javafml, acceptedVersions=[47,)]]
[18Apr2026 00:44:32.389] [main/DEBUG] [net.minecraftforge.fml.loading.moddiscovery.ModFileParser/LOADING]: Considering mod file candidate /workspaces/servidor-de-gays/servidor_minecraft/mods/lootintegrations_dungeoncrawl-1.2.jar
[18Apr2026 00:44:32.389] [main/DEBUG] [net.minecraftforge.fml.loading.moddiscovery.ModFileInfo/LOADING]: Found valid mod file lootintegrations_dungeoncrawl-1.2.jar with {lootintegrations_dungeoncrawl} mods - versions {1}
[18Apr2026 00:44:32.389] [main/DEBUG] [net.minecraftforge.fml.loading.moddiscovery.ModFile/LOADING]: Loading mod file /workspaces/servidor-de-gays/servidor_minecraft/mods/lootintegrations_dungeoncrawl-1.2.jar with languages [LanguageSpec[languageName=lowcodefml, acceptedVersions=[0,)]]
[18Apr2026 00:44:32.389] [main/DEBUG] [net.minecraftforge.fml.loading.moddiscovery.ModFileParser/LOADING]: Considering mod file candidate /workspaces/servidor-de-gays/servidor_minecraft/mods/curios-forge-5.14.1+1.20.1.jar
[18Apr2026 00:44:32.390] [main/DEBUG] [net.minecraftforge.fml.loading.moddiscovery.ModFileInfo/LOADING]: Found valid mod file curios-forge-5.14.1+1.20.1.jar with {curios} mods - versions {5.14.1+1.20.1}
[18Apr2026 00:44:32.390] [main/DEBUG] [net.minecraftforge.fml.loading.moddiscovery.ModFile/LOADING]: Loading mod file /workspaces/servidor-de-gays/servidor_minecraft/mods/curios-forge-5.14.1+1.20.1.jar with languages [LanguageSpec[languageName=javafml, acceptedVersions=[41,)]]
[18Apr2026 00:44:32.390] [main/DEBUG] [net.minecraftforge.fml.loading.moddiscovery.ModFileParser/LOADING]: Considering mod file candidate /workspaces/servidor-de-gays/servidor_minecraft/mods/Patchouli-1.20.1-85-FORGE.jar
[18Apr2026 00:44:32.390] [main/DEBUG] [net.minecraftforge.fml.loading.moddiscovery.ModFileInfo/LOADING]: Found valid mod file Patchouli-1.20.1-85-FORGE.jar with {patchouli} mods - versions {1.20.1-85-FORGE}
[18Apr2026 00:44:32.391] [main/DEBUG] [net.minecraftforge.fml.loading.moddiscovery.ModFile/LOADING]: Loading mod file /workspaces/servidor-de-gays/servidor_minecraft/mods/Patchouli-1.20.1-85-FORGE.jar with languages [LanguageSpec[languageName=javafml, acceptedVersions=[47,)]]
[18Apr2026 00:44:32.391] [main/DEBUG] [net.minecraftforge.fml.loading.moddiscovery.ModFileParser/LOADING]: Considering mod file candidate /workspaces/servidor-de-gays/servidor_minecraft/mods/mes-1.4.6-1.20.jar
[18Apr2026 00:44:32.391] [main/DEBUG] [net.minecraftforge.fml.loading.moddiscovery.ModFileInfo/LOADING]: Found valid mod file mes-1.4.6-1.20.jar with {mes} mods - versions {1.4.6-1.20-forge}
[18Apr2026 00:44:32.391] [main/DEBUG] [net.minecraftforge.fml.loading.moddiscovery.ModFile/LOADING]: Loading mod file /workspaces/servidor-de-gays/servidor_minecraft/mods/mes-1.4.6-1.20.jar with languages [LanguageSpec[languageName=javafml, acceptedVersions=[46,)]]
[18Apr2026 00:44:32.391] [main/DEBUG] [net.minecraftforge.fml.loading.moddiscovery.ModFileParser/LOADING]: Considering mod file candidate /workspaces/servidor-de-gays/servidor_minecraft/mods/xaerominimap-forge-1.20.1-25.3.10.jar
[18Apr2026 00:44:32.392] [main/DEBUG] [net.minecraftforge.fml.loading.moddiscovery.ModFileInfo/LOADING]: Found valid mod file xaerominimap-forge-1.20.1-25.3.10.jar with {xaerominimap} mods - versions {25.3.10}
[18Apr2026 00:44:32.392] [main/DEBUG] [net.minecraftforge.fml.loading.moddiscovery.ModFile/LOADING]: Loading mod file /workspaces/servidor-de-gays/servidor_minecraft/mods/xaerominimap-forge-1.20.1-25.3.10.jar with languages [LanguageSpec[languageName=javafml, acceptedVersions=[46,48)]]
[18Apr2026 00:44:32.393] [main/DEBUG] [net.minecraftforge.fml.loading.moddiscovery.ModFileParser/LOADING]: Found coremod xaerohud_core with Javascript path META-INF/xaerohud_core.js
[18Apr2026 00:44:32.393] [main/DEBUG] [net.minecraftforge.fml.loading.moddiscovery.ModFile/LOADING]: Found coremod META-INF/xaerohud_core.js
[18Apr2026 00:44:32.393] [main/DEBUG] [net.minecraftforge.fml.loading.moddiscovery.ModFileParser/LOADING]: Considering mod file candidate /workspaces/servidor-de-gays/servidor_minecraft/mods/goblins-0.9-forge-1.20.1.jar
[18Apr2026 00:44:32.393] [main/DEBUG] [net.minecraftforge.fml.loading.moddiscovery.ModFileInfo/LOADING]: Found valid mod file goblins-0.9-forge-1.20.1.jar with {goblins} mods - versions {0.9}
[18Apr2026 00:44:32.393] [main/DEBUG] [net.minecraftforge.fml.loading.moddiscovery.ModFile/LOADING]: Loading mod file /workspaces/servidor-de-gays/servidor_minecraft/mods/goblins-0.9-forge-1.20.1.jar with languages [LanguageSpec[languageName=javafml, acceptedVersions=[47,)]]
[18Apr2026 00:44:32.393] [main/DEBUG] [net.minecraftforge.fml.loading.moddiscovery.ModFileParser/LOADING]: Considering mod file candidate /workspaces/servidor-de-gays/servidor_minecraft/mods/YungsExtras-1.20-Forge-4.0.3.jar
[18Apr2026 00:44:32.394] [main/DEBUG] [net.minecraftforge.fml.loading.moddiscovery.ModFileInfo/LOADING]: Found valid mod file YungsExtras-1.20-Forge-4.0.3.jar with {yungsextras} mods - versions {1.20-Forge-4.0.3}
[18Apr2026 00:44:32.394] [main/DEBUG] [net.minecraftforge.fml.loading.moddiscovery.ModFile/LOADING]: Loading mod file /workspaces/servidor-de-gays/servidor_minecraft/mods/YungsExtras-1.20-Forge-4.0.3.jar with languages [LanguageSpec[languageName=javafml, acceptedVersions=[46,)]]
[18Apr2026 00:44:32.394] [main/DEBUG] [net.minecraftforge.fml.loading.moddiscovery.ModFileParser/LOADING]: Considering mod file candidate /workspaces/servidor-de-gays/servidor_minecraft/mods/bettervillage-forge-1.20.1-3.3.1-all.jar
[18Apr2026 00:44:32.395] [main/DEBUG] [net.minecraftforge.fml.loading.moddiscovery.ModFileInfo/LOADING]: Found valid mod file bettervillage-forge-1.20.1-3.3.1-all.jar with {bettervillage} mods - versions {3.3.1}
[18Apr2026 00:44:32.395] [main/DEBUG] [net.minecraftforge.fml.loading.moddiscovery.ModFile/LOADING]: Loading mod file /workspaces/servidor-de-gays/servidor_minecraft/mods/bettervillage-forge-1.20.1-3.3.1-all.jar with languages [LanguageSpec[languageName=javafml, acceptedVersions=[0,)]]
[18Apr2026 00:44:32.395] [main/DEBUG] [net.minecraftforge.fml.loading.moddiscovery.ModFileParser/LOADING]: Considering mod file candidate /workspaces/servidor-de-gays/servidor_minecraft/mods/FarmersStructures-1.0.4-1.20.jar
[18Apr2026 00:44:32.395] [main/DEBUG] [net.minecraftforge.fml.loading.moddiscovery.ModFileInfo/LOADING]: Found valid mod file FarmersStructures-1.0.4-1.20.jar with {farmers_structures} mods - versions {1.0.4}
[18Apr2026 00:44:32.395] [main/DEBUG] [net.minecraftforge.fml.loading.moddiscovery.ModFile/LOADING]: Loading mod file /workspaces/servidor-de-gays/servidor_minecraft/mods/FarmersStructures-1.0.4-1.20.jar with languages [LanguageSpec[languageName=javafml, acceptedVersions=*]]
[18Apr2026 00:44:32.396] [main/DEBUG] [net.minecraftforge.fml.loading.moddiscovery.ModFileParser/LOADING]: Considering mod file candidate /workspaces/servidor-de-gays/servidor_minecraft/mods/YungsBetterStrongholds-1.20-Forge-4.0.3.jar
[18Apr2026 00:44:32.396] [main/DEBUG] [net.minecraftforge.fml.loading.moddiscovery.ModFileInfo/LOADING]: Found valid mod file YungsBetterStrongholds-1.20-Forge-4.0.3.jar with {betterstrongholds} mods - versions {1.20-Forge-4.0.3}
[18Apr2026 00:44:32.396] [main/DEBUG] [net.minecraftforge.fml.loading.moddiscovery.ModFile/LOADING]: Loading mod file /workspaces/servidor-de-gays/servidor_minecraft/mods/YungsBetterStrongholds-1.20-Forge-4.0.3.jar with languages [LanguageSpec[languageName=javafml, acceptedVersions=[46,)]]
[18Apr2026 00:44:32.396] [main/DEBUG] [net.minecraftforge.fml.loading.moddiscovery.ModFileParser/LOADING]: Considering mod file candidate /workspaces/servidor-de-gays/servidor_minecraft/mods/alexsdelight-1.5.jar
[18Apr2026 00:44:32.397] [main/DEBUG] [net.minecraftforge.fml.loading.moddiscovery.ModFileInfo/LOADING]: Found valid mod file alexsdelight-1.5.jar with {alexsdelight} mods - versions {1.5}
[18Apr2026 00:44:32.397] [main/DEBUG] [net.minecraftforge.fml.loading.moddiscovery.ModFile/LOADING]: Loading mod file /workspaces/servidor-de-gays/servidor_minecraft/mods/alexsdelight-1.5.jar with languages [LanguageSpec[languageName=javafml, acceptedVersions=[47,)]]
[18Apr2026 00:44:32.397] [main/DEBUG] [net.minecraftforge.fml.loading.moddiscovery.ModFileParser/LOADING]: Considering mod file candidate /workspaces/servidor-de-gays/servidor_minecraft/mods/appleskin-forge-mc1.20.1-2.5.1.jar
[18Apr2026 00:44:32.398] [main/DEBUG] [net.minecraftforge.fml.loading.moddiscovery.ModFileInfo/LOADING]: Found valid mod file appleskin-forge-mc1.20.1-2.5.1.jar with {appleskin} mods - versions {2.5.1+mc1.20.1}
[18Apr2026 00:44:32.398] [main/DEBUG] [net.minecraftforge.fml.loading.moddiscovery.ModFile/LOADING]: Loading mod file /workspaces/servidor-de-gays/servidor_minecraft/mods/appleskin-forge-mc1.20.1-2.5.1.jar with languages [LanguageSpec[languageName=javafml, acceptedVersions=[47,)]]
[18Apr2026 00:44:32.398] [main/DEBUG] [net.minecraftforge.fml.loading.moddiscovery.ModFileParser/LOADING]: Considering mod file candidate /workspaces/servidor-de-gays/servidor_minecraft/mods/architectury-9.2.14-forge.jar
[18Apr2026 00:44:32.398] [main/DEBUG] [net.minecraftforge.fml.loading.moddiscovery.ModFileInfo/LOADING]: Found valid mod file architectury-9.2.14-forge.jar with {architectury} mods - versions {9.2.14}
[18Apr2026 00:44:32.398] [main/DEBUG] [net.minecraftforge.fml.loading.moddiscovery.ModFile/LOADING]: Loading mod file /workspaces/servidor-de-gays/servidor_minecraft/mods/architectury-9.2.14-forge.jar with languages [LanguageSpec[languageName=javafml, acceptedVersions=[46,)]]
[18Apr2026 00:44:32.399] [main/DEBUG] [net.minecraftforge.fml.loading.moddiscovery.ModFileParser/LOADING]: Considering mod file candidate /workspaces/servidor-de-gays/servidor_minecraft/mods/MoogsVoyagerStructures-1.20-5.0.4.jar
[18Apr2026 00:44:32.399] [main/DEBUG] [net.minecraftforge.fml.loading.moddiscovery.ModFileInfo/LOADING]: Found valid mod file MoogsVoyagerStructures-1.20-5.0.4.jar with {mvs} mods - versions {5.0.4}
[18Apr2026 00:44:32.399] [main/DEBUG] [net.minecraftforge.fml.loading.moddiscovery.ModFile/LOADING]: Loading mod file /workspaces/servidor-de-gays/servidor_minecraft/mods/MoogsVoyagerStructures-1.20-5.0.4.jar with languages [LanguageSpec[languageName=lowcodefml, acceptedVersions=[40,)]]
[18Apr2026 00:44:32.399] [main/DEBUG] [net.minecraftforge.fml.loading.moddiscovery.ModFileParser/LOADING]: Considering mod file candidate /workspaces/servidor-de-gays/servidor_minecraft/mods/cupboard-1.20.1-3.7.jar
[18Apr2026 00:44:32.400] [main/DEBUG] [net.minecraftforge.fml.loading.moddiscovery.ModFileInfo/LOADING]: Found valid mod file cupboard-1.20.1-3.7.jar with {cupboard} mods - versions {1.20.1-3.7}
[18Apr2026 00:44:32.400] [main/DEBUG] [net.minecraftforge.fml.loading.moddiscovery.ModFile/LOADING]: Loading mod file /workspaces/servidor-de-gays/servidor_minecraft/mods/cupboard-1.20.1-3.7.jar with languages [LanguageSpec[languageName=javafml, acceptedVersions=[36,)]]
[18Apr2026 00:44:32.400] [main/DEBUG] [net.minecraftforge.fml.loading.moddiscovery.ModFileParser/LOADING]: Considering mod file candidate /workspaces/servidor-de-gays/servidor_minecraft/mods/wda-questline-1.20.1-1.0.0.jar
[18Apr2026 00:44:32.401] [main/DEBUG] [net.minecraftforge.fml.loading.moddiscovery.ModFileInfo/LOADING]: Found valid mod file wda-questline-1.20.1-1.0.0.jar with {wda_questline} mods - versions {1.1.0}
[18Apr2026 00:44:32.401] [main/DEBUG] [net.minecraftforge.fml.loading.moddiscovery.ModFile/LOADING]: Loading mod file /workspaces/servidor-de-gays/servidor_minecraft/mods/wda-questline-1.20.1-1.0.0.jar with languages [LanguageSpec[languageName=javafml, acceptedVersions=[47,)]]
[18Apr2026 00:44:32.401] [main/DEBUG] [net.minecraftforge.fml.loading.moddiscovery.ModFileParser/LOADING]: Considering mod file candidate /workspaces/servidor-de-gays/servidor_minecraft/mods/YungsBetterEndIsland-1.20-Forge-2.0.6.jar
[18Apr2026 00:44:32.401] [main/DEBUG] [net.minecraftforge.fml.loading.moddiscovery.ModFileInfo/LOADING]: Found valid mod file YungsBetterEndIsland-1.20-Forge-2.0.6.jar with {betterendisland} mods - versions {1.20-Forge-2.0.6}
[18Apr2026 00:44:32.401] [main/DEBUG] [net.minecraftforge.fml.loading.moddiscovery.ModFile/LOADING]: Loading mod file /workspaces/servidor-de-gays/servidor_minecraft/mods/YungsBetterEndIsland-1.20-Forge-2.0.6.jar with languages [LanguageSpec[languageName=javafml, acceptedVersions=[46,)]]
[18Apr2026 00:44:32.402] [main/DEBUG] [net.minecraftforge.fml.loading.moddiscovery.ModFileParser/LOADING]: Considering mod file candidate /workspaces/servidor-de-gays/servidor_minecraft/mods/lootintegrations_moog-1.8.jar
[18Apr2026 00:44:32.402] [main/DEBUG] [net.minecraftforge.fml.loading.moddiscovery.ModFileInfo/LOADING]: Found valid mod file lootintegrations_moog-1.8.jar with {lootintegrations_moog} mods - versions {1}
[18Apr2026 00:44:32.402] [main/DEBUG] [net.minecraftforge.fml.loading.moddiscovery.ModFile/LOADING]: Loading mod file /workspaces/servidor-de-gays/servidor_minecraft/mods/lootintegrations_moog-1.8.jar with languages [LanguageSpec[languageName=lowcodefml, acceptedVersions=[0,)]]
[18Apr2026 00:44:32.402] [main/DEBUG] [net.minecraftforge.fml.loading.moddiscovery.ModFileParser/LOADING]: Considering mod file candidate /workspaces/servidor-de-gays/servidor_minecraft/mods/moogs_structure_lib-1.1.0-1.20-1.20.4-forge.jar
[18Apr2026 00:44:32.403] [main/DEBUG] [net.minecraftforge.fml.loading.moddiscovery.ModFileInfo/LOADING]: Found valid mod file moogs_structure_lib-1.1.0-1.20-1.20.4-forge.jar with {moogs_structures} mods - versions {1.1.0-1.20-1.20.4}
[18Apr2026 00:44:32.403] [main/DEBUG] [net.minecraftforge.fml.loading.moddiscovery.ModFile/LOADING]: Loading mod file /workspaces/servidor-de-gays/servidor_minecraft/mods/moogs_structure_lib-1.1.0-1.20-1.20.4-forge.jar with languages [LanguageSpec[languageName=javafml, acceptedVersions=[46,)]]
[18Apr2026 00:44:32.403] [main/DEBUG] [net.minecraftforge.fml.loading.moddiscovery.ModFileParser/LOADING]: Considering mod file candidate /workspaces/servidor-de-gays/servidor_minecraft/mods/framework-forge-1.20.1-0.8.0.jar
[18Apr2026 00:44:32.403] [main/DEBUG] [net.minecraftforge.fml.loading.moddiscovery.ModFileInfo/LOADING]: Found valid mod file framework-forge-1.20.1-0.8.0.jar with {framework} mods - versions {0.8.0}
[18Apr2026 00:44:32.403] [main/DEBUG] [net.minecraftforge.fml.loading.moddiscovery.ModFile/LOADING]: Loading mod file /workspaces/servidor-de-gays/servidor_minecraft/mods/framework-forge-1.20.1-0.8.0.jar with languages [LanguageSpec[languageName=javafml, acceptedVersions=[39,)]]
[18Apr2026 00:44:32.404] [main/DEBUG] [net.minecraftforge.fml.loading.moddiscovery.ModFileParser/LOADING]: Considering mod file candidate /workspaces/servidor-de-gays/servidor_minecraft/mods/MoogsNetherStructures-1.20-2.0.2.jar
[18Apr2026 00:44:32.404] [main/DEBUG] [net.minecraftforge.fml.loading.moddiscovery.ModFileInfo/LOADING]: Found valid mod file MoogsNetherStructures-1.20-2.0.2.jar with {mns} mods - versions {2.0.2}
[18Apr2026 00:44:32.404] [main/DEBUG] [net.minecraftforge.fml.loading.moddiscovery.ModFile/LOADING]: Loading mod file /workspaces/servidor-de-gays/servidor_minecraft/mods/MoogsNetherStructures-1.20-2.0.2.jar with languages [LanguageSpec[languageName=lowcodefml, acceptedVersions=[40,)]]
[18Apr2026 00:44:32.404] [main/DEBUG] [net.minecraftforge.fml.loading.moddiscovery.ModFileParser/LOADING]: Considering mod file candidate /workspaces/servidor-de-gays/servidor_minecraft/mods/Towns-and-Towers-1.12-Fabric+Forge.jar
[18Apr2026 00:44:32.404] [main/DEBUG] [net.minecraftforge.fml.loading.moddiscovery.ModFileInfo/LOADING]: Found valid mod file Towns-and-Towers-1.12-Fabric+Forge.jar with {t_and_t} mods - versions {0.0NONE}
[18Apr2026 00:44:32.405] [main/DEBUG] [net.minecraftforge.fml.loading.moddiscovery.ModFile/LOADING]: Loading mod file /workspaces/servidor-de-gays/servidor_minecraft/mods/Towns-and-Towers-1.12-Fabric+Forge.jar with languages [LanguageSpec[languageName=javafml, acceptedVersions=[43,)]]
[18Apr2026 00:44:32.405] [main/DEBUG] [net.minecraftforge.fml.loading.moddiscovery.ModFileParser/LOADING]: Considering mod file candidate /workspaces/servidor-de-gays/servidor_minecraft/mods/YungsBetterMineshafts-1.20-Forge-4.0.4.jar
[18Apr2026 00:44:32.405] [main/DEBUG] [net.minecraftforge.fml.loading.moddiscovery.ModFileInfo/LOADING]: Found valid mod file YungsBetterMineshafts-1.20-Forge-4.0.4.jar with {bettermineshafts} mods - versions {1.20-Forge-4.0.4}
[18Apr2026 00:44:32.405] [main/DEBUG] [net.minecraftforge.fml.loading.moddiscovery.ModFile/LOADING]: Loading mod file /workspaces/servidor-de-gays/servidor_minecraft/mods/YungsBetterMineshafts-1.20-Forge-4.0.4.jar with languages [LanguageSpec[languageName=javafml, acceptedVersions=[46,)]]
[18Apr2026 00:44:32.405] [main/DEBUG] [net.minecraftforge.fml.loading.moddiscovery.ModFileParser/LOADING]: Considering mod file candidate /workspaces/servidor-de-gays/servidor_minecraft/mods/cristellib-1.1.6-forge.jar
[18Apr2026 00:44:32.406] [main/DEBUG] [net.minecraftforge.fml.loading.moddiscovery.ModFileInfo/LOADING]: Found valid mod file cristellib-1.1.6-forge.jar with {cristellib} mods - versions {1.1.6}
[18Apr2026 00:44:32.406] [main/DEBUG] [net.minecraftforge.fml.loading.moddiscovery.ModFile/LOADING]: Loading mod file /workspaces/servidor-de-gays/servidor_minecraft/mods/cristellib-1.1.6-forge.jar with languages [LanguageSpec[languageName=javafml, acceptedVersions=[47,)]]
[18Apr2026 00:44:32.406] [main/DEBUG] [net.minecraftforge.fml.loading.moddiscovery.ModFileParser/LOADING]: Considering mod file candidate /workspaces/servidor-de-gays/servidor_minecraft/mods/lootintegrations_graveyard-1.1.jar
[18Apr2026 00:44:32.406] [main/DEBUG] [net.minecraftforge.fml.loading.moddiscovery.ModFileInfo/LOADING]: Found valid mod file lootintegrations_graveyard-1.1.jar with {lootintegrations_graveyard} mods - versions {1}
[18Apr2026 00:44:32.406] [main/DEBUG] [net.minecraftforge.fml.loading.moddiscovery.ModFile/LOADING]: Loading mod file /workspaces/servidor-de-gays/servidor_minecraft/mods/lootintegrations_graveyard-1.1.jar with languages [LanguageSpec[languageName=lowcodefml, acceptedVersions=[0,)]]
[18Apr2026 00:44:32.407] [main/DEBUG] [net.minecraftforge.fml.loading.moddiscovery.ModFileParser/LOADING]: Considering mod file candidate /workspaces/servidor-de-gays/servidor_minecraft/mods/YungsBetterJungleTemples-1.20-Forge-2.0.5.jar
[18Apr2026 00:44:32.407] [main/DEBUG] [net.minecraftforge.fml.loading.moddiscovery.ModFileInfo/LOADING]: Found valid mod file YungsBetterJungleTemples-1.20-Forge-2.0.5.jar with {betterjungletemples} mods - versions {1.20-Forge-2.0.5}
[18Apr2026 00:44:32.407] [main/DEBUG] [net.minecraftforge.fml.loading.moddiscovery.ModFile/LOADING]: Loading mod file /workspaces/servidor-de-gays/servidor_minecraft/mods/YungsBetterJungleTemples-1.20-Forge-2.0.5.jar with languages [LanguageSpec[languageName=javafml, acceptedVersions=[46,)]]
[18Apr2026 00:44:32.407] [main/DEBUG] [net.minecraftforge.fml.loading.moddiscovery.ModFile/LOADING]: Loading mod file  with languages []
[18Apr2026 00:44:32.407] [main/DEBUG] [net.minecraftforge.fml.loading.moddiscovery.ModFileParser/LOADING]: Considering mod file candidate 
[18Apr2026 00:44:32.407] [main/DEBUG] [net.minecraftforge.fml.loading.moddiscovery.ModFileInfo/LOADING]: Found valid mod file mixinextras-forge-0.5.0-beta.5.jar with {mixinextras} mods - versions {0.5.0-beta.5}
[18Apr2026 00:44:32.407] [main/DEBUG] [net.minecraftforge.fml.loading.moddiscovery.ModFile/LOADING]: Loading mod file  with languages [LanguageSpec[languageName=javafml, acceptedVersions=*]]
[18Apr2026 00:44:32.407] [main/DEBUG] [net.minecraftforge.fml.loading.moddiscovery.ModFile/LOADING]: Loading mod file  with languages []
[18Apr2026 00:44:32.408] [main/DEBUG] [net.minecraftforge.fml.loading.moddiscovery.ModFile/LOADING]: Loading mod file  with languages []
[18Apr2026 00:44:32.408] [main/DEBUG] [net.minecraftforge.fml.loading.moddiscovery.ModFile/LOADING]: Loading mod file  with languages []
[18Apr2026 00:44:32.408] [main/DEBUG] [net.minecraftforge.fml.loading.moddiscovery.ModFile/LOADING]: Loading mod file  with languages []
[18Apr2026 00:44:32.408] [main/DEBUG] [net.minecraftforge.fml.loading.moddiscovery.ModFileParser/LOADING]: Considering mod file candidate 
[18Apr2026 00:44:32.408] [main/DEBUG] [net.minecraftforge.fml.loading.moddiscovery.ModFileInfo/LOADING]: Found valid mod file mixinextras-forge-0.5.0-beta.5.jar with {mixinextras} mods - versions {0.5.0-beta.5}
[18Apr2026 00:44:32.408] [main/DEBUG] [net.minecraftforge.fml.loading.moddiscovery.ModFile/LOADING]: Loading mod file  with languages [LanguageSpec[languageName=javafml, acceptedVersions=*]]
[18Apr2026 00:44:32.408] [main/DEBUG] [net.minecraftforge.fml.loading.moddiscovery.ModFile/LOADING]: Loading mod file  with languages []
[18Apr2026 00:44:32.408] [main/DEBUG] [net.minecraftforge.fml.loading.moddiscovery.ModFile/LOADING]: Loading mod file  with languages []
[18Apr2026 00:44:32.408] [main/DEBUG] [net.minecraftforge.fml.loading.moddiscovery.ModFile/LOADING]: Loading mod file  with languages []
[18Apr2026 00:44:32.409] [main/DEBUG] [cpw.mods.modlauncher.TransformationServiceDecorator/MODLAUNCHER]: End scan trigger - transformation service fml
[18Apr2026 00:44:32.418] [main/DEBUG] [net.minecraftforge.fml.loading.LanguageLoadingProvider/CORE]: Found 3 language providers
[18Apr2026 00:44:32.419] [main/DEBUG] [net.minecraftforge.fml.loading.LanguageLoadingProvider/CORE]: Found language provider minecraft, version 1.0
[18Apr2026 00:44:32.419] [main/DEBUG] [net.minecraftforge.fml.loading.LanguageLoadingProvider/CORE]: Found language provider lowcodefml, version 47
[18Apr2026 00:44:32.419] [main/DEBUG] [net.minecraftforge.fml.loading.LanguageLoadingProvider/CORE]: Found language provider javafml, version 47
[18Apr2026 00:44:32.423] [main/DEBUG] [net.minecraftforge.fml.loading.UniqueModListBuilder/]: Found 2 mods for first modid mclib, selecting most recent based on version data
[18Apr2026 00:44:32.423] [main/DEBUG] [net.minecraftforge.fml.loading.UniqueModListBuilder/]: Selected file mclib-20.jar for modid mclib with version 0.0NONE
[18Apr2026 00:44:32.423] [main/DEBUG] [net.minecraftforge.fml.loading.UniqueModListBuilder/]: Found 2 mods for first modid mixinextras, selecting most recent based on version data
[18Apr2026 00:44:32.423] [main/DEBUG] [net.minecraftforge.fml.loading.UniqueModListBuilder/]: Selected file mixinextras-forge-0.5.0-beta.5.jar for modid mixinextras with version 0.5.0-beta.5
[18Apr2026 00:44:32.423] [main/DEBUG] [net.minecraftforge.fml.loading.UniqueModListBuilder/]: Found 2 mods for first modid org.yaml.snakeyaml, selecting most recent based on version data
[18Apr2026 00:44:32.424] [main/DEBUG] [net.minecraftforge.fml.loading.UniqueModListBuilder/]: Selected file snakeyaml-2.2.jar for modid org.yaml.snakeyaml with version 0.0NONE
[18Apr2026 00:44:32.424] [main/DEBUG] [net.minecraftforge.fml.loading.UniqueModListBuilder/]: Found 2 mods for first modid jankson, selecting most recent based on version data
[18Apr2026 00:44:32.424] [main/DEBUG] [net.minecraftforge.fml.loading.UniqueModListBuilder/]: Selected file jankson-1.2.3.jar for modid jankson with version 0.0NONE
[18Apr2026 00:44:32.424] [main/DEBUG] [net.minecraftforge.fml.loading.UniqueModListBuilder/]: Found 2 mods for first modid MixinExtras.beta._5, selecting most recent based on version data
[18Apr2026 00:44:32.424] [main/DEBUG] [net.minecraftforge.fml.loading.UniqueModListBuilder/]: Selected file MixinExtras-0.5.0-beta.5.jar for modid MixinExtras.beta._5 with version 0.0NONE
[18Apr2026 00:44:32.425] [main/DEBUG] [net.minecraftforge.fml.loading.ModSorter/]: Configured system mods: [minecraft, forge]
[18Apr2026 00:44:32.425] [main/DEBUG] [net.minecraftforge.fml.loading.ModSorter/]: Found system mod: minecraft
[18Apr2026 00:44:32.425] [main/DEBUG] [net.minecraftforge.fml.loading.ModSorter/]: Found system mod: forge
[18Apr2026 00:44:32.427] [main/DEBUG] [net.minecraftforge.fml.loading.ModSorter/LOADING]: Found 177 mod requirements (159 mandatory, 18 optional)
[18Apr2026 00:44:32.429] [main/DEBUG] [net.minecraftforge.fml.loading.ModSorter/LOADING]: Found 0 mod requirements missing (0 mandatory, 0 optional)
[18Apr2026 00:44:32.905] [main/DEBUG] [cpw.mods.modlauncher.TransformationServicesHandler/MODLAUNCHER]: Transformation services loading transformers
[18Apr2026 00:44:32.905] [main/DEBUG] [cpw.mods.modlauncher.TransformationServiceDecorator/MODLAUNCHER]: Initializing transformers for transformation service mixin
[18Apr2026 00:44:32.906] [main/DEBUG] [cpw.mods.modlauncher.TransformationServiceDecorator/MODLAUNCHER]: Initialized transformers for transformation service mixin
[18Apr2026 00:44:32.906] [main/DEBUG] [cpw.mods.modlauncher.TransformationServiceDecorator/MODLAUNCHER]: Initializing transformers for transformation service fml
[18Apr2026 00:44:32.906] [main/DEBUG] [net.minecraftforge.fml.loading.FMLServiceProvider/CORE]: Loading coremod transformers
[18Apr2026 00:44:32.906] [main/DEBUG] [net.minecraftforge.coremod.CoreModEngine/COREMOD]: Loading CoreMod from META-INF/xaeroworldmap_core.js
[18Apr2026 00:44:33.117] [main/DEBUG] [net.minecraftforge.coremod.CoreModEngine/COREMOD]: CoreMod loaded successfully
[18Apr2026 00:44:33.117] [main/DEBUG] [net.minecraftforge.coremod.CoreModEngine/COREMOD]: Loading CoreMod from coremods/field_to_method.js
[18Apr2026 00:44:33.150] [main/DEBUG] [net.minecraftforge.coremod.CoreModEngine/COREMOD]: CoreMod loaded successfully
[18Apr2026 00:44:33.150] [main/DEBUG] [net.minecraftforge.coremod.CoreModEngine/COREMOD]: Loading CoreMod from coremods/field_to_instanceof.js
[18Apr2026 00:44:33.200] [main/DEBUG] [net.minecraftforge.coremod.CoreModEngine/COREMOD]: CoreMod loaded successfully
[18Apr2026 00:44:33.200] [main/DEBUG] [net.minecraftforge.coremod.CoreModEngine/COREMOD]: Loading CoreMod from coremods/add_bouncer_method.js
[18Apr2026 00:44:33.232] [main/DEBUG] [net.minecraftforge.coremod.CoreModEngine/COREMOD]: CoreMod loaded successfully
[18Apr2026 00:44:33.232] [main/DEBUG] [net.minecraftforge.coremod.CoreModEngine/COREMOD]: Loading CoreMod from coremods/method_redirector.js
[18Apr2026 00:44:33.288] [main/DEBUG] [net.minecraftforge.coremod.CoreModEngine/COREMOD]: CoreMod loaded successfully
[18Apr2026 00:44:33.288] [main/DEBUG] [net.minecraftforge.coremod.CoreModEngine/COREMOD]: Loading CoreMod from META-INF/xaerohud_core.js
[18Apr2026 00:44:33.333] [main/DEBUG] [net.minecraftforge.coremod.CoreModEngine/COREMOD]: CoreMod loaded successfully
[18Apr2026 00:44:33.342] [main/DEBUG] [cpw.mods.modlauncher.TransformStore/MODLAUNCHER]: Adding transformer net.minecraftforge.coremod.transformer.CoreModClassTransformer@8aeab9e to Target : CLASS {Lnet/minecraft/world/level/biome/Biome;} {} {V}
[18Apr2026 00:44:33.343] [main/DEBUG] [cpw.mods.modlauncher.TransformStore/MODLAUNCHER]: Adding transformer net.minecraftforge.coremod.transformer.CoreModClassTransformer@6003ad65 to Target : CLASS {Lnet/minecraft/world/level/levelgen/structure/Structure;} {} {V}
[18Apr2026 00:44:33.344] [main/DEBUG] [cpw.mods.modlauncher.TransformStore/MODLAUNCHER]: Adding transformer net.minecraftforge.coremod.transformer.CoreModClassTransformer@2ec99035 to Target : CLASS {Lnet/minecraft/world/effect/MobEffectInstance;} {} {V}
[18Apr2026 00:44:33.344] [main/DEBUG] [cpw.mods.modlauncher.TransformStore/MODLAUNCHER]: Adding transformer net.minecraftforge.coremod.transformer.CoreModClassTransformer@60743cdb to Target : CLASS {Lnet/minecraft/world/level/block/LiquidBlock;} {} {V}
[18Apr2026 00:44:33.344] [main/DEBUG] [cpw.mods.modlauncher.TransformStore/MODLAUNCHER]: Adding transformer net.minecraftforge.coremod.transformer.CoreModClassTransformer@c02670f to Target : CLASS {Lnet/minecraft/world/item/BucketItem;} {} {V}
[18Apr2026 00:44:33.344] [main/DEBUG] [cpw.mods.modlauncher.TransformStore/MODLAUNCHER]: Adding transformer net.minecraftforge.coremod.transformer.CoreModClassTransformer@71179b6f to Target : CLASS {Lnet/minecraft/world/level/block/StairBlock;} {} {V}
[18Apr2026 00:44:33.344] [main/DEBUG] [cpw.mods.modlauncher.TransformStore/MODLAUNCHER]: Adding transformer net.minecraftforge.coremod.transformer.CoreModClassTransformer@13bdf540 to Target : CLASS {Lnet/minecraft/world/level/block/FlowerPotBlock;} {} {V}
[18Apr2026 00:44:33.344] [main/DEBUG] [cpw.mods.modlauncher.TransformStore/MODLAUNCHER]: Adding transformer net.minecraftforge.coremod.transformer.CoreModClassTransformer@526e8108 to Target : CLASS {Lnet/minecraft/world/item/ItemStack;} {} {V}
[18Apr2026 00:44:33.344] [main/DEBUG] [cpw.mods.modlauncher.TransformStore/MODLAUNCHER]: Adding transformer net.minecraftforge.coremod.transformer.CoreModClassTransformer@4dcbae55 to Target : CLASS {Lnet/minecraft/network/play/client/CClientSettingsPacket;} {} {V}
[18Apr2026 00:44:33.345] [main/DEBUG] [cpw.mods.modlauncher.TransformStore/MODLAUNCHER]: Adding transformer net.minecraftforge.coremod.transformer.CoreModClassTransformer@4a9860 to Target : CLASS {Lnet/minecraft/world/entity/EntityType;} {} {V}
[18Apr2026 00:44:33.345] [main/DEBUG] [cpw.mods.modlauncher.TransformStore/MODLAUNCHER]: Adding transformer net.minecraftforge.coremod.transformer.CoreModClassTransformer@4a9860 to Target : CLASS {Lnet/minecraft/world/level/levelgen/PatrolSpawner;} {} {V}
[18Apr2026 00:44:33.345] [main/DEBUG] [cpw.mods.modlauncher.TransformStore/MODLAUNCHER]: Adding transformer net.minecraftforge.coremod.transformer.CoreModClassTransformer@4a9860 to Target : CLASS {Lnet/minecraft/world/level/levelgen/PhantomSpawner;} {} {V}
[18Apr2026 00:44:33.345] [main/DEBUG] [cpw.mods.modlauncher.TransformStore/MODLAUNCHER]: Adding transformer net.minecraftforge.coremod.transformer.CoreModClassTransformer@4a9860 to Target : CLASS {Lnet/minecraft/world/entity/npc/Villager;} {} {V}
[18Apr2026 00:44:33.345] [main/DEBUG] [cpw.mods.modlauncher.TransformStore/MODLAUNCHER]: Adding transformer net.minecraftforge.coremod.transformer.CoreModClassTransformer@4a9860 to Target : CLASS {Lnet/minecraft/world/level/levelgen/structure/structures/SwampHutPiece;} {} {V}
[18Apr2026 00:44:33.345] [main/DEBUG] [cpw.mods.modlauncher.TransformStore/MODLAUNCHER]: Adding transformer net.minecraftforge.coremod.transformer.CoreModClassTransformer@4a9860 to Target : CLASS {Lnet/minecraft/world/level/levelgen/structure/templatesystem/StructureTemplate;} {} {V}
[18Apr2026 00:44:33.345] [main/DEBUG] [cpw.mods.modlauncher.TransformStore/MODLAUNCHER]: Adding transformer net.minecraftforge.coremod.transformer.CoreModClassTransformer@4a9860 to Target : CLASS {Lnet/minecraft/server/commands/RaidCommand;} {} {V}
[18Apr2026 00:44:33.345] [main/DEBUG] [cpw.mods.modlauncher.TransformStore/MODLAUNCHER]: Adding transformer net.minecraftforge.coremod.transformer.CoreModClassTransformer@4a9860 to Target : CLASS {Lnet/minecraft/world/level/levelgen/structure/structures/OceanMonumentPieces$OceanMonumentPiece;} {} {V}
[18Apr2026 00:44:33.345] [main/DEBUG] [cpw.mods.modlauncher.TransformStore/MODLAUNCHER]: Adding transformer net.minecraftforge.coremod.transformer.CoreModClassTransformer@4a9860 to Target : CLASS {Lnet/minecraft/world/level/levelgen/structure/structures/WoodlandMansionPieces$WoodlandMansionPiece;} {} {V}
[18Apr2026 00:44:33.346] [main/DEBUG] [cpw.mods.modlauncher.TransformStore/MODLAUNCHER]: Adding transformer net.minecraftforge.coremod.transformer.CoreModClassTransformer@4a9860 to Target : CLASS {Lnet/minecraft/world/entity/monster/Evoker$EvokerSummonSpellGoal;} {} {V}
[18Apr2026 00:44:33.346] [main/DEBUG] [cpw.mods.modlauncher.TransformStore/MODLAUNCHER]: Adding transformer net.minecraftforge.coremod.transformer.CoreModClassTransformer@4a9860 to Target : CLASS {Lnet/minecraft/world/level/levelgen/structure/structures/OceanRuinPieces$OceanRuinPiece;} {} {V}
[18Apr2026 00:44:33.346] [main/DEBUG] [cpw.mods.modlauncher.TransformStore/MODLAUNCHER]: Adding transformer net.minecraftforge.coremod.transformer.CoreModClassTransformer@4a9860 to Target : CLASS {Lnet/minecraft/world/entity/npc/CatSpawner;} {} {V}
[18Apr2026 00:44:33.346] [main/DEBUG] [cpw.mods.modlauncher.TransformStore/MODLAUNCHER]: Adding transformer net.minecraftforge.coremod.transformer.CoreModClassTransformer@4a9860 to Target : CLASS {Lnet/minecraft/world/entity/monster/Spider;} {} {V}
[18Apr2026 00:44:33.346] [main/DEBUG] [cpw.mods.modlauncher.TransformStore/MODLAUNCHER]: Adding transformer net.minecraftforge.coremod.transformer.CoreModClassTransformer@4a9860 to Target : CLASS {Lnet/minecraft/world/entity/monster/Strider;} {} {V}
[18Apr2026 00:44:33.346] [main/DEBUG] [cpw.mods.modlauncher.TransformStore/MODLAUNCHER]: Adding transformer net.minecraftforge.coremod.transformer.CoreModClassTransformer@4a9860 to Target : CLASS {Lnet/minecraft/world/entity/ai/village/VillageSiege;} {} {V}
[18Apr2026 00:44:33.346] [main/DEBUG] [cpw.mods.modlauncher.TransformStore/MODLAUNCHER]: Adding transformer net.minecraftforge.coremod.transformer.CoreModClassTransformer@4a9860 to Target : CLASS {Lnet/minecraft/world/entity/animal/frog/Tadpole;} {} {V}
[18Apr2026 00:44:33.346] [main/DEBUG] [cpw.mods.modlauncher.TransformStore/MODLAUNCHER]: Adding transformer net.minecraftforge.coremod.transformer.CoreModClassTransformer@4a9860 to Target : CLASS {Lnet/minecraft/world/level/NaturalSpawner;} {} {V}
[18Apr2026 00:44:33.346] [main/DEBUG] [cpw.mods.modlauncher.TransformStore/MODLAUNCHER]: Adding transformer net.minecraftforge.coremod.transformer.CoreModClassTransformer@4a9860 to Target : CLASS {Lnet/minecraft/world/entity/raid/Raid;} {} {V}
[18Apr2026 00:44:33.346] [main/DEBUG] [cpw.mods.modlauncher.TransformStore/MODLAUNCHER]: Adding transformer net.minecraftforge.coremod.transformer.CoreModClassTransformer@4a9860 to Target : CLASS {Lnet/minecraft/world/entity/monster/ZombieVillager;} {} {V}
[18Apr2026 00:44:33.346] [main/DEBUG] [cpw.mods.modlauncher.TransformStore/MODLAUNCHER]: Adding transformer net.minecraftforge.coremod.transformer.CoreModClassTransformer@4a9860 to Target : CLASS {Lnet/minecraft/world/entity/animal/horse/SkeletonTrapGoal;} {} {V}
[18Apr2026 00:44:33.347] [main/DEBUG] [cpw.mods.modlauncher.TransformStore/MODLAUNCHER]: Adding transformer net.minecraftforge.coremod.transformer.CoreModClassTransformer@4a9860 to Target : CLASS {Lnet/minecraft/world/entity/monster/Zombie;} {} {V}
[18Apr2026 00:44:33.347] [main/DEBUG] [cpw.mods.modlauncher.TransformStore/MODLAUNCHER]: Adding transformer net.minecraftforge.coremod.transformer.CoreModClassTransformer@4a9860 to Target : CLASS {Lnet/minecraft/server/commands/SummonCommand;} {} {V}
[18Apr2026 00:44:33.347] [main/DEBUG] [cpw.mods.modlauncher.TransformStore/MODLAUNCHER]: Adding transformer net.minecraftforge.coremod.transformer.CoreModMethodTransformer@5ae1c281 to Target : METHOD {Lnet/minecraft/client/ToggleKeyMapping;} {m_90857_} {()Z}
[18Apr2026 00:44:33.347] [main/DEBUG] [cpw.mods.modlauncher.TransformationServiceDecorator/MODLAUNCHER]: Initialized transformers for transformation service fml
[18Apr2026 00:44:34.497] [main/DEBUG] [mixin/]: Processing prepare() for PlatformAgent[MixinPlatformAgentDefault:ModLauncher Root Container(ModLauncher:4f56a0a2)]
[18Apr2026 00:44:34.497] [main/DEBUG] [mixin/]: Processing launch tasks for PlatformAgent[MixinPlatformAgentDefault:ModLauncher Root Container(ModLauncher:4f56a0a2)]
[18Apr2026 00:44:34.497] [main/DEBUG] [mixin/]: Adding mixin platform agents for container SecureJarResource(betterdungeons)
[18Apr2026 00:44:34.497] [main/DEBUG] [mixin/]: Instancing new MixinPlatformAgentMinecraftForge for SecureJarResource(betterdungeons)
[18Apr2026 00:44:34.497] [main/DEBUG] [mixin/]: MixinPlatformAgentMinecraftForge rejected container SecureJarResource(betterdungeons)
[18Apr2026 00:44:34.498] [main/DEBUG] [mixin/]: Instancing new MixinPlatformAgentDefault for SecureJarResource(betterdungeons)
[18Apr2026 00:44:34.498] [main/DEBUG] [mixin/]: MixinPlatformAgentDefault accepted container SecureJarResource(betterdungeons)
[18Apr2026 00:44:34.498] [main/DEBUG] [mixin/]: Processing prepare() for PlatformAgent[MixinPlatformAgentDefault:SecureJarResource(betterdungeons)]
[18Apr2026 00:44:34.498] [main/DEBUG] [mixin/]: Registering mixin config: betterdungeons.mixins.json
[18Apr2026 00:44:34.516] [main/DEBUG] [mixin/]: Compatibility level JAVA_17 specified by betterdungeons.mixins.json is higher than the maximum level supported by this version of mixin (JAVA_13).
[18Apr2026 00:44:34.520] [main/INFO] [mixin/]: Compatibility level set to JAVA_17
[18Apr2026 00:44:34.521] [main/DEBUG] [mixin/]: Registering mixin config: betterdungeons_forge.mixins.json
[18Apr2026 00:44:34.525] [main/DEBUG] [mixin/]: Adding mixin platform agents for container SecureJarResource(villagesandpillages)
[18Apr2026 00:44:34.525] [main/DEBUG] [mixin/]: Instancing new MixinPlatformAgentMinecraftForge for SecureJarResource(villagesandpillages)
[18Apr2026 00:44:34.525] [main/DEBUG] [mixin/]: MixinPlatformAgentMinecraftForge rejected container SecureJarResource(villagesandpillages)
[18Apr2026 00:44:34.525] [main/DEBUG] [mixin/]: Instancing new MixinPlatformAgentDefault for SecureJarResource(villagesandpillages)
[18Apr2026 00:44:34.525] [main/DEBUG] [mixin/]: MixinPlatformAgentDefault accepted container SecureJarResource(villagesandpillages)
[18Apr2026 00:44:34.525] [main/DEBUG] [mixin/]: Processing prepare() for PlatformAgent[MixinPlatformAgentDefault:SecureJarResource(villagesandpillages)]
[18Apr2026 00:44:34.525] [main/DEBUG] [mixin/]: Registering mixin config: villagesandpillages-common.mixins.json
[18Apr2026 00:44:34.528] [main/DEBUG] [mixin/]: Adding mixin platform agents for container SecureJarResource(lootintegration_townsandtowers)
[18Apr2026 00:44:34.529] [main/DEBUG] [mixin/]: Instancing new MixinPlatformAgentMinecraftForge for SecureJarResource(lootintegration_townsandtowers)
[18Apr2026 00:44:34.529] [main/DEBUG] [mixin/]: MixinPlatformAgentMinecraftForge rejected container SecureJarResource(lootintegration_townsandtowers)
[18Apr2026 00:44:34.529] [main/DEBUG] [mixin/]: Instancing new MixinPlatformAgentDefault for SecureJarResource(lootintegration_townsandtowers)
[18Apr2026 00:44:34.529] [main/DEBUG] [mixin/]: MixinPlatformAgentDefault accepted container SecureJarResource(lootintegration_townsandtowers)
[18Apr2026 00:44:34.530] [main/DEBUG] [mixin/]: Processing prepare() for PlatformAgent[MixinPlatformAgentDefault:SecureJarResource(lootintegration_townsandtowers)]
[18Apr2026 00:44:34.530] [main/DEBUG] [mixin/]: Adding mixin platform agents for container SecureJarResource(raccompat)
[18Apr2026 00:44:34.530] [main/DEBUG] [mixin/]: Instancing new MixinPlatformAgentMinecraftForge for SecureJarResource(raccompat)
[18Apr2026 00:44:34.530] [main/DEBUG] [mixin/]: MixinPlatformAgentMinecraftForge rejected container SecureJarResource(raccompat)
[18Apr2026 00:44:34.530] [main/DEBUG] [mixin/]: Instancing new MixinPlatformAgentDefault for SecureJarResource(raccompat)
[18Apr2026 00:44:34.530] [main/DEBUG] [mixin/]: MixinPlatformAgentDefault accepted container SecureJarResource(raccompat)
[18Apr2026 00:44:34.530] [main/DEBUG] [mixin/]: Processing prepare() for PlatformAgent[MixinPlatformAgentDefault:SecureJarResource(raccompat)]
[18Apr2026 00:44:34.530] [main/DEBUG] [mixin/]: Registering mixin config: raccompat.mixins.json
[18Apr2026 00:44:34.533] [main/DEBUG] [mixin/]: Compatibility level JAVA_8 specified by raccompat.mixins.json is lower than the default level supported by the current mixin service (JAVA_16).
[18Apr2026 00:44:34.533] [main/DEBUG] [mixin/]: Adding mixin platform agents for container SecureJarResource(betterwitchhuts)
[18Apr2026 00:44:34.533] [main/DEBUG] [mixin/]: Instancing new MixinPlatformAgentMinecraftForge for SecureJarResource(betterwitchhuts)
[18Apr2026 00:44:34.533] [main/DEBUG] [mixin/]: MixinPlatformAgentMinecraftForge rejected container SecureJarResource(betterwitchhuts)
[18Apr2026 00:44:34.533] [main/DEBUG] [mixin/]: Instancing new MixinPlatformAgentDefault for SecureJarResource(betterwitchhuts)
[18Apr2026 00:44:34.533] [main/DEBUG] [mixin/]: MixinPlatformAgentDefault accepted container SecureJarResource(betterwitchhuts)
[18Apr2026 00:44:34.533] [main/DEBUG] [mixin/]: Processing prepare() for PlatformAgent[MixinPlatformAgentDefault:SecureJarResource(betterwitchhuts)]
[18Apr2026 00:44:34.534] [main/DEBUG] [mixin/]: Registering mixin config: betterwitchhuts.mixins.json
[18Apr2026 00:44:34.536] [main/DEBUG] [mixin/]: Registering mixin config: betterwitchhuts_forge.mixins.json
[18Apr2026 00:44:34.538] [main/DEBUG] [mixin/]: Adding mixin platform agents for container SecureJarResource(fantasy_weapons)
[18Apr2026 00:44:34.538] [main/DEBUG] [mixin/]: Instancing new MixinPlatformAgentMinecraftForge for SecureJarResource(fantasy_weapons)
[18Apr2026 00:44:34.539] [main/DEBUG] [mixin/]: MixinPlatformAgentMinecraftForge rejected container SecureJarResource(fantasy_weapons)
[18Apr2026 00:44:34.539] [main/DEBUG] [mixin/]: Instancing new MixinPlatformAgentDefault for SecureJarResource(fantasy_weapons)
[18Apr2026 00:44:34.539] [main/DEBUG] [mixin/]: MixinPlatformAgentDefault accepted container SecureJarResource(fantasy_weapons)
[18Apr2026 00:44:34.539] [main/DEBUG] [mixin/]: Processing prepare() for PlatformAgent[MixinPlatformAgentDefault:SecureJarResource(fantasy_weapons)]
[18Apr2026 00:44:34.539] [main/DEBUG] [mixin/]: Adding mixin platform agents for container SecureJarResource(geckolib)
[18Apr2026 00:44:34.539] [main/DEBUG] [mixin/]: Instancing new MixinPlatformAgentMinecraftForge for SecureJarResource(geckolib)
[18Apr2026 00:44:34.539] [main/DEBUG] [mixin/]: MixinPlatformAgentMinecraftForge rejected container SecureJarResource(geckolib)
[18Apr2026 00:44:34.539] [main/DEBUG] [mixin/]: Instancing new MixinPlatformAgentDefault for SecureJarResource(geckolib)
[18Apr2026 00:44:34.539] [main/DEBUG] [mixin/]: MixinPlatformAgentDefault accepted container SecureJarResource(geckolib)
[18Apr2026 00:44:34.539] [main/DEBUG] [mixin/]: Processing prepare() for PlatformAgent[MixinPlatformAgentDefault:SecureJarResource(geckolib)]
[18Apr2026 00:44:34.539] [main/DEBUG] [mixin/]: Registering mixin config: geckolib.mixins.json
[18Apr2026 00:44:34.542] [main/DEBUG] [mixin/]: Adding mixin platform agents for container SecureJarResource(mss)
[18Apr2026 00:44:34.542] [main/DEBUG] [mixin/]: Instancing new MixinPlatformAgentMinecraftForge for SecureJarResource(mss)
[18Apr2026 00:44:34.542] [main/DEBUG] [mixin/]: MixinPlatformAgentMinecraftForge rejected container SecureJarResource(mss)
[18Apr2026 00:44:34.542] [main/DEBUG] [mixin/]: Instancing new MixinPlatformAgentDefault for SecureJarResource(mss)
[18Apr2026 00:44:34.542] [main/DEBUG] [mixin/]: MixinPlatformAgentDefault accepted container SecureJarResource(mss)
[18Apr2026 00:44:34.542] [main/DEBUG] [mixin/]: Processing prepare() for PlatformAgent[MixinPlatformAgentDefault:SecureJarResource(mss)]
[18Apr2026 00:44:34.542] [main/DEBUG] [mixin/]: Registering mixin config: mss-common.mixins.json
[18Apr2026 00:44:34.546] [main/DEBUG] [mixin/]: Registering mixin config: mss-forge.mixins.json
[18Apr2026 00:44:34.550] [main/DEBUG] [mixin/]: Adding mixin platform agents for container SecureJarResource(jei)
[18Apr2026 00:44:34.550] [main/DEBUG] [mixin/]: Instancing new MixinPlatformAgentMinecraftForge for SecureJarResource(jei)
[18Apr2026 00:44:34.550] [main/DEBUG] [mixin/]: MixinPlatformAgentMinecraftForge rejected container SecureJarResource(jei)
[18Apr2026 00:44:34.550] [main/DEBUG] [mixin/]: Instancing new MixinPlatformAgentDefault for SecureJarResource(jei)
[18Apr2026 00:44:34.550] [main/DEBUG] [mixin/]: MixinPlatformAgentDefault accepted container SecureJarResource(jei)
[18Apr2026 00:44:34.550] [main/DEBUG] [mixin/]: Processing prepare() for PlatformAgent[MixinPlatformAgentDefault:SecureJarResource(jei)]
[18Apr2026 00:44:34.550] [main/DEBUG] [mixin/]: Adding mixin platform agents for container SecureJarResource(graveyard)
[18Apr2026 00:44:34.550] [main/DEBUG] [mixin/]: Instancing new MixinPlatformAgentMinecraftForge for SecureJarResource(graveyard)
[18Apr2026 00:44:34.550] [main/DEBUG] [mixin/]: MixinPlatformAgentMinecraftForge rejected container SecureJarResource(graveyard)
[18Apr2026 00:44:34.550] [main/DEBUG] [mixin/]: Instancing new MixinPlatformAgentDefault for SecureJarResource(graveyard)
[18Apr2026 00:44:34.550] [main/DEBUG] [mixin/]: MixinPlatformAgentDefault accepted container SecureJarResource(graveyard)
[18Apr2026 00:44:34.550] [main/DEBUG] [mixin/]: Processing prepare() for PlatformAgent[MixinPlatformAgentDefault:SecureJarResource(graveyard)]
[18Apr2026 00:44:34.550] [main/DEBUG] [mixin/]: Registering mixin config: graveyard-common.mixins.json
[18Apr2026 00:44:34.554] [main/DEBUG] [mixin/]: Registering mixin config: graveyard-forge.mixins.json
[18Apr2026 00:44:34.558] [main/DEBUG] [mixin/]: Adding mixin platform agents for container SecureJarResource(xaerolib)
[18Apr2026 00:44:34.558] [main/DEBUG] [mixin/]: Instancing new MixinPlatformAgentMinecraftForge for SecureJarResource(xaerolib)
[18Apr2026 00:44:34.558] [main/DEBUG] [mixin/]: MixinPlatformAgentMinecraftForge rejected container SecureJarResource(xaerolib)
[18Apr2026 00:44:34.558] [main/DEBUG] [mixin/]: Instancing new MixinPlatformAgentDefault for SecureJarResource(xaerolib)
[18Apr2026 00:44:34.559] [main/DEBUG] [mixin/]: MixinPlatformAgentDefault accepted container SecureJarResource(xaerolib)
[18Apr2026 00:44:34.559] [main/DEBUG] [mixin/]: Processing prepare() for PlatformAgent[MixinPlatformAgentDefault:SecureJarResource(xaerolib)]
[18Apr2026 00:44:34.559] [main/DEBUG] [mixin/]: Registering mixin config: xaerolib.mixins.json
[18Apr2026 00:44:34.564] [main/DEBUG] [mixin/]: Registering mixin config: xaerolib.forge.mixins.json
[18Apr2026 00:44:34.567] [main/DEBUG] [mixin/]: Adding mixin platform agents for container SecureJarResource(betteroceanmonuments)
[18Apr2026 00:44:34.576] [main/DEBUG] [mixin/]: Instancing new MixinPlatformAgentMinecraftForge for SecureJarResource(betteroceanmonuments)
[18Apr2026 00:44:34.577] [main/DEBUG] [mixin/]: MixinPlatformAgentMinecraftForge rejected container SecureJarResource(betteroceanmonuments)
[18Apr2026 00:44:34.577] [main/DEBUG] [mixin/]: Instancing new MixinPlatformAgentDefault for SecureJarResource(betteroceanmonuments)
[18Apr2026 00:44:34.577] [main/DEBUG] [mixin/]: MixinPlatformAgentDefault accepted container SecureJarResource(betteroceanmonuments)
[18Apr2026 00:44:34.577] [main/DEBUG] [mixin/]: Processing prepare() for PlatformAgent[MixinPlatformAgentDefault:SecureJarResource(betteroceanmonuments)]
[18Apr2026 00:44:34.577] [main/DEBUG] [mixin/]: Registering mixin config: betteroceanmonuments.mixins.json
[18Apr2026 00:44:34.580] [main/DEBUG] [mixin/]: Registering mixin config: betteroceanmonuments_forge.mixins.json
[18Apr2026 00:44:34.582] [main/DEBUG] [mixin/]: Adding mixin platform agents for container SecureJarResource(libraryferret)
[18Apr2026 00:44:34.582] [main/DEBUG] [mixin/]: Instancing new MixinPlatformAgentMinecraftForge for SecureJarResource(libraryferret)
[18Apr2026 00:44:34.583] [main/DEBUG] [mixin/]: MixinPlatformAgentMinecraftForge rejected container SecureJarResource(libraryferret)
[18Apr2026 00:44:34.583] [main/DEBUG] [mixin/]: Instancing new MixinPlatformAgentDefault for SecureJarResource(libraryferret)
[18Apr2026 00:44:34.583] [main/DEBUG] [mixin/]: MixinPlatformAgentDefault accepted container SecureJarResource(libraryferret)
[18Apr2026 00:44:34.583] [main/DEBUG] [mixin/]: Processing prepare() for PlatformAgent[MixinPlatformAgentDefault:SecureJarResource(libraryferret)]
[18Apr2026 00:44:34.583] [main/DEBUG] [mixin/]: Adding mixin platform agents for container SecureJarResource(goblintraders)
[18Apr2026 00:44:34.583] [main/DEBUG] [mixin/]: Instancing new MixinPlatformAgentMinecraftForge for SecureJarResource(goblintraders)
[18Apr2026 00:44:34.587] [main/DEBUG] [mixin/]: MixinPlatformAgentMinecraftForge rejected container SecureJarResource(goblintraders)
[18Apr2026 00:44:34.587] [main/DEBUG] [mixin/]: Instancing new MixinPlatformAgentDefault for SecureJarResource(goblintraders)
[18Apr2026 00:44:34.587] [main/DEBUG] [mixin/]: MixinPlatformAgentDefault accepted container SecureJarResource(goblintraders)
[18Apr2026 00:44:34.587] [main/DEBUG] [mixin/]: Processing prepare() for PlatformAgent[MixinPlatformAgentDefault:SecureJarResource(goblintraders)]
[18Apr2026 00:44:34.587] [main/DEBUG] [mixin/]: Registering mixin config: goblintraders.common.mixins.json
[18Apr2026 00:44:34.592] [main/DEBUG] [mixin/]: Adding mixin platform agents for container SecureJarResource(dynamiclights)
[18Apr2026 00:44:34.592] [main/DEBUG] [mixin/]: Instancing new MixinPlatformAgentMinecraftForge for SecureJarResource(dynamiclights)
[18Apr2026 00:44:34.592] [main/DEBUG] [mixin/]: MixinPlatformAgentMinecraftForge rejected container SecureJarResource(dynamiclights)
[18Apr2026 00:44:34.592] [main/DEBUG] [mixin/]: Instancing new MixinPlatformAgentDefault for SecureJarResource(dynamiclights)
[18Apr2026 00:44:34.593] [main/DEBUG] [mixin/]: MixinPlatformAgentDefault accepted container SecureJarResource(dynamiclights)
[18Apr2026 00:44:34.593] [main/DEBUG] [mixin/]: Processing prepare() for PlatformAgent[MixinPlatformAgentDefault:SecureJarResource(dynamiclights)]
[18Apr2026 00:44:34.593] [main/DEBUG] [mixin/]: Adding mixin platform agents for container SecureJarResource(chloride)
[18Apr2026 00:44:34.593] [main/DEBUG] [mixin/]: Instancing new MixinPlatformAgentMinecraftForge for SecureJarResource(chloride)
[18Apr2026 00:44:34.593] [main/DEBUG] [mixin/]: MixinPlatformAgentMinecraftForge rejected container SecureJarResource(chloride)
[18Apr2026 00:44:34.594] [main/DEBUG] [mixin/]: Instancing new MixinPlatformAgentDefault for SecureJarResource(chloride)
[18Apr2026 00:44:34.594] [main/DEBUG] [mixin/]: MixinPlatformAgentDefault accepted container SecureJarResource(chloride)
[18Apr2026 00:44:34.594] [main/DEBUG] [mixin/]: Processing prepare() for PlatformAgent[MixinPlatformAgentDefault:SecureJarResource(chloride)]
[18Apr2026 00:44:34.594] [main/DEBUG] [mixin/]: Registering mixin config: chloride.mixin.json
[18Apr2026 00:44:34.596] [main/DEBUG] [mixin/]: Adding mixin platform agents for container SecureJarResource(xaeroworldmap)
[18Apr2026 00:44:34.597] [main/DEBUG] [mixin/]: Instancing new MixinPlatformAgentMinecraftForge for SecureJarResource(xaeroworldmap)
[18Apr2026 00:44:34.597] [main/DEBUG] [mixin/]: MixinPlatformAgentMinecraftForge rejected container SecureJarResource(xaeroworldmap)
[18Apr2026 00:44:34.597] [main/DEBUG] [mixin/]: Instancing new MixinPlatformAgentDefault for SecureJarResource(xaeroworldmap)
[18Apr2026 00:44:34.597] [main/DEBUG] [mixin/]: MixinPlatformAgentDefault accepted container SecureJarResource(xaeroworldmap)
[18Apr2026 00:44:34.597] [main/DEBUG] [mixin/]: Processing prepare() for PlatformAgent[MixinPlatformAgentDefault:SecureJarResource(xaeroworldmap)]
[18Apr2026 00:44:34.597] [main/DEBUG] [mixin/]: Registering mixin config: xaeroworldmap.mixins.json
[18Apr2026 00:44:34.599] [main/DEBUG] [mixin/]: Registering mixin config: xaeroworldmap.forge.mixins.json
[18Apr2026 00:44:34.601] [main/DEBUG] [mixin/]: Adding mixin platform agents for container SecureJarResource(citadel)
[18Apr2026 00:44:34.601] [main/DEBUG] [mixin/]: Instancing new MixinPlatformAgentMinecraftForge for SecureJarResource(citadel)
[18Apr2026 00:44:34.601] [main/DEBUG] [mixin/]: MixinPlatformAgentMinecraftForge rejected container SecureJarResource(citadel)
[18Apr2026 00:44:34.601] [main/DEBUG] [mixin/]: Instancing new MixinPlatformAgentDefault for SecureJarResource(citadel)
[18Apr2026 00:44:34.601] [main/DEBUG] [mixin/]: MixinPlatformAgentDefault accepted container SecureJarResource(citadel)
[18Apr2026 00:44:34.602] [main/DEBUG] [mixin/]: Processing prepare() for PlatformAgent[MixinPlatformAgentDefault:SecureJarResource(citadel)]
[18Apr2026 00:44:34.602] [main/DEBUG] [mixin/]: Registering mixin config: citadel.mixins.json
[18Apr2026 00:44:34.606] [main/DEBUG] [mixin/]: Adding mixin platform agents for container SecureJarResource(travelersbackpack)
[18Apr2026 00:44:34.606] [main/DEBUG] [mixin/]: Instancing new MixinPlatformAgentMinecraftForge for SecureJarResource(travelersbackpack)
[18Apr2026 00:44:34.606] [main/DEBUG] [mixin/]: MixinPlatformAgentMinecraftForge rejected container SecureJarResource(travelersbackpack)
[18Apr2026 00:44:34.606] [main/DEBUG] [mixin/]: Instancing new MixinPlatformAgentDefault for SecureJarResource(travelersbackpack)
[18Apr2026 00:44:34.606] [main/DEBUG] [mixin/]: MixinPlatformAgentDefault accepted container SecureJarResource(travelersbackpack)
[18Apr2026 00:44:34.606] [main/DEBUG] [mixin/]: Processing prepare() for PlatformAgent[MixinPlatformAgentDefault:SecureJarResource(travelersbackpack)]
[18Apr2026 00:44:34.607] [main/DEBUG] [mixin/]: Registering mixin config: mixins.travelersbackpack.json
[18Apr2026 00:44:34.609] [main/DEBUG] [mixin/]: Adding mixin platform agents for container SecureJarResource(lootintegrations)
[18Apr2026 00:44:34.609] [main/DEBUG] [mixin/]: Instancing new MixinPlatformAgentMinecraftForge for SecureJarResource(lootintegrations)
[18Apr2026 00:44:34.610] [main/DEBUG] [mixin/]: MixinPlatformAgentMinecraftForge rejected container SecureJarResource(lootintegrations)
[18Apr2026 00:44:34.610] [main/DEBUG] [mixin/]: Instancing new MixinPlatformAgentDefault for SecureJarResource(lootintegrations)
[18Apr2026 00:44:34.610] [main/DEBUG] [mixin/]: MixinPlatformAgentDefault accepted container SecureJarResource(lootintegrations)
[18Apr2026 00:44:34.610] [main/DEBUG] [mixin/]: Processing prepare() for PlatformAgent[MixinPlatformAgentDefault:SecureJarResource(lootintegrations)]
[18Apr2026 00:44:34.610] [main/DEBUG] [mixin/]: Registering mixin config: lootintegrations.mixins.json
[18Apr2026 00:44:34.613] [main/DEBUG] [mixin/]: Compatibility level JAVA_16 specified by lootintegrations.mixins.json is higher than the maximum level supported by this version of mixin (JAVA_13).
[18Apr2026 00:44:34.613] [main/DEBUG] [mixin/]: Adding mixin platform agents for container SecureJarResource(yungsapi)
[18Apr2026 00:44:34.613] [main/DEBUG] [mixin/]: Instancing new MixinPlatformAgentMinecraftForge for SecureJarResource(yungsapi)
[18Apr2026 00:44:34.613] [main/DEBUG] [mixin/]: MixinPlatformAgentMinecraftForge rejected container SecureJarResource(yungsapi)
[18Apr2026 00:44:34.614] [main/DEBUG] [mixin/]: Instancing new MixinPlatformAgentDefault for SecureJarResource(yungsapi)
[18Apr2026 00:44:34.614] [main/DEBUG] [mixin/]: MixinPlatformAgentDefault accepted container SecureJarResource(yungsapi)
[18Apr2026 00:44:34.614] [main/DEBUG] [mixin/]: Processing prepare() for PlatformAgent[MixinPlatformAgentDefault:SecureJarResource(yungsapi)]
[18Apr2026 00:44:34.614] [main/DEBUG] [mixin/]: Registering mixin config: yungsapi.mixins.json
[18Apr2026 00:44:34.616] [main/DEBUG] [mixin/]: Registering mixin config: yungsapi_forge.mixins.json
[18Apr2026 00:44:34.620] [main/DEBUG] [mixin/]: Adding mixin platform agents for container SecureJarResource(mixinextras)
[18Apr2026 00:44:34.620] [main/DEBUG] [mixin/]: Instancing new MixinPlatformAgentMinecraftForge for SecureJarResource(mixinextras)
[18Apr2026 00:44:34.621] [main/DEBUG] [mixin/]: MixinPlatformAgentMinecraftForge rejected container SecureJarResource(mixinextras)
[18Apr2026 00:44:34.621] [main/DEBUG] [mixin/]: Instancing new MixinPlatformAgentDefault for SecureJarResource(mixinextras)
[18Apr2026 00:44:34.621] [main/DEBUG] [mixin/]: MixinPlatformAgentDefault accepted container SecureJarResource(mixinextras)
[18Apr2026 00:44:34.621] [main/DEBUG] [mixin/]: Processing prepare() for PlatformAgent[MixinPlatformAgentDefault:SecureJarResource(mixinextras)]
[18Apr2026 00:44:34.621] [main/DEBUG] [mixin/]: Registering mixin config: mixinextras.init.mixins.json
[18Apr2026 00:44:34.624] [main/DEBUG] [mixin/]: Adding mixin platform agents for container SecureJarResource(dungeoncrawl)
[18Apr2026 00:44:34.625] [main/DEBUG] [mixin/]: Instancing new MixinPlatformAgentMinecraftForge for SecureJarResource(dungeoncrawl)
[18Apr2026 00:44:34.625] [main/DEBUG] [mixin/]: MixinPlatformAgentMinecraftForge rejected container SecureJarResource(dungeoncrawl)
[18Apr2026 00:44:34.625] [main/DEBUG] [mixin/]: Instancing new MixinPlatformAgentDefault for SecureJarResource(dungeoncrawl)
[18Apr2026 00:44:34.625] [main/DEBUG] [mixin/]: MixinPlatformAgentDefault accepted container SecureJarResource(dungeoncrawl)
[18Apr2026 00:44:34.625] [main/DEBUG] [mixin/]: Processing prepare() for PlatformAgent[MixinPlatformAgentDefault:SecureJarResource(dungeoncrawl)]
[18Apr2026 00:44:34.625] [main/DEBUG] [mixin/]: Adding mixin platform agents for container SecureJarResource(relics)
[18Apr2026 00:44:34.625] [main/DEBUG] [mixin/]: Instancing new MixinPlatformAgentMinecraftForge for SecureJarResource(relics)
[18Apr2026 00:44:34.625] [main/DEBUG] [mixin/]: MixinPlatformAgentMinecraftForge rejected container SecureJarResource(relics)
[18Apr2026 00:44:34.625] [main/DEBUG] [mixin/]: Instancing new MixinPlatformAgentDefault for SecureJarResource(relics)
[18Apr2026 00:44:34.625] [main/DEBUG] [mixin/]: MixinPlatformAgentDefault accepted container SecureJarResource(relics)
[18Apr2026 00:44:34.625] [main/DEBUG] [mixin/]: Processing prepare() for PlatformAgent[MixinPlatformAgentDefault:SecureJarResource(relics)]
[18Apr2026 00:44:34.625] [main/DEBUG] [mixin/]: Registering mixin config: relics.mixins.json
[18Apr2026 00:44:34.628] [main/DEBUG] [mixin/]: Compatibility level JAVA_8 specified by relics.mixins.json is lower than the default level supported by the current mixin service (JAVA_16).
[18Apr2026 00:44:34.628] [main/DEBUG] [mixin/]: Adding mixin platform agents for container SecureJarResource(betterdeserttemples)
[18Apr2026 00:44:34.628] [main/DEBUG] [mixin/]: Instancing new MixinPlatformAgentMinecraftForge for SecureJarResource(betterdeserttemples)
[18Apr2026 00:44:34.628] [main/DEBUG] [mixin/]: MixinPlatformAgentMinecraftForge rejected container SecureJarResource(betterdeserttemples)
[18Apr2026 00:44:34.628] [main/DEBUG] [mixin/]: Instancing new MixinPlatformAgentDefault for SecureJarResource(betterdeserttemples)
[18Apr2026 00:44:34.628] [main/DEBUG] [mixin/]: MixinPlatformAgentDefault accepted container SecureJarResource(betterdeserttemples)
[18Apr2026 00:44:34.628] [main/DEBUG] [mixin/]: Processing prepare() for PlatformAgent[MixinPlatformAgentDefault:SecureJarResource(betterdeserttemples)]
[18Apr2026 00:44:34.629] [main/DEBUG] [mixin/]: Registering mixin config: betterdeserttemples.mixins.json
[18Apr2026 00:44:34.636] [main/DEBUG] [mixin/]: Registering mixin config: betterdeserttemples_forge.mixins.json
[18Apr2026 00:44:34.638] [main/DEBUG] [mixin/]: Adding mixin platform agents for container SecureJarResource(takesapillage)
[18Apr2026 00:44:34.638] [main/DEBUG] [mixin/]: Instancing new MixinPlatformAgentMinecraftForge for SecureJarResource(takesapillage)
[18Apr2026 00:44:34.639] [main/DEBUG] [mixin/]: MixinPlatformAgentMinecraftForge rejected container SecureJarResource(takesapillage)
[18Apr2026 00:44:34.639] [main/DEBUG] [mixin/]: Instancing new MixinPlatformAgentDefault for SecureJarResource(takesapillage)
[18Apr2026 00:44:34.639] [main/DEBUG] [mixin/]: MixinPlatformAgentDefault accepted container SecureJarResource(takesapillage)
[18Apr2026 00:44:34.639] [main/DEBUG] [mixin/]: Processing prepare() for PlatformAgent[MixinPlatformAgentDefault:SecureJarResource(takesapillage)]
[18Apr2026 00:44:34.639] [main/DEBUG] [mixin/]: Registering mixin config: takesapillage.mixins.json
[18Apr2026 00:44:34.641] [main/DEBUG] [mixin/]: Adding mixin platform agents for container SecureJarResource(bygonenether)
[18Apr2026 00:44:34.641] [main/DEBUG] [mixin/]: Instancing new MixinPlatformAgentMinecraftForge for SecureJarResource(bygonenether)
[18Apr2026 00:44:34.641] [main/DEBUG] [mixin/]: MixinPlatformAgentMinecraftForge rejected container SecureJarResource(bygonenether)
[18Apr2026 00:44:34.641] [main/DEBUG] [mixin/]: Instancing new MixinPlatformAgentDefault for SecureJarResource(bygonenether)
[18Apr2026 00:44:34.641] [main/DEBUG] [mixin/]: MixinPlatformAgentDefault accepted container SecureJarResource(bygonenether)
[18Apr2026 00:44:34.641] [main/DEBUG] [mixin/]: Processing prepare() for PlatformAgent[MixinPlatformAgentDefault:SecureJarResource(bygonenether)]
[18Apr2026 00:44:34.641] [main/DEBUG] [mixin/]: Registering mixin config: bygonenether.mixins.json
[18Apr2026 00:44:34.644] [main/DEBUG] [mixin/]: Adding mixin platform agents for container SecureJarResource(ramcompat)
[18Apr2026 00:44:34.644] [main/DEBUG] [mixin/]: Instancing new MixinPlatformAgentMinecraftForge for SecureJarResource(ramcompat)
[18Apr2026 00:44:34.644] [main/DEBUG] [mixin/]: MixinPlatformAgentMinecraftForge rejected container SecureJarResource(ramcompat)
[18Apr2026 00:44:34.644] [main/DEBUG] [mixin/]: Instancing new MixinPlatformAgentDefault for SecureJarResource(ramcompat)
[18Apr2026 00:44:34.644] [main/DEBUG] [mixin/]: MixinPlatformAgentDefault accepted container SecureJarResource(ramcompat)
[18Apr2026 00:44:34.645] [main/DEBUG] [mixin/]: Processing prepare() for PlatformAgent[MixinPlatformAgentDefault:SecureJarResource(ramcompat)]
[18Apr2026 00:44:34.645] [main/DEBUG] [mixin/]: Registering mixin config: ramcompat.mixins.json
[18Apr2026 00:44:34.646] [main/DEBUG] [mixin/]: Compatibility level JAVA_8 specified by ramcompat.mixins.json is lower than the default level supported by the current mixin service (JAVA_16).
[18Apr2026 00:44:34.646] [main/DEBUG] [mixin/]: Adding mixin platform agents for container SecureJarResource(betterfortresses)
[18Apr2026 00:44:34.646] [main/DEBUG] [mixin/]: Instancing new MixinPlatformAgentMinecraftForge for SecureJarResource(betterfortresses)
[18Apr2026 00:44:34.646] [main/DEBUG] [mixin/]: MixinPlatformAgentMinecraftForge rejected container SecureJarResource(betterfortresses)
[18Apr2026 00:44:34.647] [main/DEBUG] [mixin/]: Instancing new MixinPlatformAgentDefault for SecureJarResource(betterfortresses)
[18Apr2026 00:44:34.647] [main/DEBUG] [mixin/]: MixinPlatformAgentDefault accepted container SecureJarResource(betterfortresses)
[18Apr2026 00:44:34.647] [main/DEBUG] [mixin/]: Processing prepare() for PlatformAgent[MixinPlatformAgentDefault:SecureJarResource(betterfortresses)]
[18Apr2026 00:44:34.647] [main/DEBUG] [mixin/]: Registering mixin config: betterfortresses.mixins.json
[18Apr2026 00:44:34.648] [main/DEBUG] [mixin/]: Registering mixin config: betterfortresses_forge.mixins.json
[18Apr2026 00:44:34.650] [main/DEBUG] [mixin/]: Adding mixin platform agents for container SecureJarResource(dungeons_arise_seven_seas)
[18Apr2026 00:44:34.650] [main/DEBUG] [mixin/]: Instancing new MixinPlatformAgentMinecraftForge for SecureJarResource(dungeons_arise_seven_seas)
[18Apr2026 00:44:34.650] [main/DEBUG] [mixin/]: MixinPlatformAgentMinecraftForge rejected container SecureJarResource(dungeons_arise_seven_seas)
[18Apr2026 00:44:34.650] [main/DEBUG] [mixin/]: Instancing new MixinPlatformAgentDefault for SecureJarResource(dungeons_arise_seven_seas)
[18Apr2026 00:44:34.650] [main/DEBUG] [mixin/]: MixinPlatformAgentDefault accepted container SecureJarResource(dungeons_arise_seven_seas)
[18Apr2026 00:44:34.651] [main/DEBUG] [mixin/]: Processing prepare() for PlatformAgent[MixinPlatformAgentDefault:SecureJarResource(dungeons_arise_seven_seas)]
[18Apr2026 00:44:34.651] [main/DEBUG] [mixin/]: Adding mixin platform agents for container SecureJarResource(forge)
[18Apr2026 00:44:34.651] [main/DEBUG] [mixin/]: Instancing new MixinPlatformAgentMinecraftForge for SecureJarResource(forge)
[18Apr2026 00:44:34.651] [main/DEBUG] [mixin/]: MixinPlatformAgentMinecraftForge rejected container SecureJarResource(forge)
[18Apr2026 00:44:34.651] [main/DEBUG] [mixin/]: Instancing new MixinPlatformAgentDefault for SecureJarResource(forge)
[18Apr2026 00:44:34.651] [main/DEBUG] [mixin/]: MixinPlatformAgentDefault accepted container SecureJarResource(forge)
[18Apr2026 00:44:34.651] [main/DEBUG] [mixin/]: Processing prepare() for PlatformAgent[MixinPlatformAgentDefault:SecureJarResource(forge)]
[18Apr2026 00:44:34.651] [main/DEBUG] [mixin/]: Adding mixin platform agents for container SecureJarResource(more_villager_trades)
[18Apr2026 00:44:34.651] [main/DEBUG] [mixin/]: Instancing new MixinPlatformAgentMinecraftForge for SecureJarResource(more_villager_trades)
[18Apr2026 00:44:34.651] [main/DEBUG] [mixin/]: MixinPlatformAgentMinecraftForge rejected container SecureJarResource(more_villager_trades)
[18Apr2026 00:44:34.651] [main/DEBUG] [mixin/]: Instancing new MixinPlatformAgentDefault for SecureJarResource(more_villager_trades)
[18Apr2026 00:44:34.651] [main/DEBUG] [mixin/]: MixinPlatformAgentDefault accepted container SecureJarResource(more_villager_trades)
[18Apr2026 00:44:34.651] [main/DEBUG] [mixin/]: Processing prepare() for PlatformAgent[MixinPlatformAgentDefault:SecureJarResource(more_villager_trades)]
[18Apr2026 00:44:34.651] [main/DEBUG] [mixin/]: Adding mixin platform agents for container SecureJarResource(lootintegrations_bygonepillage)
[18Apr2026 00:44:34.651] [main/DEBUG] [mixin/]: Instancing new MixinPlatformAgentMinecraftForge for SecureJarResource(lootintegrations_bygonepillage)
[18Apr2026 00:44:34.651] [main/DEBUG] [mixin/]: MixinPlatformAgentMinecraftForge rejected container SecureJarResource(lootintegrations_bygonepillage)
[18Apr2026 00:44:34.651] [main/DEBUG] [mixin/]: Instancing new MixinPlatformAgentDefault for SecureJarResource(lootintegrations_bygonepillage)
[18Apr2026 00:44:34.651] [main/DEBUG] [mixin/]: MixinPlatformAgentDefault accepted container SecureJarResource(lootintegrations_bygonepillage)
[18Apr2026 00:44:34.651] [main/DEBUG] [mixin/]: Processing prepare() for PlatformAgent[MixinPlatformAgentDefault:SecureJarResource(lootintegrations_bygonepillage)]
[18Apr2026 00:44:34.652] [main/DEBUG] [mixin/]: Adding mixin platform agents for container SecureJarResource(dungeons_arise)
[18Apr2026 00:44:34.652] [main/DEBUG] [mixin/]: Instancing new MixinPlatformAgentMinecraftForge for SecureJarResource(dungeons_arise)
[18Apr2026 00:44:34.652] [main/DEBUG] [mixin/]: MixinPlatformAgentMinecraftForge rejected container SecureJarResource(dungeons_arise)
[18Apr2026 00:44:34.652] [main/DEBUG] [mixin/]: Instancing new MixinPlatformAgentDefault for SecureJarResource(dungeons_arise)
[18Apr2026 00:44:34.652] [main/DEBUG] [mixin/]: MixinPlatformAgentDefault accepted container SecureJarResource(dungeons_arise)
[18Apr2026 00:44:34.652] [main/DEBUG] [mixin/]: Processing prepare() for PlatformAgent[MixinPlatformAgentDefault:SecureJarResource(dungeons_arise)]
[18Apr2026 00:44:34.652] [main/DEBUG] [mixin/]: Adding mixin platform agents for container SecureJarResource(minecraft)
[18Apr2026 00:44:34.652] [main/DEBUG] [mixin/]: Instancing new MixinPlatformAgentMinecraftForge for SecureJarResource(minecraft)
[18Apr2026 00:44:34.652] [main/DEBUG] [mixin/]: MixinPlatformAgentMinecraftForge rejected container SecureJarResource(minecraft)
[18Apr2026 00:44:34.652] [main/DEBUG] [mixin/]: Instancing new MixinPlatformAgentDefault for SecureJarResource(minecraft)
[18Apr2026 00:44:34.652] [main/DEBUG] [mixin/]: MixinPlatformAgentDefault accepted container SecureJarResource(minecraft)
[18Apr2026 00:44:34.652] [main/DEBUG] [mixin/]: Processing prepare() for PlatformAgent[MixinPlatformAgentDefault:SecureJarResource(minecraft)]
[18Apr2026 00:44:34.652] [main/DEBUG] [mixin/]: Adding mixin platform agents for container SecureJarResource(farmersdelight)
[18Apr2026 00:44:34.652] [main/DEBUG] [mixin/]: Instancing new MixinPlatformAgentMinecraftForge for SecureJarResource(farmersdelight)
[18Apr2026 00:44:34.652] [main/DEBUG] [mixin/]: MixinPlatformAgentMinecraftForge rejected container SecureJarResource(farmersdelight)
[18Apr2026 00:44:34.652] [main/DEBUG] [mixin/]: Instancing new MixinPlatformAgentDefault for SecureJarResource(farmersdelight)
[18Apr2026 00:44:34.653] [main/DEBUG] [mixin/]: MixinPlatformAgentDefault accepted container SecureJarResource(farmersdelight)
[18Apr2026 00:44:34.653] [main/DEBUG] [mixin/]: Processing prepare() for PlatformAgent[MixinPlatformAgentDefault:SecureJarResource(farmersdelight)]
[18Apr2026 00:44:34.653] [main/DEBUG] [mixin/]: Registering mixin config: farmersdelight.mixins.json
[18Apr2026 00:44:34.657] [main/DEBUG] [mixin/]: Adding mixin platform agents for container SecureJarResource(alexscaves)
[18Apr2026 00:44:34.657] [main/DEBUG] [mixin/]: Instancing new MixinPlatformAgentMinecraftForge for SecureJarResource(alexscaves)
[18Apr2026 00:44:34.657] [main/DEBUG] [mixin/]: MixinPlatformAgentMinecraftForge rejected container SecureJarResource(alexscaves)
[18Apr2026 00:44:34.658] [main/DEBUG] [mixin/]: Instancing new MixinPlatformAgentDefault for SecureJarResource(alexscaves)
[18Apr2026 00:44:34.658] [main/DEBUG] [mixin/]: MixinPlatformAgentDefault accepted container SecureJarResource(alexscaves)
[18Apr2026 00:44:34.658] [main/DEBUG] [mixin/]: Processing prepare() for PlatformAgent[MixinPlatformAgentDefault:SecureJarResource(alexscaves)]
[18Apr2026 00:44:34.658] [main/DEBUG] [mixin/]: Registering mixin config: citadel.mixins.json
[18Apr2026 00:44:34.658] [main/DEBUG] [mixin/]: Registering mixin config: alexscaves.mixins.json
[18Apr2026 00:44:34.663] [main/DEBUG] [mixin/]: Adding mixin platform agents for container SecureJarResource(morevillagers)
[18Apr2026 00:44:34.665] [main/DEBUG] [mixin/]: Instancing new MixinPlatformAgentMinecraftForge for SecureJarResource(morevillagers)
[18Apr2026 00:44:34.665] [main/DEBUG] [mixin/]: MixinPlatformAgentMinecraftForge rejected container SecureJarResource(morevillagers)
[18Apr2026 00:44:34.665] [main/DEBUG] [mixin/]: Instancing new MixinPlatformAgentDefault for SecureJarResource(morevillagers)
[18Apr2026 00:44:34.665] [main/DEBUG] [mixin/]: MixinPlatformAgentDefault accepted container SecureJarResource(morevillagers)
[18Apr2026 00:44:34.665] [main/DEBUG] [mixin/]: Processing prepare() for PlatformAgent[MixinPlatformAgentDefault:SecureJarResource(morevillagers)]
[18Apr2026 00:44:34.665] [main/DEBUG] [mixin/]: Registering mixin config: morevillagers-common.mixins.json
[18Apr2026 00:44:34.667] [main/DEBUG] [mixin/]: Registering mixin config: morevillagers.mixins.json
[18Apr2026 00:44:34.669] [main/DEBUG] [mixin/]: Adding mixin platform agents for container SecureJarResource(lootintegrations_vanilla)
[18Apr2026 00:44:34.669] [main/DEBUG] [mixin/]: Instancing new MixinPlatformAgentMinecraftForge for SecureJarResource(lootintegrations_vanilla)
[18Apr2026 00:44:34.669] [main/DEBUG] [mixin/]: MixinPlatformAgentMinecraftForge rejected container SecureJarResource(lootintegrations_vanilla)
[18Apr2026 00:44:34.669] [main/DEBUG] [mixin/]: Instancing new MixinPlatformAgentDefault for SecureJarResource(lootintegrations_vanilla)
[18Apr2026 00:44:34.669] [main/DEBUG] [mixin/]: MixinPlatformAgentDefault accepted container SecureJarResource(lootintegrations_vanilla)
[18Apr2026 00:44:34.669] [main/DEBUG] [mixin/]: Processing prepare() for PlatformAgent[MixinPlatformAgentDefault:SecureJarResource(lootintegrations_vanilla)]
[18Apr2026 00:44:34.669] [main/DEBUG] [mixin/]: Adding mixin platform agents for container SecureJarResource(mousetweaks)
[18Apr2026 00:44:34.669] [main/DEBUG] [mixin/]: Instancing new MixinPlatformAgentMinecraftForge for SecureJarResource(mousetweaks)
[18Apr2026 00:44:34.669] [main/DEBUG] [mixin/]: MixinPlatformAgentMinecraftForge rejected container SecureJarResource(mousetweaks)
[18Apr2026 00:44:34.669] [main/DEBUG] [mixin/]: Instancing new MixinPlatformAgentDefault for SecureJarResource(mousetweaks)
[18Apr2026 00:44:34.669] [main/DEBUG] [mixin/]: MixinPlatformAgentDefault accepted container SecureJarResource(mousetweaks)
[18Apr2026 00:44:34.669] [main/DEBUG] [mixin/]: Processing prepare() for PlatformAgent[MixinPlatformAgentDefault:SecureJarResource(mousetweaks)]
[18Apr2026 00:44:34.669] [main/DEBUG] [mixin/]: Registering mixin config: mousetweaks.mixins.json
[18Apr2026 00:44:34.673] [main/DEBUG] [mixin/]: Adding mixin platform agents for container SecureJarResource(lootintegration_wda)
[18Apr2026 00:44:34.674] [main/DEBUG] [mixin/]: Instancing new MixinPlatformAgentMinecraftForge for SecureJarResource(lootintegration_wda)
[18Apr2026 00:44:34.674] [main/DEBUG] [mixin/]: MixinPlatformAgentMinecraftForge rejected container SecureJarResource(lootintegration_wda)
[18Apr2026 00:44:34.674] [main/DEBUG] [mixin/]: Instancing new MixinPlatformAgentDefault for SecureJarResource(lootintegration_wda)
[18Apr2026 00:44:34.674] [main/DEBUG] [mixin/]: MixinPlatformAgentDefault accepted container SecureJarResource(lootintegration_wda)
[18Apr2026 00:44:34.674] [main/DEBUG] [mixin/]: Processing prepare() for PlatformAgent[MixinPlatformAgentDefault:SecureJarResource(lootintegration_wda)]
[18Apr2026 00:44:34.674] [main/DEBUG] [mixin/]: Adding mixin platform agents for container SecureJarResource(fantasy_armor)
[18Apr2026 00:44:34.674] [main/DEBUG] [mixin/]: Instancing new MixinPlatformAgentMinecraftForge for SecureJarResource(fantasy_armor)
[18Apr2026 00:44:34.674] [main/DEBUG] [mixin/]: MixinPlatformAgentMinecraftForge rejected container SecureJarResource(fantasy_armor)
[18Apr2026 00:44:34.674] [main/DEBUG] [mixin/]: Instancing new MixinPlatformAgentDefault for SecureJarResource(fantasy_armor)
[18Apr2026 00:44:34.674] [main/DEBUG] [mixin/]: MixinPlatformAgentDefault accepted container SecureJarResource(fantasy_armor)
[18Apr2026 00:44:34.674] [main/DEBUG] [mixin/]: Processing prepare() for PlatformAgent[MixinPlatformAgentDefault:SecureJarResource(fantasy_armor)]
[18Apr2026 00:44:34.674] [main/DEBUG] [mixin/]: Adding mixin platform agents for container SecureJarResource(yungsbridges)
[18Apr2026 00:44:34.674] [main/DEBUG] [mixin/]: Instancing new MixinPlatformAgentMinecraftForge for SecureJarResource(yungsbridges)
[18Apr2026 00:44:34.674] [main/DEBUG] [mixin/]: MixinPlatformAgentMinecraftForge rejected container SecureJarResource(yungsbridges)
[18Apr2026 00:44:34.674] [main/DEBUG] [mixin/]: Instancing new MixinPlatformAgentDefault for SecureJarResource(yungsbridges)
[18Apr2026 00:44:34.674] [main/DEBUG] [mixin/]: MixinPlatformAgentDefault accepted container SecureJarResource(yungsbridges)
[18Apr2026 00:44:34.674] [main/DEBUG] [mixin/]: Processing prepare() for PlatformAgent[MixinPlatformAgentDefault:SecureJarResource(yungsbridges)]
[18Apr2026 00:44:34.674] [main/DEBUG] [mixin/]: Registering mixin config: yungsbridges.mixins.json
[18Apr2026 00:44:34.677] [main/DEBUG] [mixin/]: Registering mixin config: yungsbridges_forge.mixins.json
[18Apr2026 00:44:34.678] [main/DEBUG] [mixin/]: Adding mixin platform agents for container SecureJarResource(lootintegrations_yungs)
[18Apr2026 00:44:34.678] [main/DEBUG] [mixin/]: Instancing new MixinPlatformAgentMinecraftForge for SecureJarResource(lootintegrations_yungs)
[18Apr2026 00:44:34.678] [main/DEBUG] [mixin/]: MixinPlatformAgentMinecraftForge rejected container SecureJarResource(lootintegrations_yungs)
[18Apr2026 00:44:34.678] [main/DEBUG] [mixin/]: Instancing new MixinPlatformAgentDefault for SecureJarResource(lootintegrations_yungs)
[18Apr2026 00:44:34.678] [main/DEBUG] [mixin/]: MixinPlatformAgentDefault accepted container SecureJarResource(lootintegrations_yungs)
[18Apr2026 00:44:34.678] [main/DEBUG] [mixin/]: Processing prepare() for PlatformAgent[MixinPlatformAgentDefault:SecureJarResource(lootintegrations_yungs)]
[18Apr2026 00:44:34.678] [main/DEBUG] [mixin/]: Adding mixin platform agents for container SecureJarResource(lootintegrations_dungeoncrawl)
[18Apr2026 00:44:34.678] [main/DEBUG] [mixin/]: Instancing new MixinPlatformAgentMinecraftForge for SecureJarResource(lootintegrations_dungeoncrawl)
[18Apr2026 00:44:34.678] [main/DEBUG] [mixin/]: MixinPlatformAgentMinecraftForge rejected container SecureJarResource(lootintegrations_dungeoncrawl)
[18Apr2026 00:44:34.678] [main/DEBUG] [mixin/]: Instancing new MixinPlatformAgentDefault for SecureJarResource(lootintegrations_dungeoncrawl)
[18Apr2026 00:44:34.678] [main/DEBUG] [mixin/]: MixinPlatformAgentDefault accepted container SecureJarResource(lootintegrations_dungeoncrawl)
[18Apr2026 00:44:34.678] [main/DEBUG] [mixin/]: Processing prepare() for PlatformAgent[MixinPlatformAgentDefault:SecureJarResource(lootintegrations_dungeoncrawl)]
[18Apr2026 00:44:34.678] [main/DEBUG] [mixin/]: Adding mixin platform agents for container SecureJarResource(alexsmobsinteraction)
[18Apr2026 00:44:34.678] [main/DEBUG] [mixin/]: Instancing new MixinPlatformAgentMinecraftForge for SecureJarResource(alexsmobsinteraction)
[18Apr2026 00:44:34.679] [main/DEBUG] [mixin/]: MixinPlatformAgentMinecraftForge rejected container SecureJarResource(alexsmobsinteraction)
[18Apr2026 00:44:34.679] [main/DEBUG] [mixin/]: Instancing new MixinPlatformAgentDefault for SecureJarResource(alexsmobsinteraction)
[18Apr2026 00:44:34.679] [main/DEBUG] [mixin/]: MixinPlatformAgentDefault accepted container SecureJarResource(alexsmobsinteraction)
[18Apr2026 00:44:34.679] [main/DEBUG] [mixin/]: Processing prepare() for PlatformAgent[MixinPlatformAgentDefault:SecureJarResource(alexsmobsinteraction)]
[18Apr2026 00:44:34.679] [main/DEBUG] [mixin/]: Registering mixin config: alexsmobsinteraction.mixins.json
[18Apr2026 00:44:34.684] [main/DEBUG] [mixin/]: Compatibility level JAVA_8 specified by alexsmobsinteraction.mixins.json is lower than the default level supported by the current mixin service (JAVA_16).
[18Apr2026 00:44:34.685] [main/DEBUG] [mixin/]: Adding mixin platform agents for container SecureJarResource(alexsmobs)
[18Apr2026 00:44:34.685] [main/DEBUG] [mixin/]: Instancing new MixinPlatformAgentMinecraftForge for SecureJarResource(alexsmobs)
[18Apr2026 00:44:34.685] [main/DEBUG] [mixin/]: MixinPlatformAgentMinecraftForge rejected container SecureJarResource(alexsmobs)
[18Apr2026 00:44:34.685] [main/DEBUG] [mixin/]: Instancing new MixinPlatformAgentDefault for SecureJarResource(alexsmobs)
[18Apr2026 00:44:34.685] [main/DEBUG] [mixin/]: MixinPlatformAgentDefault accepted container SecureJarResource(alexsmobs)
[18Apr2026 00:44:34.685] [main/DEBUG] [mixin/]: Processing prepare() for PlatformAgent[MixinPlatformAgentDefault:SecureJarResource(alexsmobs)]
[18Apr2026 00:44:34.685] [main/DEBUG] [mixin/]: Registering mixin config: citadel.mixins.json
[18Apr2026 00:44:34.685] [main/DEBUG] [mixin/]: Adding mixin platform agents for container SecureJarResource(curios)
[18Apr2026 00:44:34.685] [main/DEBUG] [mixin/]: Instancing new MixinPlatformAgentMinecraftForge for SecureJarResource(curios)
[18Apr2026 00:44:34.685] [main/DEBUG] [mixin/]: MixinPlatformAgentMinecraftForge rejected container SecureJarResource(curios)
[18Apr2026 00:44:34.685] [main/DEBUG] [mixin/]: Instancing new MixinPlatformAgentDefault for SecureJarResource(curios)
[18Apr2026 00:44:34.685] [main/DEBUG] [mixin/]: MixinPlatformAgentDefault accepted container SecureJarResource(curios)
[18Apr2026 00:44:34.685] [main/DEBUG] [mixin/]: Processing prepare() for PlatformAgent[MixinPlatformAgentDefault:SecureJarResource(curios)]
[18Apr2026 00:44:34.685] [main/DEBUG] [mixin/]: Registering mixin config: curios.mixins.json
[18Apr2026 00:44:34.688] [main/DEBUG] [mixin/]: Adding mixin platform agents for container SecureJarResource(patchouli)
[18Apr2026 00:44:34.688] [main/DEBUG] [mixin/]: Instancing new MixinPlatformAgentMinecraftForge for SecureJarResource(patchouli)
[18Apr2026 00:44:34.688] [main/DEBUG] [mixin/]: MixinPlatformAgentMinecraftForge rejected container SecureJarResource(patchouli)
[18Apr2026 00:44:34.688] [main/DEBUG] [mixin/]: Instancing new MixinPlatformAgentDefault for SecureJarResource(patchouli)
[18Apr2026 00:44:34.688] [main/DEBUG] [mixin/]: MixinPlatformAgentDefault accepted container SecureJarResource(patchouli)
[18Apr2026 00:44:34.688] [main/DEBUG] [mixin/]: Processing prepare() for PlatformAgent[MixinPlatformAgentDefault:SecureJarResource(patchouli)]
[18Apr2026 00:44:34.688] [main/DEBUG] [mixin/]: Registering mixin config: patchouli_xplat.mixins.json
[18Apr2026 00:44:34.691] [main/DEBUG] [mixin/]: Adding mixin platform agents for container SecureJarResource(xaerominimap)
[18Apr2026 00:44:34.691] [main/DEBUG] [mixin/]: Instancing new MixinPlatformAgentMinecraftForge for SecureJarResource(xaerominimap)
[18Apr2026 00:44:34.691] [main/DEBUG] [mixin/]: MixinPlatformAgentMinecraftForge rejected container SecureJarResource(xaerominimap)
[18Apr2026 00:44:34.691] [main/DEBUG] [mixin/]: Instancing new MixinPlatformAgentDefault for SecureJarResource(xaerominimap)
[18Apr2026 00:44:34.691] [main/DEBUG] [mixin/]: MixinPlatformAgentDefault accepted container SecureJarResource(xaerominimap)
[18Apr2026 00:44:34.691] [main/DEBUG] [mixin/]: Processing prepare() for PlatformAgent[MixinPlatformAgentDefault:SecureJarResource(xaerominimap)]
[18Apr2026 00:44:34.691] [main/DEBUG] [mixin/]: Registering mixin config: xaerohud.mixins.json
[18Apr2026 00:44:34.693] [main/DEBUG] [mixin/]: Registering mixin config: xaerohud.forge.mixins.json
[18Apr2026 00:44:34.695] [main/DEBUG] [mixin/]: Registering mixin config: xaerominimap.mixins.json
[18Apr2026 00:44:34.696] [main/DEBUG] [mixin/]: Registering mixin config: xaerominimap.forge.mixins.json
[18Apr2026 00:44:34.698] [main/DEBUG] [mixin/]: Adding mixin platform agents for container SecureJarResource(mes)
[18Apr2026 00:44:34.698] [main/DEBUG] [mixin/]: Instancing new MixinPlatformAgentMinecraftForge for SecureJarResource(mes)
[18Apr2026 00:44:34.698] [main/DEBUG] [mixin/]: MixinPlatformAgentMinecraftForge rejected container SecureJarResource(mes)
[18Apr2026 00:44:34.698] [main/DEBUG] [mixin/]: Instancing new MixinPlatformAgentDefault for SecureJarResource(mes)
[18Apr2026 00:44:34.698] [main/DEBUG] [mixin/]: MixinPlatformAgentDefault accepted container SecureJarResource(mes)
[18Apr2026 00:44:34.698] [main/DEBUG] [mixin/]: Processing prepare() for PlatformAgent[MixinPlatformAgentDefault:SecureJarResource(mes)]
[18Apr2026 00:44:34.698] [main/DEBUG] [mixin/]: Registering mixin config: mes-common.mixins.json
[18Apr2026 00:44:34.699] [main/DEBUG] [mixin/]: Registering mixin config: mes-forge.mixins.json
[18Apr2026 00:44:34.702] [main/DEBUG] [mixin/]: Adding mixin platform agents for container SecureJarResource(goblins)
[18Apr2026 00:44:34.702] [main/DEBUG] [mixin/]: Instancing new MixinPlatformAgentMinecraftForge for SecureJarResource(goblins)
[18Apr2026 00:44:34.702] [main/DEBUG] [mixin/]: MixinPlatformAgentMinecraftForge rejected container SecureJarResource(goblins)
[18Apr2026 00:44:34.702] [main/DEBUG] [mixin/]: Instancing new MixinPlatformAgentDefault for SecureJarResource(goblins)
[18Apr2026 00:44:34.702] [main/DEBUG] [mixin/]: MixinPlatformAgentDefault accepted container SecureJarResource(goblins)
[18Apr2026 00:44:34.702] [main/DEBUG] [mixin/]: Processing prepare() for PlatformAgent[MixinPlatformAgentDefault:SecureJarResource(goblins)]
[18Apr2026 00:44:34.702] [main/DEBUG] [mixin/]: Adding mixin platform agents for container SecureJarResource(yungsextras)
[18Apr2026 00:44:34.702] [main/DEBUG] [mixin/]: Instancing new MixinPlatformAgentMinecraftForge for SecureJarResource(yungsextras)
[18Apr2026 00:44:34.702] [main/DEBUG] [mixin/]: MixinPlatformAgentMinecraftForge rejected container SecureJarResource(yungsextras)
[18Apr2026 00:44:34.702] [main/DEBUG] [mixin/]: Instancing new MixinPlatformAgentDefault for SecureJarResource(yungsextras)
[18Apr2026 00:44:34.702] [main/DEBUG] [mixin/]: MixinPlatformAgentDefault accepted container SecureJarResource(yungsextras)
[18Apr2026 00:44:34.702] [main/DEBUG] [mixin/]: Processing prepare() for PlatformAgent[MixinPlatformAgentDefault:SecureJarResource(yungsextras)]
[18Apr2026 00:44:34.702] [main/DEBUG] [mixin/]: Registering mixin config: yungsextras.mixins.json
[18Apr2026 00:44:34.704] [main/DEBUG] [mixin/]: Registering mixin config: yungsextras_forge.mixins.json
[18Apr2026 00:44:34.706] [main/DEBUG] [mixin/]: Adding mixin platform agents for container SecureJarResource(bettervillage)
[18Apr2026 00:44:34.706] [main/DEBUG] [mixin/]: Instancing new MixinPlatformAgentMinecraftForge for SecureJarResource(bettervillage)
[18Apr2026 00:44:34.706] [main/DEBUG] [mixin/]: MixinPlatformAgentMinecraftForge rejected container SecureJarResource(bettervillage)
[18Apr2026 00:44:34.706] [main/DEBUG] [mixin/]: Instancing new MixinPlatformAgentDefault for SecureJarResource(bettervillage)
[18Apr2026 00:44:34.706] [main/DEBUG] [mixin/]: MixinPlatformAgentDefault accepted container SecureJarResource(bettervillage)
[18Apr2026 00:44:34.706] [main/DEBUG] [mixin/]: Processing prepare() for PlatformAgent[MixinPlatformAgentDefault:SecureJarResource(bettervillage)]
[18Apr2026 00:44:34.706] [main/DEBUG] [mixin/]: Registering mixin config: bettervillage.mixins.json
[18Apr2026 00:44:34.708] [main/DEBUG] [mixin/]: Adding mixin platform agents for container SecureJarResource(betterstrongholds)
[18Apr2026 00:44:34.708] [main/DEBUG] [mixin/]: Instancing new MixinPlatformAgentMinecraftForge for SecureJarResource(betterstrongholds)
[18Apr2026 00:44:34.708] [main/DEBUG] [mixin/]: MixinPlatformAgentMinecraftForge rejected container SecureJarResource(betterstrongholds)
[18Apr2026 00:44:34.708] [main/DEBUG] [mixin/]: Instancing new MixinPlatformAgentDefault for SecureJarResource(betterstrongholds)
[18Apr2026 00:44:34.708] [main/DEBUG] [mixin/]: MixinPlatformAgentDefault accepted container SecureJarResource(betterstrongholds)
[18Apr2026 00:44:34.708] [main/DEBUG] [mixin/]: Processing prepare() for PlatformAgent[MixinPlatformAgentDefault:SecureJarResource(betterstrongholds)]
[18Apr2026 00:44:34.709] [main/DEBUG] [mixin/]: Registering mixin config: betterstrongholds.mixins.json
[18Apr2026 00:44:34.710] [main/DEBUG] [mixin/]: Registering mixin config: betterstrongholds_forge.mixins.json
[18Apr2026 00:44:34.711] [main/DEBUG] [mixin/]: Adding mixin platform agents for container SecureJarResource(farmers_structures)
[18Apr2026 00:44:34.711] [main/DEBUG] [mixin/]: Instancing new MixinPlatformAgentMinecraftForge for SecureJarResource(farmers_structures)
[18Apr2026 00:44:34.711] [main/DEBUG] [mixin/]: MixinPlatformAgentMinecraftForge rejected container SecureJarResource(farmers_structures)
[18Apr2026 00:44:34.711] [main/DEBUG] [mixin/]: Instancing new MixinPlatformAgentDefault for SecureJarResource(farmers_structures)
[18Apr2026 00:44:34.711] [main/DEBUG] [mixin/]: MixinPlatformAgentDefault accepted container SecureJarResource(farmers_structures)
[18Apr2026 00:44:34.711] [main/DEBUG] [mixin/]: Processing prepare() for PlatformAgent[MixinPlatformAgentDefault:SecureJarResource(farmers_structures)]
[18Apr2026 00:44:34.711] [main/DEBUG] [mixin/]: Adding mixin platform agents for container SecureJarResource(mvs)
[18Apr2026 00:44:34.711] [main/DEBUG] [mixin/]: Instancing new MixinPlatformAgentMinecraftForge for SecureJarResource(mvs)
[18Apr2026 00:44:34.711] [main/DEBUG] [mixin/]: MixinPlatformAgentMinecraftForge rejected container SecureJarResource(mvs)
[18Apr2026 00:44:34.712] [main/DEBUG] [mixin/]: Instancing new MixinPlatformAgentDefault for SecureJarResource(mvs)
[18Apr2026 00:44:34.712] [main/DEBUG] [mixin/]: MixinPlatformAgentDefault accepted container SecureJarResource(mvs)
[18Apr2026 00:44:34.712] [main/DEBUG] [mixin/]: Processing prepare() for PlatformAgent[MixinPlatformAgentDefault:SecureJarResource(mvs)]
[18Apr2026 00:44:34.712] [main/DEBUG] [mixin/]: Adding mixin platform agents for container SecureJarResource(architectury)
[18Apr2026 00:44:34.712] [main/DEBUG] [mixin/]: Instancing new MixinPlatformAgentMinecraftForge for SecureJarResource(architectury)
[18Apr2026 00:44:34.712] [main/DEBUG] [mixin/]: MixinPlatformAgentMinecraftForge rejected container SecureJarResource(architectury)
[18Apr2026 00:44:34.712] [main/DEBUG] [mixin/]: Instancing new MixinPlatformAgentDefault for SecureJarResource(architectury)
[18Apr2026 00:44:34.712] [main/DEBUG] [mixin/]: MixinPlatformAgentDefault accepted container SecureJarResource(architectury)
[18Apr2026 00:44:34.712] [main/DEBUG] [mixin/]: Processing prepare() for PlatformAgent[MixinPlatformAgentDefault:SecureJarResource(architectury)]
[18Apr2026 00:44:34.712] [main/DEBUG] [mixin/]: Registering mixin config: architectury.mixins.json
[18Apr2026 00:44:34.713] [main/DEBUG] [mixin/]: Compatibility level JAVA_16 specified by architectury.mixins.json is higher than the maximum level supported by this version of mixin (JAVA_13).
[18Apr2026 00:44:34.713] [main/DEBUG] [mixin/]: Registering mixin config: architectury-common.mixins.json
[18Apr2026 00:44:34.715] [main/DEBUG] [mixin/]: Compatibility level JAVA_16 specified by architectury-common.mixins.json is higher than the maximum level supported by this version of mixin (JAVA_13).
[18Apr2026 00:44:34.715] [main/DEBUG] [mixin/]: Adding mixin platform agents for container SecureJarResource(ftblibrary)
[18Apr2026 00:44:34.715] [main/DEBUG] [mixin/]: Instancing new MixinPlatformAgentMinecraftForge for SecureJarResource(ftblibrary)
[18Apr2026 00:44:34.715] [main/DEBUG] [mixin/]: MixinPlatformAgentMinecraftForge rejected container SecureJarResource(ftblibrary)
[18Apr2026 00:44:34.715] [main/DEBUG] [mixin/]: Instancing new MixinPlatformAgentDefault for SecureJarResource(ftblibrary)
[18Apr2026 00:44:34.715] [main/DEBUG] [mixin/]: MixinPlatformAgentDefault accepted container SecureJarResource(ftblibrary)
[18Apr2026 00:44:34.715] [main/DEBUG] [mixin/]: Processing prepare() for PlatformAgent[MixinPlatformAgentDefault:SecureJarResource(ftblibrary)]
[18Apr2026 00:44:34.715] [main/DEBUG] [mixin/]: Registering mixin config: ftblibrary-common.mixins.json
[18Apr2026 00:44:34.716] [main/DEBUG] [mixin/]: Compatibility level JAVA_8 specified by ftblibrary-common.mixins.json is lower than the default level supported by the current mixin service (JAVA_16).
[18Apr2026 00:44:34.717] [main/DEBUG] [mixin/]: Adding mixin platform agents for container SecureJarResource(octolib)
[18Apr2026 00:44:34.717] [main/DEBUG] [mixin/]: Instancing new MixinPlatformAgentMinecraftForge for SecureJarResource(octolib)
[18Apr2026 00:44:34.717] [main/DEBUG] [mixin/]: MixinPlatformAgentMinecraftForge rejected container SecureJarResource(octolib)
[18Apr2026 00:44:34.717] [main/DEBUG] [mixin/]: Instancing new MixinPlatformAgentDefault for SecureJarResource(octolib)
[18Apr2026 00:44:34.717] [main/DEBUG] [mixin/]: MixinPlatformAgentDefault accepted container SecureJarResource(octolib)
[18Apr2026 00:44:34.717] [main/DEBUG] [mixin/]: Processing prepare() for PlatformAgent[MixinPlatformAgentDefault:SecureJarResource(octolib)]
[18Apr2026 00:44:34.717] [main/DEBUG] [mixin/]: Adding mixin platform agents for container SecureJarResource(itemfilters)
[18Apr2026 00:44:34.717] [main/DEBUG] [mixin/]: Instancing new MixinPlatformAgentMinecraftForge for SecureJarResource(itemfilters)
[18Apr2026 00:44:34.717] [main/DEBUG] [mixin/]: MixinPlatformAgentMinecraftForge rejected container SecureJarResource(itemfilters)
[18Apr2026 00:44:34.717] [main/DEBUG] [mixin/]: Instancing new MixinPlatformAgentDefault for SecureJarResource(itemfilters)
[18Apr2026 00:44:34.717] [main/DEBUG] [mixin/]: MixinPlatformAgentDefault accepted container SecureJarResource(itemfilters)
[18Apr2026 00:44:34.717] [main/DEBUG] [mixin/]: Processing prepare() for PlatformAgent[MixinPlatformAgentDefault:SecureJarResource(itemfilters)]
[18Apr2026 00:44:34.717] [main/DEBUG] [mixin/]: Registering mixin config: itemfilters-common.mixins.json
[18Apr2026 00:44:34.718] [main/DEBUG] [mixin/]: Compatibility level JAVA_8 specified by itemfilters-common.mixins.json is lower than the default level supported by the current mixin service (JAVA_16).
[18Apr2026 00:44:34.719] [main/DEBUG] [mixin/]: Adding mixin platform agents for container SecureJarResource(ftbteams)
[18Apr2026 00:44:34.719] [main/DEBUG] [mixin/]: Instancing new MixinPlatformAgentMinecraftForge for SecureJarResource(ftbteams)
[18Apr2026 00:44:34.719] [main/DEBUG] [mixin/]: MixinPlatformAgentMinecraftForge rejected container SecureJarResource(ftbteams)
[18Apr2026 00:44:34.719] [main/DEBUG] [mixin/]: Instancing new MixinPlatformAgentDefault for SecureJarResource(ftbteams)
[18Apr2026 00:44:34.719] [main/DEBUG] [mixin/]: MixinPlatformAgentDefault accepted container SecureJarResource(ftbteams)
[18Apr2026 00:44:34.719] [main/DEBUG] [mixin/]: Processing prepare() for PlatformAgent[MixinPlatformAgentDefault:SecureJarResource(ftbteams)]
[18Apr2026 00:44:34.719] [main/DEBUG] [mixin/]: Adding mixin platform agents for container SecureJarResource(ftbquests)
[18Apr2026 00:44:34.719] [main/DEBUG] [mixin/]: Instancing new MixinPlatformAgentMinecraftForge for SecureJarResource(ftbquests)
[18Apr2026 00:44:34.719] [main/DEBUG] [mixin/]: MixinPlatformAgentMinecraftForge rejected container SecureJarResource(ftbquests)
[18Apr2026 00:44:34.719] [main/DEBUG] [mixin/]: Instancing new MixinPlatformAgentDefault for SecureJarResource(ftbquests)
[18Apr2026 00:44:34.719] [main/DEBUG] [mixin/]: MixinPlatformAgentDefault accepted container SecureJarResource(ftbquests)
[18Apr2026 00:44:34.719] [main/DEBUG] [mixin/]: Processing prepare() for PlatformAgent[MixinPlatformAgentDefault:SecureJarResource(ftbquests)]
[18Apr2026 00:44:34.719] [main/DEBUG] [mixin/]: Adding mixin platform agents for container SecureJarResource(appleskin)
[18Apr2026 00:44:34.719] [main/DEBUG] [mixin/]: Instancing new MixinPlatformAgentMinecraftForge for SecureJarResource(appleskin)
[18Apr2026 00:44:34.719] [main/DEBUG] [mixin/]: MixinPlatformAgentMinecraftForge rejected container SecureJarResource(appleskin)
[18Apr2026 00:44:34.719] [main/DEBUG] [mixin/]: Instancing new MixinPlatformAgentDefault for SecureJarResource(appleskin)
[18Apr2026 00:44:34.719] [main/DEBUG] [mixin/]: MixinPlatformAgentDefault accepted container SecureJarResource(appleskin)
[18Apr2026 00:44:34.719] [main/DEBUG] [mixin/]: Processing prepare() for PlatformAgent[MixinPlatformAgentDefault:SecureJarResource(appleskin)]
[18Apr2026 00:44:34.719] [main/DEBUG] [mixin/]: Adding mixin platform agents for container SecureJarResource(alexsdelight)
[18Apr2026 00:44:34.719] [main/DEBUG] [mixin/]: Instancing new MixinPlatformAgentMinecraftForge for SecureJarResource(alexsdelight)
[18Apr2026 00:44:34.719] [main/DEBUG] [mixin/]: MixinPlatformAgentMinecraftForge rejected container SecureJarResource(alexsdelight)
[18Apr2026 00:44:34.719] [main/DEBUG] [mixin/]: Instancing new MixinPlatformAgentDefault for SecureJarResource(alexsdelight)
[18Apr2026 00:44:34.719] [main/DEBUG] [mixin/]: MixinPlatformAgentDefault accepted container SecureJarResource(alexsdelight)
[18Apr2026 00:44:34.719] [main/DEBUG] [mixin/]: Processing prepare() for PlatformAgent[MixinPlatformAgentDefault:SecureJarResource(alexsdelight)]
[18Apr2026 00:44:34.719] [main/DEBUG] [mixin/]: Adding mixin platform agents for container SecureJarResource(cupboard)
[18Apr2026 00:44:34.719] [main/DEBUG] [mixin/]: Instancing new MixinPlatformAgentMinecraftForge for SecureJarResource(cupboard)
[18Apr2026 00:44:34.719] [main/DEBUG] [mixin/]: MixinPlatformAgentMinecraftForge rejected container SecureJarResource(cupboard)
[18Apr2026 00:44:34.720] [main/DEBUG] [mixin/]: Instancing new MixinPlatformAgentDefault for SecureJarResource(cupboard)
[18Apr2026 00:44:34.720] [main/DEBUG] [mixin/]: MixinPlatformAgentDefault accepted container SecureJarResource(cupboard)
[18Apr2026 00:44:34.720] [main/DEBUG] [mixin/]: Processing prepare() for PlatformAgent[MixinPlatformAgentDefault:SecureJarResource(cupboard)]
[18Apr2026 00:44:34.720] [main/DEBUG] [mixin/]: Registering mixin config: cupboard.mixins.json
[18Apr2026 00:44:34.721] [main/DEBUG] [mixin/]: Adding mixin platform agents for container SecureJarResource(betterendisland)
[18Apr2026 00:44:34.722] [main/DEBUG] [mixin/]: Instancing new MixinPlatformAgentMinecraftForge for SecureJarResource(betterendisland)
[18Apr2026 00:44:34.722] [main/DEBUG] [mixin/]: MixinPlatformAgentMinecraftForge rejected container SecureJarResource(betterendisland)
[18Apr2026 00:44:34.722] [main/DEBUG] [mixin/]: Instancing new MixinPlatformAgentDefault for SecureJarResource(betterendisland)
[18Apr2026 00:44:34.722] [main/DEBUG] [mixin/]: MixinPlatformAgentDefault accepted container SecureJarResource(betterendisland)
[18Apr2026 00:44:34.722] [main/DEBUG] [mixin/]: Processing prepare() for PlatformAgent[MixinPlatformAgentDefault:SecureJarResource(betterendisland)]
[18Apr2026 00:44:34.722] [main/DEBUG] [mixin/]: Registering mixin config: betterendisland.mixins.json
[18Apr2026 00:44:34.724] [main/DEBUG] [mixin/]: Registering mixin config: betterendisland_forge.mixins.json
[18Apr2026 00:44:34.725] [main/DEBUG] [mixin/]: Adding mixin platform agents for container SecureJarResource(wda_questline)
[18Apr2026 00:44:34.725] [main/DEBUG] [mixin/]: Instancing new MixinPlatformAgentMinecraftForge for SecureJarResource(wda_questline)
[18Apr2026 00:44:34.725] [main/DEBUG] [mixin/]: MixinPlatformAgentMinecraftForge rejected container SecureJarResource(wda_questline)
[18Apr2026 00:44:34.725] [main/DEBUG] [mixin/]: Instancing new MixinPlatformAgentDefault for SecureJarResource(wda_questline)
[18Apr2026 00:44:34.725] [main/DEBUG] [mixin/]: MixinPlatformAgentDefault accepted container SecureJarResource(wda_questline)
[18Apr2026 00:44:34.726] [main/DEBUG] [mixin/]: Processing prepare() for PlatformAgent[MixinPlatformAgentDefault:SecureJarResource(wda_questline)]
[18Apr2026 00:44:34.726] [main/DEBUG] [mixin/]: Adding mixin platform agents for container SecureJarResource(lootintegrations_moog)
[18Apr2026 00:44:34.726] [main/DEBUG] [mixin/]: Instancing new MixinPlatformAgentMinecraftForge for SecureJarResource(lootintegrations_moog)
[18Apr2026 00:44:34.726] [main/DEBUG] [mixin/]: MixinPlatformAgentMinecraftForge rejected container SecureJarResource(lootintegrations_moog)
[18Apr2026 00:44:34.726] [main/DEBUG] [mixin/]: Instancing new MixinPlatformAgentDefault for SecureJarResource(lootintegrations_moog)
[18Apr2026 00:44:34.726] [main/DEBUG] [mixin/]: MixinPlatformAgentDefault accepted container SecureJarResource(lootintegrations_moog)
[18Apr2026 00:44:34.726] [main/DEBUG] [mixin/]: Processing prepare() for PlatformAgent[MixinPlatformAgentDefault:SecureJarResource(lootintegrations_moog)]
[18Apr2026 00:44:34.726] [main/DEBUG] [mixin/]: Adding mixin platform agents for container SecureJarResource(moogs_structures)
[18Apr2026 00:44:34.726] [main/DEBUG] [mixin/]: Instancing new MixinPlatformAgentMinecraftForge for SecureJarResource(moogs_structures)
[18Apr2026 00:44:34.726] [main/DEBUG] [mixin/]: MixinPlatformAgentMinecraftForge rejected container SecureJarResource(moogs_structures)
[18Apr2026 00:44:34.726] [main/DEBUG] [mixin/]: Instancing new MixinPlatformAgentDefault for SecureJarResource(moogs_structures)
[18Apr2026 00:44:34.726] [main/DEBUG] [mixin/]: MixinPlatformAgentDefault accepted container SecureJarResource(moogs_structures)
[18Apr2026 00:44:34.726] [main/DEBUG] [mixin/]: Processing prepare() for PlatformAgent[MixinPlatformAgentDefault:SecureJarResource(moogs_structures)]
[18Apr2026 00:44:34.726] [main/DEBUG] [mixin/]: Registering mixin config: moogs_structures-common.mixins.json
[18Apr2026 00:44:34.727] [main/DEBUG] [mixin/]: Registering mixin config: moogs_structures-forge.mixins.json
[18Apr2026 00:44:34.729] [main/DEBUG] [mixin/]: Adding mixin platform agents for container SecureJarResource(mns)
[18Apr2026 00:44:34.729] [main/DEBUG] [mixin/]: Instancing new MixinPlatformAgentMinecraftForge for SecureJarResource(mns)
[18Apr2026 00:44:34.729] [main/DEBUG] [mixin/]: MixinPlatformAgentMinecraftForge rejected container SecureJarResource(mns)
[18Apr2026 00:44:34.729] [main/DEBUG] [mixin/]: Instancing new MixinPlatformAgentDefault for SecureJarResource(mns)
[18Apr2026 00:44:34.729] [main/DEBUG] [mixin/]: MixinPlatformAgentDefault accepted container SecureJarResource(mns)
[18Apr2026 00:44:34.729] [main/DEBUG] [mixin/]: Processing prepare() for PlatformAgent[MixinPlatformAgentDefault:SecureJarResource(mns)]
[18Apr2026 00:44:34.730] [main/DEBUG] [mixin/]: Adding mixin platform agents for container SecureJarResource(framework)
[18Apr2026 00:44:34.730] [main/DEBUG] [mixin/]: Instancing new MixinPlatformAgentMinecraftForge for SecureJarResource(framework)
[18Apr2026 00:44:34.730] [main/DEBUG] [mixin/]: MixinPlatformAgentMinecraftForge rejected container SecureJarResource(framework)
[18Apr2026 00:44:34.730] [main/DEBUG] [mixin/]: Instancing new MixinPlatformAgentDefault for SecureJarResource(framework)
[18Apr2026 00:44:34.730] [main/DEBUG] [mixin/]: MixinPlatformAgentDefault accepted container SecureJarResource(framework)
[18Apr2026 00:44:34.730] [main/DEBUG] [mixin/]: Processing prepare() for PlatformAgent[MixinPlatformAgentDefault:SecureJarResource(framework)]
[18Apr2026 00:44:34.730] [main/DEBUG] [mixin/]: Adding mixin platform agents for container SecureJarResource(t_and_t)
[18Apr2026 00:44:34.730] [main/DEBUG] [mixin/]: Instancing new MixinPlatformAgentMinecraftForge for SecureJarResource(t_and_t)
[18Apr2026 00:44:34.730] [main/DEBUG] [mixin/]: MixinPlatformAgentMinecraftForge rejected container SecureJarResource(t_and_t)
[18Apr2026 00:44:34.730] [main/DEBUG] [mixin/]: Instancing new MixinPlatformAgentDefault for SecureJarResource(t_and_t)
[18Apr2026 00:44:34.730] [main/DEBUG] [mixin/]: MixinPlatformAgentDefault accepted container SecureJarResource(t_and_t)
[18Apr2026 00:44:34.730] [main/DEBUG] [mixin/]: Processing prepare() for PlatformAgent[MixinPlatformAgentDefault:SecureJarResource(t_and_t)]
[18Apr2026 00:44:34.730] [main/DEBUG] [mixin/]: Adding mixin platform agents for container SecureJarResource(bettermineshafts)
[18Apr2026 00:44:34.731] [main/DEBUG] [mixin/]: Instancing new MixinPlatformAgentMinecraftForge for SecureJarResource(bettermineshafts)
[18Apr2026 00:44:34.731] [main/DEBUG] [mixin/]: MixinPlatformAgentMinecraftForge rejected container SecureJarResource(bettermineshafts)
[18Apr2026 00:44:34.731] [main/DEBUG] [mixin/]: Instancing new MixinPlatformAgentDefault for SecureJarResource(bettermineshafts)
[18Apr2026 00:44:34.731] [main/DEBUG] [mixin/]: MixinPlatformAgentDefault accepted container SecureJarResource(bettermineshafts)
[18Apr2026 00:44:34.731] [main/DEBUG] [mixin/]: Processing prepare() for PlatformAgent[MixinPlatformAgentDefault:SecureJarResource(bettermineshafts)]
[18Apr2026 00:44:34.731] [main/DEBUG] [mixin/]: Registering mixin config: bettermineshafts.mixins.json
[18Apr2026 00:44:34.733] [main/DEBUG] [mixin/]: Registering mixin config: bettermineshafts_forge.mixins.json
[18Apr2026 00:44:34.735] [main/DEBUG] [mixin/]: Adding mixin platform agents for container SecureJarResource(betterjungletemples)
[18Apr2026 00:44:34.735] [main/DEBUG] [mixin/]: Instancing new MixinPlatformAgentMinecraftForge for SecureJarResource(betterjungletemples)
[18Apr2026 00:44:34.735] [main/DEBUG] [mixin/]: MixinPlatformAgentMinecraftForge rejected container SecureJarResource(betterjungletemples)
[18Apr2026 00:44:34.735] [main/DEBUG] [mixin/]: Instancing new MixinPlatformAgentDefault for SecureJarResource(betterjungletemples)
[18Apr2026 00:44:34.735] [main/DEBUG] [mixin/]: MixinPlatformAgentDefault accepted container SecureJarResource(betterjungletemples)
[18Apr2026 00:44:34.735] [main/DEBUG] [mixin/]: Processing prepare() for PlatformAgent[MixinPlatformAgentDefault:SecureJarResource(betterjungletemples)]
[18Apr2026 00:44:34.735] [main/DEBUG] [mixin/]: Registering mixin config: betterjungletemples.mixins.json
[18Apr2026 00:44:34.736] [main/DEBUG] [mixin/]: Registering mixin config: betterjungletemples_forge.mixins.json
[18Apr2026 00:44:34.738] [main/DEBUG] [mixin/]: Adding mixin platform agents for container SecureJarResource(lootintegrations_graveyard)
[18Apr2026 00:44:34.738] [main/DEBUG] [mixin/]: Instancing new MixinPlatformAgentMinecraftForge for SecureJarResource(lootintegrations_graveyard)
[18Apr2026 00:44:34.738] [main/DEBUG] [mixin/]: MixinPlatformAgentMinecraftForge rejected container SecureJarResource(lootintegrations_graveyard)
[18Apr2026 00:44:34.739] [main/DEBUG] [mixin/]: Instancing new MixinPlatformAgentDefault for SecureJarResource(lootintegrations_graveyard)
[18Apr2026 00:44:34.739] [main/DEBUG] [mixin/]: MixinPlatformAgentDefault accepted container SecureJarResource(lootintegrations_graveyard)
[18Apr2026 00:44:34.739] [main/DEBUG] [mixin/]: Processing prepare() for PlatformAgent[MixinPlatformAgentDefault:SecureJarResource(lootintegrations_graveyard)]
[18Apr2026 00:44:34.739] [main/DEBUG] [mixin/]: Adding mixin platform agents for container SecureJarResource(cristellib)
[18Apr2026 00:44:34.739] [main/DEBUG] [mixin/]: Instancing new MixinPlatformAgentMinecraftForge for SecureJarResource(cristellib)
[18Apr2026 00:44:34.739] [main/DEBUG] [mixin/]: MixinPlatformAgentMinecraftForge rejected container SecureJarResource(cristellib)
[18Apr2026 00:44:34.739] [main/DEBUG] [mixin/]: Instancing new MixinPlatformAgentDefault for SecureJarResource(cristellib)
[18Apr2026 00:44:34.739] [main/DEBUG] [mixin/]: MixinPlatformAgentDefault accepted container SecureJarResource(cristellib)
[18Apr2026 00:44:34.739] [main/DEBUG] [mixin/]: Processing prepare() for PlatformAgent[MixinPlatformAgentDefault:SecureJarResource(cristellib)]
[18Apr2026 00:44:34.739] [main/DEBUG] [mixin/]: Registering mixin config: cristellib-common.mixins.json
[18Apr2026 00:44:34.740] [main/DEBUG] [mixin/]: Registering mixin config: cristellib.mixins.json
[18Apr2026 00:44:34.741] [main/DEBUG] [mixin/]: Adding mixin platform agents for container SecureJarResource(mclib)
[18Apr2026 00:44:34.741] [main/DEBUG] [mixin/]: Instancing new MixinPlatformAgentMinecraftForge for SecureJarResource(mclib)
[18Apr2026 00:44:34.741] [main/DEBUG] [mixin/]: MixinPlatformAgentMinecraftForge rejected container SecureJarResource(mclib)
[18Apr2026 00:44:34.741] [main/DEBUG] [mixin/]: Instancing new MixinPlatformAgentDefault for SecureJarResource(mclib)
[18Apr2026 00:44:34.741] [main/DEBUG] [mixin/]: MixinPlatformAgentDefault accepted container SecureJarResource(mclib)
[18Apr2026 00:44:34.741] [main/DEBUG] [mixin/]: Processing prepare() for PlatformAgent[MixinPlatformAgentDefault:SecureJarResource(mclib)]
[18Apr2026 00:44:34.742] [main/DEBUG] [mixin/]: Adding mixin platform agents for container SecureJarResource(org.yaml.snakeyaml)
[18Apr2026 00:44:34.742] [main/DEBUG] [mixin/]: Instancing new MixinPlatformAgentMinecraftForge for SecureJarResource(org.yaml.snakeyaml)
[18Apr2026 00:44:34.742] [main/DEBUG] [mixin/]: MixinPlatformAgentMinecraftForge rejected container SecureJarResource(org.yaml.snakeyaml)
[18Apr2026 00:44:34.742] [main/DEBUG] [mixin/]: Instancing new MixinPlatformAgentDefault for SecureJarResource(org.yaml.snakeyaml)
[18Apr2026 00:44:34.742] [main/DEBUG] [mixin/]: MixinPlatformAgentDefault accepted container SecureJarResource(org.yaml.snakeyaml)
[18Apr2026 00:44:34.742] [main/DEBUG] [mixin/]: Processing prepare() for PlatformAgent[MixinPlatformAgentDefault:SecureJarResource(org.yaml.snakeyaml)]
[18Apr2026 00:44:34.742] [main/DEBUG] [mixin/]: Adding mixin platform agents for container SecureJarResource(jankson)
[18Apr2026 00:44:34.742] [main/DEBUG] [mixin/]: Instancing new MixinPlatformAgentMinecraftForge for SecureJarResource(jankson)
[18Apr2026 00:44:34.742] [main/DEBUG] [mixin/]: MixinPlatformAgentMinecraftForge rejected container SecureJarResource(jankson)
[18Apr2026 00:44:34.742] [main/DEBUG] [mixin/]: Instancing new MixinPlatformAgentDefault for SecureJarResource(jankson)
[18Apr2026 00:44:34.742] [main/DEBUG] [mixin/]: MixinPlatformAgentDefault accepted container SecureJarResource(jankson)
[18Apr2026 00:44:34.742] [main/DEBUG] [mixin/]: Processing prepare() for PlatformAgent[MixinPlatformAgentDefault:SecureJarResource(jankson)]
[18Apr2026 00:44:34.742] [main/DEBUG] [mixin/]: Adding mixin platform agents for container SecureJarResource(MixinExtras.beta._5)
[18Apr2026 00:44:34.742] [main/DEBUG] [mixin/]: Instancing new MixinPlatformAgentMinecraftForge for SecureJarResource(MixinExtras.beta._5)
[18Apr2026 00:44:34.742] [main/DEBUG] [mixin/]: MixinPlatformAgentMinecraftForge rejected container SecureJarResource(MixinExtras.beta._5)
[18Apr2026 00:44:34.742] [main/DEBUG] [mixin/]: Instancing new MixinPlatformAgentDefault for SecureJarResource(MixinExtras.beta._5)
[18Apr2026 00:44:34.742] [main/DEBUG] [mixin/]: MixinPlatformAgentDefault accepted container SecureJarResource(MixinExtras.beta._5)
[18Apr2026 00:44:34.742] [main/DEBUG] [mixin/]: Processing prepare() for PlatformAgent[MixinPlatformAgentDefault:SecureJarResource(MixinExtras.beta._5)]
[18Apr2026 00:44:34.742] [main/DEBUG] [mixin/]: inject() running with 82 agents
[18Apr2026 00:44:34.742] [main/DEBUG] [mixin/]: Processing inject() for PlatformAgent[MixinPlatformAgentDefault:ModLauncher Root Container(ModLauncher:4f56a0a2)]
[18Apr2026 00:44:34.742] [main/DEBUG] [mixin/]: Processing inject() for PlatformAgent[MixinPlatformAgentDefault:SecureJarResource(betterdungeons)]
[18Apr2026 00:44:34.742] [main/DEBUG] [mixin/]: Processing inject() for PlatformAgent[MixinPlatformAgentDefault:SecureJarResource(villagesandpillages)]
[18Apr2026 00:44:34.743] [main/DEBUG] [mixin/]: Processing inject() for PlatformAgent[MixinPlatformAgentDefault:SecureJarResource(lootintegration_townsandtowers)]
[18Apr2026 00:44:34.743] [main/DEBUG] [mixin/]: Processing inject() for PlatformAgent[MixinPlatformAgentDefault:SecureJarResource(raccompat)]
[18Apr2026 00:44:34.743] [main/DEBUG] [mixin/]: Processing inject() for PlatformAgent[MixinPlatformAgentDefault:SecureJarResource(betterwitchhuts)]
[18Apr2026 00:44:34.743] [main/DEBUG] [mixin/]: Processing inject() for PlatformAgent[MixinPlatformAgentDefault:SecureJarResource(fantasy_weapons)]
[18Apr2026 00:44:34.743] [main/DEBUG] [mixin/]: Processing inject() for PlatformAgent[MixinPlatformAgentDefault:SecureJarResource(geckolib)]
[18Apr2026 00:44:34.743] [main/DEBUG] [mixin/]: Processing inject() for PlatformAgent[MixinPlatformAgentDefault:SecureJarResource(mss)]
[18Apr2026 00:44:34.743] [main/DEBUG] [mixin/]: Processing inject() for PlatformAgent[MixinPlatformAgentDefault:SecureJarResource(jei)]
[18Apr2026 00:44:34.743] [main/DEBUG] [mixin/]: Processing inject() for PlatformAgent[MixinPlatformAgentDefault:SecureJarResource(graveyard)]
[18Apr2026 00:44:34.743] [main/DEBUG] [mixin/]: Processing inject() for PlatformAgent[MixinPlatformAgentDefault:SecureJarResource(xaerolib)]
[18Apr2026 00:44:34.743] [main/DEBUG] [mixin/]: Processing inject() for PlatformAgent[MixinPlatformAgentDefault:SecureJarResource(betteroceanmonuments)]
[18Apr2026 00:44:34.743] [main/DEBUG] [mixin/]: Processing inject() for PlatformAgent[MixinPlatformAgentDefault:SecureJarResource(libraryferret)]
[18Apr2026 00:44:34.743] [main/DEBUG] [mixin/]: Processing inject() for PlatformAgent[MixinPlatformAgentDefault:SecureJarResource(goblintraders)]
[18Apr2026 00:44:34.743] [main/DEBUG] [mixin/]: Processing inject() for PlatformAgent[MixinPlatformAgentDefault:SecureJarResource(dynamiclights)]
[18Apr2026 00:44:34.743] [main/DEBUG] [mixin/]: Processing inject() for PlatformAgent[MixinPlatformAgentDefault:SecureJarResource(chloride)]
[18Apr2026 00:44:34.743] [main/DEBUG] [mixin/]: Processing inject() for PlatformAgent[MixinPlatformAgentDefault:SecureJarResource(xaeroworldmap)]
[18Apr2026 00:44:34.743] [main/DEBUG] [mixin/]: Processing inject() for PlatformAgent[MixinPlatformAgentDefault:SecureJarResource(citadel)]
[18Apr2026 00:44:34.743] [main/DEBUG] [mixin/]: Processing inject() for PlatformAgent[MixinPlatformAgentDefault:SecureJarResource(travelersbackpack)]
[18Apr2026 00:44:34.743] [main/DEBUG] [mixin/]: Processing inject() for PlatformAgent[MixinPlatformAgentDefault:SecureJarResource(lootintegrations)]
[18Apr2026 00:44:34.743] [main/DEBUG] [mixin/]: Processing inject() for PlatformAgent[MixinPlatformAgentDefault:SecureJarResource(yungsapi)]
[18Apr2026 00:44:34.743] [main/DEBUG] [mixin/]: Processing inject() for PlatformAgent[MixinPlatformAgentDefault:SecureJarResource(mixinextras)]
[18Apr2026 00:44:34.743] [main/DEBUG] [mixin/]: Processing inject() for PlatformAgent[MixinPlatformAgentDefault:SecureJarResource(dungeoncrawl)]
[18Apr2026 00:44:34.743] [main/DEBUG] [mixin/]: Processing inject() for PlatformAgent[MixinPlatformAgentDefault:SecureJarResource(relics)]
[18Apr2026 00:44:34.744] [main/DEBUG] [mixin/]: Processing inject() for PlatformAgent[MixinPlatformAgentDefault:SecureJarResource(betterdeserttemples)]
[18Apr2026 00:44:34.744] [main/DEBUG] [mixin/]: Processing inject() for PlatformAgent[MixinPlatformAgentDefault:SecureJarResource(takesapillage)]
[18Apr2026 00:44:34.744] [main/DEBUG] [mixin/]: Processing inject() for PlatformAgent[MixinPlatformAgentDefault:SecureJarResource(bygonenether)]
[18Apr2026 00:44:34.744] [main/DEBUG] [mixin/]: Processing inject() for PlatformAgent[MixinPlatformAgentDefault:SecureJarResource(ramcompat)]
[18Apr2026 00:44:34.744] [main/DEBUG] [mixin/]: Processing inject() for PlatformAgent[MixinPlatformAgentDefault:SecureJarResource(betterfortresses)]
[18Apr2026 00:44:34.744] [main/DEBUG] [mixin/]: Processing inject() for PlatformAgent[MixinPlatformAgentDefault:SecureJarResource(dungeons_arise_seven_seas)]
[18Apr2026 00:44:34.744] [main/DEBUG] [mixin/]: Processing inject() for PlatformAgent[MixinPlatformAgentDefault:SecureJarResource(forge)]
[18Apr2026 00:44:34.744] [main/DEBUG] [mixin/]: Processing inject() for PlatformAgent[MixinPlatformAgentDefault:SecureJarResource(more_villager_trades)]
[18Apr2026 00:44:34.744] [main/DEBUG] [mixin/]: Processing inject() for PlatformAgent[MixinPlatformAgentDefault:SecureJarResource(lootintegrations_bygonepillage)]
[18Apr2026 00:44:34.744] [main/DEBUG] [mixin/]: Processing inject() for PlatformAgent[MixinPlatformAgentDefault:SecureJarResource(dungeons_arise)]
[18Apr2026 00:44:34.744] [main/DEBUG] [mixin/]: Processing inject() for PlatformAgent[MixinPlatformAgentDefault:SecureJarResource(minecraft)]
[18Apr2026 00:44:34.744] [main/DEBUG] [mixin/]: Processing inject() for PlatformAgent[MixinPlatformAgentDefault:SecureJarResource(farmersdelight)]
[18Apr2026 00:44:34.744] [main/DEBUG] [mixin/]: Processing inject() for PlatformAgent[MixinPlatformAgentDefault:SecureJarResource(alexscaves)]
[18Apr2026 00:44:34.744] [main/DEBUG] [mixin/]: Processing inject() for PlatformAgent[MixinPlatformAgentDefault:SecureJarResource(morevillagers)]
[18Apr2026 00:44:34.744] [main/DEBUG] [mixin/]: Processing inject() for PlatformAgent[MixinPlatformAgentDefault:SecureJarResource(lootintegrations_vanilla)]
[18Apr2026 00:44:34.744] [main/DEBUG] [mixin/]: Processing inject() for PlatformAgent[MixinPlatformAgentDefault:SecureJarResource(mousetweaks)]
[18Apr2026 00:44:34.744] [main/DEBUG] [mixin/]: Processing inject() for PlatformAgent[MixinPlatformAgentDefault:SecureJarResource(lootintegration_wda)]
[18Apr2026 00:44:34.744] [main/DEBUG] [mixin/]: Processing inject() for PlatformAgent[MixinPlatformAgentDefault:SecureJarResource(fantasy_armor)]
[18Apr2026 00:44:34.744] [main/DEBUG] [mixin/]: Processing inject() for PlatformAgent[MixinPlatformAgentDefault:SecureJarResource(yungsbridges)]
[18Apr2026 00:44:34.744] [main/DEBUG] [mixin/]: Processing inject() for PlatformAgent[MixinPlatformAgentDefault:SecureJarResource(lootintegrations_yungs)]
[18Apr2026 00:44:34.744] [main/DEBUG] [mixin/]: Processing inject() for PlatformAgent[MixinPlatformAgentDefault:SecureJarResource(lootintegrations_dungeoncrawl)]
[18Apr2026 00:44:34.744] [main/DEBUG] [mixin/]: Processing inject() for PlatformAgent[MixinPlatformAgentDefault:SecureJarResource(alexsmobsinteraction)]
[18Apr2026 00:44:34.744] [main/DEBUG] [mixin/]: Processing inject() for PlatformAgent[MixinPlatformAgentDefault:SecureJarResource(alexsmobs)]
[18Apr2026 00:44:34.744] [main/DEBUG] [mixin/]: Processing inject() for PlatformAgent[MixinPlatformAgentDefault:SecureJarResource(curios)]
[18Apr2026 00:44:34.744] [main/DEBUG] [mixin/]: Processing inject() for PlatformAgent[MixinPlatformAgentDefault:SecureJarResource(patchouli)]
[18Apr2026 00:44:34.744] [main/DEBUG] [mixin/]: Processing inject() for PlatformAgent[MixinPlatformAgentDefault:SecureJarResource(xaerominimap)]
[18Apr2026 00:44:34.744] [main/DEBUG] [mixin/]: Processing inject() for PlatformAgent[MixinPlatformAgentDefault:SecureJarResource(mes)]
[18Apr2026 00:44:34.744] [main/DEBUG] [mixin/]: Processing inject() for PlatformAgent[MixinPlatformAgentDefault:SecureJarResource(goblins)]
[18Apr2026 00:44:34.744] [main/DEBUG] [mixin/]: Processing inject() for PlatformAgent[MixinPlatformAgentDefault:SecureJarResource(yungsextras)]
[18Apr2026 00:44:34.744] [main/DEBUG] [mixin/]: Processing inject() for PlatformAgent[MixinPlatformAgentDefault:SecureJarResource(bettervillage)]
[18Apr2026 00:44:34.744] [main/DEBUG] [mixin/]: Processing inject() for PlatformAgent[MixinPlatformAgentDefault:SecureJarResource(betterstrongholds)]
[18Apr2026 00:44:34.744] [main/DEBUG] [mixin/]: Processing inject() for PlatformAgent[MixinPlatformAgentDefault:SecureJarResource(farmers_structures)]
[18Apr2026 00:44:34.744] [main/DEBUG] [mixin/]: Processing inject() for PlatformAgent[MixinPlatformAgentDefault:SecureJarResource(mvs)]
[18Apr2026 00:44:34.744] [main/DEBUG] [mixin/]: Processing inject() for PlatformAgent[MixinPlatformAgentDefault:SecureJarResource(architectury)]
[18Apr2026 00:44:34.744] [main/DEBUG] [mixin/]: Processing inject() for PlatformAgent[MixinPlatformAgentDefault:SecureJarResource(ftblibrary)]
[18Apr2026 00:44:34.744] [main/DEBUG] [mixin/]: Processing inject() for PlatformAgent[MixinPlatformAgentDefault:SecureJarResource(octolib)]
[18Apr2026 00:44:34.744] [main/DEBUG] [mixin/]: Processing inject() for PlatformAgent[MixinPlatformAgentDefault:SecureJarResource(itemfilters)]
[18Apr2026 00:44:34.744] [main/DEBUG] [mixin/]: Processing inject() for PlatformAgent[MixinPlatformAgentDefault:SecureJarResource(ftbteams)]
[18Apr2026 00:44:34.744] [main/DEBUG] [mixin/]: Processing inject() for PlatformAgent[MixinPlatformAgentDefault:SecureJarResource(ftbquests)]
[18Apr2026 00:44:34.745] [main/DEBUG] [mixin/]: Processing inject() for PlatformAgent[MixinPlatformAgentDefault:SecureJarResource(appleskin)]
[18Apr2026 00:44:34.745] [main/DEBUG] [mixin/]: Processing inject() for PlatformAgent[MixinPlatformAgentDefault:SecureJarResource(alexsdelight)]
[18Apr2026 00:44:34.745] [main/DEBUG] [mixin/]: Processing inject() for PlatformAgent[MixinPlatformAgentDefault:SecureJarResource(cupboard)]
[18Apr2026 00:44:34.745] [main/DEBUG] [mixin/]: Processing inject() for PlatformAgent[MixinPlatformAgentDefault:SecureJarResource(betterendisland)]
[18Apr2026 00:44:34.745] [main/DEBUG] [mixin/]: Processing inject() for PlatformAgent[MixinPlatformAgentDefault:SecureJarResource(wda_questline)]
[18Apr2026 00:44:34.745] [main/DEBUG] [mixin/]: Processing inject() for PlatformAgent[MixinPlatformAgentDefault:SecureJarResource(lootintegrations_moog)]
[18Apr2026 00:44:34.745] [main/DEBUG] [mixin/]: Processing inject() for PlatformAgent[MixinPlatformAgentDefault:SecureJarResource(moogs_structures)]
[18Apr2026 00:44:34.745] [main/DEBUG] [mixin/]: Processing inject() for PlatformAgent[MixinPlatformAgentDefault:SecureJarResource(mns)]
[18Apr2026 00:44:34.745] [main/DEBUG] [mixin/]: Processing inject() for PlatformAgent[MixinPlatformAgentDefault:SecureJarResource(framework)]
[18Apr2026 00:44:34.745] [main/DEBUG] [mixin/]: Processing inject() for PlatformAgent[MixinPlatformAgentDefault:SecureJarResource(t_and_t)]
[18Apr2026 00:44:34.745] [main/DEBUG] [mixin/]: Processing inject() for PlatformAgent[MixinPlatformAgentDefault:SecureJarResource(bettermineshafts)]
[18Apr2026 00:44:34.745] [main/DEBUG] [mixin/]: Processing inject() for PlatformAgent[MixinPlatformAgentDefault:SecureJarResource(betterjungletemples)]
[18Apr2026 00:44:34.745] [main/DEBUG] [mixin/]: Processing inject() for PlatformAgent[MixinPlatformAgentDefault:SecureJarResource(lootintegrations_graveyard)]
[18Apr2026 00:44:34.745] [main/DEBUG] [mixin/]: Processing inject() for PlatformAgent[MixinPlatformAgentDefault:SecureJarResource(cristellib)]
[18Apr2026 00:44:34.745] [main/DEBUG] [mixin/]: Processing inject() for PlatformAgent[MixinPlatformAgentDefault:SecureJarResource(mclib)]
[18Apr2026 00:44:34.745] [main/DEBUG] [mixin/]: Processing inject() for PlatformAgent[MixinPlatformAgentDefault:SecureJarResource(org.yaml.snakeyaml)]
[18Apr2026 00:44:34.745] [main/DEBUG] [mixin/]: Processing inject() for PlatformAgent[MixinPlatformAgentDefault:SecureJarResource(jankson)]
[18Apr2026 00:44:34.745] [main/DEBUG] [mixin/]: Processing inject() for PlatformAgent[MixinPlatformAgentDefault:SecureJarResource(MixinExtras.beta._5)]
[18Apr2026 00:44:34.745] [main/INFO] [cpw.mods.modlauncher.LaunchServiceHandler/MODLAUNCHER]: Launching target 'forgeserver' with arguments [nogui]
[18Apr2026 00:44:34.777] [main/DEBUG] [mixin/]: Preparing mixins for MixinEnvironment[DEFAULT]
[18Apr2026 00:44:34.777] [main/DEBUG] [mixin/]: Selecting config betterdungeons.mixins.json
[18Apr2026 00:44:34.782] [main/DEBUG] [mixin/]: Selecting config betterdungeons_forge.mixins.json
[18Apr2026 00:44:34.784] [main/DEBUG] [mixin/]: Selecting config villagesandpillages-common.mixins.json
[18Apr2026 00:44:34.786] [main/DEBUG] [mixin/]: Selecting config raccompat.mixins.json
[18Apr2026 00:44:34.788] [main/DEBUG] [mixin/]: Selecting config betterwitchhuts.mixins.json
[18Apr2026 00:44:34.790] [main/DEBUG] [mixin/]: Selecting config betterwitchhuts_forge.mixins.json
[18Apr2026 00:44:34.792] [main/DEBUG] [mixin/]: Selecting config geckolib.mixins.json
[18Apr2026 00:44:34.794] [main/DEBUG] [mixin/]: Selecting config mss-common.mixins.json
[18Apr2026 00:44:34.796] [main/DEBUG] [mixin/]: Selecting config mss-forge.mixins.json
[18Apr2026 00:44:34.799] [main/DEBUG] [mixin/]: Selecting config graveyard-common.mixins.json
[18Apr2026 00:44:34.802] [main/DEBUG] [mixin/]: Selecting config graveyard-forge.mixins.json
[18Apr2026 00:44:34.805] [main/WARN] [mixin/]: Reference map 'graveyard-FORGE-forge-refmap.json' for graveyard-forge.mixins.json could not be read. If this is a development environment you can ignore this message
[18Apr2026 00:44:34.805] [main/DEBUG] [mixin/]: Selecting config xaerolib.mixins.json
[18Apr2026 00:44:34.815] [main/DEBUG] [mixin/]: Selecting config xaerolib.forge.mixins.json
[18Apr2026 00:44:34.817] [main/DEBUG] [mixin/]: Selecting config betteroceanmonuments.mixins.json
[18Apr2026 00:44:34.819] [main/DEBUG] [mixin/]: Selecting config betteroceanmonuments_forge.mixins.json
[18Apr2026 00:44:34.821] [main/DEBUG] [mixin/]: Selecting config goblintraders.common.mixins.json
[18Apr2026 00:44:34.822] [main/DEBUG] [mixin/]: Selecting config chloride.mixin.json
[18Apr2026 00:44:34.826] [main/DEBUG] [mixin/]: Selecting config xaeroworldmap.mixins.json
[18Apr2026 00:44:34.829] [main/DEBUG] [mixin/]: Selecting config xaeroworldmap.forge.mixins.json
[18Apr2026 00:44:34.831] [main/DEBUG] [mixin/]: Selecting config citadel.mixins.json
[18Apr2026 00:44:34.833] [main/DEBUG] [mixin/]: Selecting config mixins.travelersbackpack.json
[18Apr2026 00:44:34.834] [main/DEBUG] [mixin/]: Selecting config lootintegrations.mixins.json
[18Apr2026 00:44:34.837] [main/DEBUG] [mixin/]: Selecting config yungsapi.mixins.json
[18Apr2026 00:44:34.840] [main/DEBUG] [mixin/]: Selecting config yungsapi_forge.mixins.json
[18Apr2026 00:44:34.843] [main/DEBUG] [mixin/]: Selecting config mixinextras.init.mixins.json
[18Apr2026 00:44:34.916] [main/DEBUG] [MixinExtras|Service/]: com.llamalad7.mixinextras.service.MixinExtrasServiceImpl(version=0.5.0-beta.5) is taking over from null
[18Apr2026 00:44:34.960] [main/DEBUG] [mixin/]: Registering new injector for @Inject with org.spongepowered.asm.mixin.injection.struct.CallbackInjectionInfo
[18Apr2026 00:44:34.961] [main/DEBUG] [mixin/]: Registering new injector for @ModifyArg with org.spongepowered.asm.mixin.injection.struct.ModifyArgInjectionInfo
[18Apr2026 00:44:34.963] [main/DEBUG] [mixin/]: Registering new injector for @ModifyArgs with org.spongepowered.asm.mixin.injection.struct.ModifyArgsInjectionInfo
[18Apr2026 00:44:34.964] [main/DEBUG] [mixin/]: Registering new injector for @Redirect with org.spongepowered.asm.mixin.injection.struct.RedirectInjectionInfo
[18Apr2026 00:44:34.966] [main/DEBUG] [mixin/]: Registering new injector for @ModifyVariable with org.spongepowered.asm.mixin.injection.struct.ModifyVariableInjectionInfo
[18Apr2026 00:44:34.967] [main/DEBUG] [mixin/]: Registering new injector for @ModifyConstant with org.spongepowered.asm.mixin.injection.struct.ModifyConstantInjectionInfo
[18Apr2026 00:44:34.982] [main/DEBUG] [mixin/]: Selecting config relics.mixins.json
[18Apr2026 00:44:34.985] [main/DEBUG] [mixin/]: Selecting config betterdeserttemples.mixins.json
[18Apr2026 00:44:34.987] [main/DEBUG] [mixin/]: Selecting config betterdeserttemples_forge.mixins.json
[18Apr2026 00:44:34.989] [main/DEBUG] [mixin/]: Selecting config takesapillage.mixins.json
[18Apr2026 00:44:34.991] [main/DEBUG] [mixin/]: Selecting config bygonenether.mixins.json
[18Apr2026 00:44:34.993] [main/DEBUG] [mixin/]: Selecting config ramcompat.mixins.json
[18Apr2026 00:44:34.994] [main/DEBUG] [mixin/]: Selecting config betterfortresses.mixins.json
[18Apr2026 00:44:34.996] [main/DEBUG] [mixin/]: Selecting config betterfortresses_forge.mixins.json
[18Apr2026 00:44:34.998] [main/DEBUG] [mixin/]: Selecting config farmersdelight.mixins.json
[18Apr2026 00:44:35.000] [main/DEBUG] [mixin/]: Selecting config alexscaves.mixins.json
[18Apr2026 00:44:35.002] [main/DEBUG] [mixin/]: Selecting config morevillagers-common.mixins.json
[18Apr2026 00:44:35.004] [main/DEBUG] [mixin/]: Selecting config morevillagers.mixins.json
[18Apr2026 00:44:35.007] [main/WARN] [mixin/]: Reference map 'morevillagers-forge-forge-refmap.json' for morevillagers.mixins.json could not be read. If this is a development environment you can ignore this message
[18Apr2026 00:44:35.007] [main/DEBUG] [mixin/]: Selecting config mousetweaks.mixins.json
[18Apr2026 00:44:35.008] [main/DEBUG] [mixin/]: Selecting config yungsbridges.mixins.json
[18Apr2026 00:44:35.010] [main/DEBUG] [mixin/]: Selecting config yungsbridges_forge.mixins.json
[18Apr2026 00:44:35.011] [main/DEBUG] [mixin/]: Selecting config alexsmobsinteraction.mixins.json
[18Apr2026 00:44:35.015] [main/DEBUG] [mixin/]: Selecting config curios.mixins.json
[18Apr2026 00:44:35.016] [main/DEBUG] [mixin/]: Selecting config patchouli_xplat.mixins.json
[18Apr2026 00:44:35.018] [main/DEBUG] [mixin/]: Selecting config xaerohud.mixins.json
[18Apr2026 00:44:35.019] [main/DEBUG] [mixin/]: Selecting config xaerohud.forge.mixins.json
[18Apr2026 00:44:35.026] [main/DEBUG] [mixin/]: Selecting config xaerominimap.mixins.json
[18Apr2026 00:44:35.028] [main/DEBUG] [mixin/]: Selecting config xaerominimap.forge.mixins.json
[18Apr2026 00:44:35.030] [main/DEBUG] [mixin/]: Selecting config mes-common.mixins.json
[18Apr2026 00:44:35.035] [main/DEBUG] [mixin/]: Selecting config mes-forge.mixins.json
[18Apr2026 00:44:35.040] [main/WARN] [mixin/]: Reference map 'mes-forge-refmap.json' for mes-forge.mixins.json could not be read. If this is a development environment you can ignore this message
[18Apr2026 00:44:35.040] [main/DEBUG] [mixin/]: Selecting config yungsextras.mixins.json
[18Apr2026 00:44:35.043] [main/WARN] [mixin/]: Reference map 'yungsextras.refmap.json' for yungsextras.mixins.json could not be read. If this is a development environment you can ignore this message
[18Apr2026 00:44:35.043] [main/DEBUG] [mixin/]: Selecting config yungsextras_forge.mixins.json
[18Apr2026 00:44:35.045] [main/WARN] [mixin/]: Reference map 'yungsextras.refmap.json' for yungsextras_forge.mixins.json could not be read. If this is a development environment you can ignore this message
[18Apr2026 00:44:35.045] [main/DEBUG] [mixin/]: Selecting config bettervillage.mixins.json
[18Apr2026 00:44:35.049] [main/DEBUG] [mixin/]: Selecting config betterstrongholds.mixins.json
[18Apr2026 00:44:35.051] [main/DEBUG] [mixin/]: Selecting config betterstrongholds_forge.mixins.json
[18Apr2026 00:44:35.052] [main/DEBUG] [mixin/]: Selecting config architectury.mixins.json
[18Apr2026 00:44:35.055] [main/DEBUG] [mixin/]: Selecting config architectury-common.mixins.json
[18Apr2026 00:44:35.057] [main/DEBUG] [mixin/]: Selecting config ftblibrary-common.mixins.json
[18Apr2026 00:44:35.059] [main/DEBUG] [mixin/]: Selecting config itemfilters-common.mixins.json
[18Apr2026 00:44:35.060] [main/DEBUG] [mixin/]: Selecting config cupboard.mixins.json
[18Apr2026 00:44:35.061] [main/DEBUG] [mixin/]: Selecting config betterendisland.mixins.json
[18Apr2026 00:44:35.063] [main/DEBUG] [mixin/]: Selecting config betterendisland_forge.mixins.json
[18Apr2026 00:44:35.065] [main/DEBUG] [mixin/]: Selecting config moogs_structures-common.mixins.json
[18Apr2026 00:44:35.066] [main/DEBUG] [mixin/]: Selecting config moogs_structures-forge.mixins.json
[18Apr2026 00:44:35.068] [main/DEBUG] [mixin/]: Selecting config bettermineshafts.mixins.json
[18Apr2026 00:44:35.070] [main/DEBUG] [mixin/]: Selecting config bettermineshafts_forge.mixins.json
[18Apr2026 00:44:35.071] [main/DEBUG] [mixin/]: Selecting config betterjungletemples.mixins.json
[18Apr2026 00:44:35.073] [main/DEBUG] [mixin/]: Selecting config betterjungletemples_forge.mixins.json
[18Apr2026 00:44:35.074] [main/DEBUG] [mixin/]: Selecting config cristellib-common.mixins.json
[18Apr2026 00:44:35.076] [main/DEBUG] [mixin/]: Selecting config cristellib.mixins.json
[18Apr2026 00:44:35.078] [main/WARN] [mixin/]: Reference map 'cristellib-forge-refmap.json' for cristellib.mixins.json could not be read. If this is a development environment you can ignore this message
[18Apr2026 00:44:35.079] [main/DEBUG] [mixin/]: Preparing betterdungeons.mixins.json (8)
[18Apr2026 00:44:35.110] [main/DEBUG] [net.minecraftforge.coremod.transformer.CoreModBaseTransformer/COREMOD]: Transforming net/minecraft/world/level/levelgen/structure/templatesystem/StructureTemplate
[18Apr2026 00:44:35.451] [main/DEBUG] [mixin/]: Preparing betterdungeons_forge.mixins.json (0)
[18Apr2026 00:44:35.451] [main/DEBUG] [mixin/]: Preparing villagesandpillages-common.mixins.json (5)
[18Apr2026 00:44:35.468] [main/DEBUG] [mixin/]: Preparing raccompat.mixins.json (1)
[18Apr2026 00:44:35.474] [main/DEBUG] [mixin/]: Preparing betterwitchhuts.mixins.json (5)
[18Apr2026 00:44:35.485] [main/DEBUG] [mixin/]: Preparing betterwitchhuts_forge.mixins.json (0)
[18Apr2026 00:44:35.486] [main/DEBUG] [mixin/]: Preparing geckolib.mixins.json (1)
[18Apr2026 00:44:35.486] [main/DEBUG] [mixin/]: Preparing mss-common.mixins.json (12)
[18Apr2026 00:44:35.518] [main/DEBUG] [mixin/]: Preparing mss-forge.mixins.json (0)
[18Apr2026 00:44:35.519] [main/DEBUG] [mixin/]: Preparing graveyard-common.mixins.json (11)
[18Apr2026 00:44:35.552] [main/DEBUG] [net.minecraftforge.coremod.transformer.CoreModBaseTransformer/COREMOD]: Transforming net/minecraft/world/entity/npc/Villager
[18Apr2026 00:44:35.704] [main/DEBUG] [mixin/]: Preparing graveyard-forge.mixins.json (0)
[18Apr2026 00:44:35.704] [main/DEBUG] [mixin/]: Preparing xaerolib.mixins.json (5)
[18Apr2026 00:44:35.734] [main/DEBUG] [mixin/]: Preparing xaerolib.forge.mixins.json (0)
[18Apr2026 00:44:35.734] [main/DEBUG] [mixin/]: Preparing betteroceanmonuments.mixins.json (8)
[18Apr2026 00:44:35.766] [main/DEBUG] [mixin/]: Preparing betteroceanmonuments_forge.mixins.json (0)
[18Apr2026 00:44:35.766] [main/DEBUG] [mixin/]: Preparing goblintraders.common.mixins.json (5)
[18Apr2026 00:44:35.778] [main/DEBUG] [mixin/]: Preparing chloride.mixin.json (32)
[18Apr2026 00:44:35.778] [main/DEBUG] [mixin/]: Preparing xaeroworldmap.mixins.json (11)
[18Apr2026 00:44:35.796] [main/DEBUG] [mixin/]: Preparing xaeroworldmap.forge.mixins.json (2)
[18Apr2026 00:44:35.797] [main/DEBUG] [mixin/]: Preparing citadel.mixins.json (16)
[18Apr2026 00:44:35.862] [main/DEBUG] [mixin/]: Preparing mixins.travelersbackpack.json (1)
[18Apr2026 00:44:35.876] [main/DEBUG] [mixin/]: Preparing lootintegrations.mixins.json (5)
[18Apr2026 00:44:35.884] [main/DEBUG] [mixin/]: Preparing yungsapi.mixins.json (11)
[18Apr2026 00:44:35.888] [main/DEBUG] [yungsapi/]: Loaded com.yungnickyoung.minecraft.yungsapi.services.ForgePlatformHelper@4b3a01d8 for service interface com.yungnickyoung.minecraft.yungsapi.services.IPlatformHelper
[18Apr2026 00:44:35.890] [main/DEBUG] [yungsapi/]: Loaded com.yungnickyoung.minecraft.yungsapi.services.ForgeAutoRegisterHelper@76a9a009 for service interface com.yungnickyoung.minecraft.yungsapi.services.IAutoRegisterHelper
[18Apr2026 00:44:35.890] [main/DEBUG] [yungsapi/]: Loaded com.yungnickyoung.minecraft.yungsapi.services.ForgeBlockEntityTypeHelper@5866731 for service interface com.yungnickyoung.minecraft.yungsapi.services.IBlockEntityTypeHelper
[18Apr2026 00:44:35.891] [main/DEBUG] [yungsapi/]: Loaded com.yungnickyoung.minecraft.yungsapi.services.ForgeParticleTypeHelper@149aa7b2 for service interface com.yungnickyoung.minecraft.yungsapi.services.IParticleTypeHelper
[18Apr2026 00:44:35.902] [main/DEBUG] [mixin/]: Preparing yungsapi_forge.mixins.json (1)
[18Apr2026 00:44:35.902] [main/DEBUG] [mixin/]: Preparing mixinextras.init.mixins.json (0)
[18Apr2026 00:44:35.903] [main/DEBUG] [mixin/]: Preparing relics.mixins.json (15)
[18Apr2026 00:44:35.991] [main/DEBUG] [net.minecraftforge.coremod.transformer.CoreModBaseTransformer/COREMOD]: Transforming net/minecraft/world/item/ItemStack
[18Apr2026 00:44:36.038] [main/ERROR] [net.minecraftforge.fml.loading.RuntimeDistCleaner/DISTXFORM]: Attempted to load class net/minecraft/client/gui/screens/Screen for invalid dist DEDICATED_SERVER
[18Apr2026 00:44:36.038] [main/WARN] [mixin/]: Error loading class: net/minecraft/client/gui/screens/Screen (java.lang.RuntimeException: Attempted to load class net/minecraft/client/gui/screens/Screen for invalid dist DEDICATED_SERVER)
[18Apr2026 00:44:36.039] [main/WARN] [mixin/]: @Mixin target net.minecraft.client.gui.screens.Screen was not found relics.mixins.json:ScreenMixin
[18Apr2026 00:44:36.039] [main/DEBUG] [mixin/]: Preparing betterdeserttemples.mixins.json (9)
[18Apr2026 00:44:36.053] [main/DEBUG] [mixin/]: Preparing betterdeserttemples_forge.mixins.json (0)
[18Apr2026 00:44:36.053] [main/DEBUG] [mixin/]: Preparing takesapillage.mixins.json (3)
[18Apr2026 00:44:36.071] [main/DEBUG] [mixin/]: Preparing bygonenether.mixins.json (6)
[18Apr2026 00:44:36.077] [main/DEBUG] [mixin/]: Preparing ramcompat.mixins.json (4)
[18Apr2026 00:44:36.092] [main/DEBUG] [mixin/]: Preparing betterfortresses.mixins.json (6)
[18Apr2026 00:44:36.094] [main/DEBUG] [mixin/]: Preparing betterfortresses_forge.mixins.json (0)
[18Apr2026 00:44:36.095] [main/DEBUG] [mixin/]: Preparing farmersdelight.mixins.json (10)
[18Apr2026 00:44:36.121] [main/DEBUG] [mixin/]: Preparing alexscaves.mixins.json (52)
[18Apr2026 00:44:36.170] [main/DEBUG] [net.minecraftforge.coremod.transformer.CoreModBaseTransformer/COREMOD]: Transforming net/minecraft/world/level/NaturalSpawner
[18Apr2026 00:44:36.266] [main/DEBUG] [net.minecraftforge.coremod.transformer.CoreModBaseTransformer/COREMOD]: Transforming net/minecraft/world/level/levelgen/structure/structures/SwampHutPiece
[18Apr2026 00:44:36.292] [main/DEBUG] [mixin/]: Preparing morevillagers-common.mixins.json (2)
[18Apr2026 00:44:36.294] [main/DEBUG] [mixin/]: Preparing morevillagers.mixins.json (0)
[18Apr2026 00:44:36.294] [main/DEBUG] [mixin/]: Preparing mousetweaks.mixins.json (1)
[18Apr2026 00:44:36.294] [main/DEBUG] [mixin/]: Preparing yungsbridges.mixins.json (1)
[18Apr2026 00:44:36.300] [main/DEBUG] [mixin/]: Preparing yungsbridges_forge.mixins.json (0)
[18Apr2026 00:44:36.300] [main/DEBUG] [mixin/]: Preparing alexsmobsinteraction.mixins.json (117)
[18Apr2026 00:44:36.374] [main/DEBUG] [net.minecraftforge.coremod.transformer.CoreModBaseTransformer/COREMOD]: Transforming net/minecraft/world/entity/monster/Spider
[18Apr2026 00:44:36.425] [main/ERROR] [net.minecraftforge.fml.loading.RuntimeDistCleaner/DISTXFORM]: Attempted to load class net/minecraft/client/gui/Gui for invalid dist DEDICATED_SERVER
[18Apr2026 00:44:36.425] [main/WARN] [mixin/]: Error loading class: net/minecraft/client/gui/Gui (java.lang.RuntimeException: Attempted to load class net/minecraft/client/gui/Gui for invalid dist DEDICATED_SERVER)
[18Apr2026 00:44:36.425] [main/WARN] [mixin/]: @Mixin target net.minecraft.client.gui.Gui was not found alexsmobsinteraction.mixins.json:misc.AMIGuiMixin
[18Apr2026 00:44:36.427] [main/WARN] [mixin/]: Error loading class: snownee/jade/JadeClient (java.lang.ClassNotFoundException: snownee.jade.JadeClient)
[18Apr2026 00:44:36.427] [main/WARN] [mixin/]: @Mixin target snownee.jade.JadeClient was not found alexsmobsinteraction.mixins.json:misc.AMIJadeRendering
[18Apr2026 00:44:36.638] [main/DEBUG] [mixin/]: Preparing curios.mixins.json (13)
[18Apr2026 00:44:36.650] [main/DEBUG] [mixin/]: Preparing patchouli_xplat.mixins.json (10)
[18Apr2026 00:44:36.652] [main/DEBUG] [mixin/]: Preparing xaerohud.mixins.json (21)
[18Apr2026 00:44:36.653] [main/DEBUG] [mixin/]: Preparing xaerohud.forge.mixins.json (0)
[18Apr2026 00:44:36.653] [main/DEBUG] [mixin/]: Preparing xaerominimap.mixins.json (0)
[18Apr2026 00:44:36.653] [main/DEBUG] [mixin/]: Preparing xaerominimap.forge.mixins.json (0)
[18Apr2026 00:44:36.653] [main/DEBUG] [mixin/]: Preparing mes-common.mixins.json (12)
[18Apr2026 00:44:36.660] [main/DEBUG] [mixin/]: Preparing mes-forge.mixins.json (0)
[18Apr2026 00:44:36.660] [main/DEBUG] [mixin/]: Preparing yungsextras.mixins.json (0)
[18Apr2026 00:44:36.660] [main/DEBUG] [mixin/]: Preparing yungsextras_forge.mixins.json (0)
[18Apr2026 00:44:36.660] [main/DEBUG] [mixin/]: Preparing bettervillage.mixins.json (2)
[18Apr2026 00:44:36.663] [main/DEBUG] [mixin/]: Preparing betterstrongholds.mixins.json (2)
[18Apr2026 00:44:36.664] [main/DEBUG] [mixin/]: Preparing betterstrongholds_forge.mixins.json (0)
[18Apr2026 00:44:36.664] [main/DEBUG] [mixin/]: Preparing architectury.mixins.json (9)
[18Apr2026 00:44:36.673] [main/DEBUG] [mixin/]: Preparing architectury-common.mixins.json (10)
[18Apr2026 00:44:36.683] [main/DEBUG] [net.minecraftforge.coremod.transformer.CoreModBaseTransformer/COREMOD]: Transforming net/minecraft/world/item/BucketItem
[18Apr2026 00:44:36.696] [main/DEBUG] [net.minecraftforge.coremod.transformer.CoreModBaseTransformer/COREMOD]: Transforming net/minecraft/world/entity/EntityType
[18Apr2026 00:44:36.791] [main/DEBUG] [net.minecraftforge.coremod.transformer.CoreModBaseTransformer/COREMOD]: Transforming net/minecraft/world/level/block/LiquidBlock
[18Apr2026 00:44:36.797] [main/DEBUG] [mixin/]: Preparing ftblibrary-common.mixins.json (5)
[18Apr2026 00:44:36.805] [main/DEBUG] [mixin/]: Preparing itemfilters-common.mixins.json (1)
[18Apr2026 00:44:36.805] [main/DEBUG] [mixin/]: Preparing cupboard.mixins.json (5)
[18Apr2026 00:44:36.813] [main/DEBUG] [mixin/]: Preparing betterendisland.mixins.json (9)
[18Apr2026 00:44:36.828] [main/DEBUG] [mixin/]: Preparing betterendisland_forge.mixins.json (0)
[18Apr2026 00:44:36.828] [main/DEBUG] [mixin/]: Preparing moogs_structures-common.mixins.json (12)
[18Apr2026 00:44:36.832] [main/DEBUG] [mixin/]: Preparing moogs_structures-forge.mixins.json (0)
[18Apr2026 00:44:36.832] [main/DEBUG] [mixin/]: Preparing bettermineshafts.mixins.json (4)
[18Apr2026 00:44:36.833] [main/DEBUG] [mixin/]: Preparing bettermineshafts_forge.mixins.json (0)
[18Apr2026 00:44:36.833] [main/DEBUG] [mixin/]: Preparing betterjungletemples.mixins.json (8)
[18Apr2026 00:44:36.836] [main/DEBUG] [mixin/]: Preparing betterjungletemples_forge.mixins.json (0)
[18Apr2026 00:44:36.836] [main/DEBUG] [mixin/]: Preparing cristellib-common.mixins.json (1)
[18Apr2026 00:44:36.840] [main/DEBUG] [mixin/]: Preparing cristellib.mixins.json (0)
[18Apr2026 00:44:36.886] [main/WARN] [mixin/]: Error loading class: com/mojang/blaze3d/platform/InputConstants$Key (java.lang.ClassNotFoundException: com.mojang.blaze3d.platform.InputConstants$Key)
[18Apr2026 00:44:36.908] [main/DEBUG] [mixin/]: Inner class com/crimsoncrips/alexsmobsinteraction/mixins/external_mobs/vanilla/AMIBeeMixin$1 in com/crimsoncrips/alexsmobsinteraction/mixins/external_mobs/vanilla/AMIBeeMixin on net/minecraft/world/entity/animal/Bee gets unique name net/minecraft/world/entity/animal/Bee$Anonymous$34010d1514e340ec9a81c5ef4b2a0a7f
[18Apr2026 00:44:36.919] [main/DEBUG] [mixin/]: Inner class com/crimsoncrips/alexsmobsinteraction/mixins/mobs/AMICaiman$1 in com/crimsoncrips/alexsmobsinteraction/mixins/mobs/AMICaiman on com/github/alexthe666/alexsmobs/entity/EntityCaiman gets unique name com/github/alexthe666/alexsmobs/entity/EntityCaiman$Anonymous$714d13b1467446c7bf588f98d654a41e
[18Apr2026 00:44:36.922] [main/DEBUG] [mixin/]: Inner class com/crimsoncrips/alexsmobsinteraction/mixins/mobs/AMICrow$2 in com/crimsoncrips/alexsmobsinteraction/mixins/mobs/AMICrow on com/github/alexthe666/alexsmobs/entity/EntityCrow gets unique name com/github/alexthe666/alexsmobs/entity/EntityCrow$Anonymous$eb51e4522ed345ab914dd196544dabdb
[18Apr2026 00:44:36.922] [main/DEBUG] [mixin/]: Inner class com/crimsoncrips/alexsmobsinteraction/mixins/mobs/AMICrow$1 in com/crimsoncrips/alexsmobsinteraction/mixins/mobs/AMICrow on com/github/alexthe666/alexsmobs/entity/EntityCrow gets unique name com/github/alexthe666/alexsmobs/entity/EntityCrow$Anonymous$76936091fe7d4c9abd8e7d942d2ad2bc
[18Apr2026 00:44:36.923] [main/DEBUG] [mixin/]: Inner class com/crimsoncrips/alexsmobsinteraction/mixins/mobs/AMIDropbear$1 in com/crimsoncrips/alexsmobsinteraction/mixins/mobs/AMIDropbear on com/github/alexthe666/alexsmobs/entity/EntityDropBear gets unique name com/github/alexthe666/alexsmobs/entity/EntityDropBear$Anonymous$09c947cd82e8447798cd30818fb13c4f
[18Apr2026 00:44:36.923] [main/DEBUG] [mixin/]: Inner class com/crimsoncrips/alexsmobsinteraction/mixins/mobs/AMIElephant$1 in com/crimsoncrips/alexsmobsinteraction/mixins/mobs/AMIElephant on com/github/alexthe666/alexsmobs/entity/EntityElephant gets unique name com/github/alexthe666/alexsmobs/entity/EntityElephant$Anonymous$b57a8fca43a44e1f9aeeaefc2a4b043a
[18Apr2026 00:44:36.924] [main/DEBUG] [mixin/]: Inner class com/crimsoncrips/alexsmobsinteraction/mixins/mobs/AMIEmu$1 in com/crimsoncrips/alexsmobsinteraction/mixins/mobs/AMIEmu on com/github/alexthe666/alexsmobs/entity/EntityEmu gets unique name com/github/alexthe666/alexsmobs/entity/EntityEmu$Anonymous$0f25195cccb546be96aff469ca5acf6e
[18Apr2026 00:44:36.925] [main/DEBUG] [mixin/]: Inner class com/crimsoncrips/alexsmobsinteraction/mixins/mobs/AMIEnderiophage$2 in com/crimsoncrips/alexsmobsinteraction/mixins/mobs/AMIEnderiophage on com/github/alexthe666/alexsmobs/entity/EntityEnderiophage gets unique name com/github/alexthe666/alexsmobs/entity/EntityEnderiophage$Anonymous$f53d9316f6204ce38191acc70dd22a59
[18Apr2026 00:44:36.925] [main/DEBUG] [mixin/]: Inner class com/crimsoncrips/alexsmobsinteraction/mixins/mobs/AMIEnderiophage$1 in com/crimsoncrips/alexsmobsinteraction/mixins/mobs/AMIEnderiophage on com/github/alexthe666/alexsmobs/entity/EntityEnderiophage gets unique name com/github/alexthe666/alexsmobs/entity/EntityEnderiophage$Anonymous$d5ab928b187e40e1bebffe557897f00b
[18Apr2026 00:44:36.931] [main/DEBUG] [mixin/]: Inner class com/crimsoncrips/alexsmobsinteraction/mixins/mobs/AMIHummingbird$2 in com/crimsoncrips/alexsmobsinteraction/mixins/mobs/AMIHummingbird on com/github/alexthe666/alexsmobs/entity/EntityHummingbird gets unique name com/github/alexthe666/alexsmobs/entity/EntityHummingbird$Anonymous$e4ae8967b2da4ff0be07e95735f60c03
[18Apr2026 00:44:36.932] [main/DEBUG] [mixin/]: Inner class com/crimsoncrips/alexsmobsinteraction/mixins/mobs/AMIHummingbird$1 in com/crimsoncrips/alexsmobsinteraction/mixins/mobs/AMIHummingbird on com/github/alexthe666/alexsmobs/entity/EntityHummingbird gets unique name com/github/alexthe666/alexsmobs/entity/EntityHummingbird$Anonymous$2e24f58e94c348388f648140022ae72c
[18Apr2026 00:44:36.933] [main/DEBUG] [mixin/]: Inner class com/crimsoncrips/alexsmobsinteraction/mixins/mobs/AMIKomodoDragon$1 in com/crimsoncrips/alexsmobsinteraction/mixins/mobs/AMIKomodoDragon on com/github/alexthe666/alexsmobs/entity/EntityKomodoDragon gets unique name com/github/alexthe666/alexsmobs/entity/EntityKomodoDragon$Anonymous$2b1869e8c4a64f549bce5576ba42c3f9
[18Apr2026 00:44:36.933] [main/DEBUG] [mixin/]: Inner class com/crimsoncrips/alexsmobsinteraction/mixins/mobs/AMIKomodoDragon$2 in com/crimsoncrips/alexsmobsinteraction/mixins/mobs/AMIKomodoDragon on com/github/alexthe666/alexsmobs/entity/EntityKomodoDragon gets unique name com/github/alexthe666/alexsmobs/entity/EntityKomodoDragon$Anonymous$516747b0001f46bcba8b0cbd1e3a27f2
[18Apr2026 00:44:36.934] [main/DEBUG] [mixin/]: Inner class com/crimsoncrips/alexsmobsinteraction/mixins/mobs/AMIMantisShrimp$1 in com/crimsoncrips/alexsmobsinteraction/mixins/mobs/AMIMantisShrimp on com/github/alexthe666/alexsmobs/entity/EntityMantisShrimp gets unique name com/github/alexthe666/alexsmobs/entity/EntityMantisShrimp$Anonymous$7be60f1906fc4de4a73cab5ae6769ea9
[18Apr2026 00:44:36.934] [main/DEBUG] [mixin/]: Inner class com/crimsoncrips/alexsmobsinteraction/mixins/mobs/AMIMantisShrimp$2 in com/crimsoncrips/alexsmobsinteraction/mixins/mobs/AMIMantisShrimp on com/github/alexthe666/alexsmobs/entity/EntityMantisShrimp gets unique name com/github/alexthe666/alexsmobs/entity/EntityMantisShrimp$Anonymous$90b98a2cb70a4a428bf6bcd68b9cda92
[18Apr2026 00:44:36.936] [main/DEBUG] [mixin/]: Inner class com/crimsoncrips/alexsmobsinteraction/mixins/mobs/AMIMurmurBody$1 in com/crimsoncrips/alexsmobsinteraction/mixins/mobs/AMIMurmurBody on com/github/alexthe666/alexsmobs/entity/EntityMurmur gets unique name com/github/alexthe666/alexsmobs/entity/EntityMurmur$Anonymous$7d0d0847e6284c9aae8b065625293f10
[18Apr2026 00:44:36.938] [main/DEBUG] [mixin/]: Inner class com/crimsoncrips/alexsmobsinteraction/mixins/mobs/AMIRaccoon$1 in com/crimsoncrips/alexsmobsinteraction/mixins/mobs/AMIRaccoon on com/github/alexthe666/alexsmobs/entity/EntityRaccoon gets unique name com/github/alexthe666/alexsmobs/entity/EntityRaccoon$Anonymous$57a555702708427999e748ffbe32ab74
[18Apr2026 00:44:36.939] [main/DEBUG] [mixin/]: Inner class com/crimsoncrips/alexsmobsinteraction/mixins/mobs/AMIRattlesnake$1 in com/crimsoncrips/alexsmobsinteraction/mixins/mobs/AMIRattlesnake on com/github/alexthe666/alexsmobs/entity/EntityRattlesnake gets unique name com/github/alexthe666/alexsmobs/entity/EntityRattlesnake$Anonymous$b9ef8eab74614198b4b4d13357a692aa
[18Apr2026 00:44:36.941] [main/DEBUG] [mixin/]: Inner class com/crimsoncrips/alexsmobsinteraction/mixins/mobs/AMIRhino$1 in com/crimsoncrips/alexsmobsinteraction/mixins/mobs/AMIRhino on com/github/alexthe666/alexsmobs/entity/EntityRhinoceros gets unique name com/github/alexthe666/alexsmobs/entity/EntityRhinoceros$Anonymous$7f2a8dddf0e248218f6b683f4b8d2874
[18Apr2026 00:44:36.942] [main/DEBUG] [mixin/]: Inner class com/crimsoncrips/alexsmobsinteraction/mixins/mobs/AMIRoadrunner$2 in com/crimsoncrips/alexsmobsinteraction/mixins/mobs/AMIRoadrunner on com/github/alexthe666/alexsmobs/entity/EntityRoadrunner gets unique name com/github/alexthe666/alexsmobs/entity/EntityRoadrunner$Anonymous$91edb1635a7d4ab3824b9ac023feca14
[18Apr2026 00:44:36.942] [main/DEBUG] [mixin/]: Inner class com/crimsoncrips/alexsmobsinteraction/mixins/mobs/AMIRoadrunner$1 in com/crimsoncrips/alexsmobsinteraction/mixins/mobs/AMIRoadrunner on com/github/alexthe666/alexsmobs/entity/EntityRoadrunner gets unique name com/github/alexthe666/alexsmobs/entity/EntityRoadrunner$Anonymous$4945ad01ffd94ada9173ab1e6575e21c
[18Apr2026 00:44:36.943] [main/DEBUG] [mixin/]: Inner class com/crimsoncrips/alexsmobsinteraction/mixins/mobs/AMISeagull$1 in com/crimsoncrips/alexsmobsinteraction/mixins/mobs/AMISeagull on com/github/alexthe666/alexsmobs/entity/EntitySeagull gets unique name com/github/alexthe666/alexsmobs/entity/EntitySeagull$Anonymous$7b0eb66daf814af5b5d93c984c4e3b5c
[18Apr2026 00:44:36.948] [main/DEBUG] [mixin/]: Inner class com/crimsoncrips/alexsmobsinteraction/mixins/mobs/AMIWarpedToad$1 in com/crimsoncrips/alexsmobsinteraction/mixins/mobs/AMIWarpedToad on com/github/alexthe666/alexsmobs/entity/EntityWarpedToad gets unique name com/github/alexthe666/alexsmobs/entity/EntityWarpedToad$Anonymous$0b1c591c26e44e84b8139771c58783e6
[18Apr2026 00:44:36.949] [main/DEBUG] [mixin/]: Inner class com/crimsoncrips/alexsmobsinteraction/mixins/mobs/bald_eagle/AMIBaldEagle$1 in com/crimsoncrips/alexsmobsinteraction/mixins/mobs/bald_eagle/AMIBaldEagle on com/github/alexthe666/alexsmobs/entity/EntityBaldEagle gets unique name com/github/alexthe666/alexsmobs/entity/EntityBaldEagle$Anonymous$aa69dcf2a97b43429b5684eec4a448dc
[18Apr2026 00:44:36.950] [main/DEBUG] [mixin/]: Inner class com/crimsoncrips/alexsmobsinteraction/mixins/mobs/capuchin/AMICapuchinMixin$1 in com/crimsoncrips/alexsmobsinteraction/mixins/mobs/capuchin/AMICapuchinMixin on com/github/alexthe666/alexsmobs/entity/EntityCapuchinMonkey gets unique name com/github/alexthe666/alexsmobs/entity/EntityCapuchinMonkey$Anonymous$dc9d5fe3af704209b9b333aa0214d2ad
[18Apr2026 00:44:36.953] [main/DEBUG] [mixin/]: Inner class com/crimsoncrips/alexsmobsinteraction/mixins/mobs/cockroach/AMICockroach$2 in com/crimsoncrips/alexsmobsinteraction/mixins/mobs/cockroach/AMICockroach on com/github/alexthe666/alexsmobs/entity/EntityCockroach gets unique name com/github/alexthe666/alexsmobs/entity/EntityCockroach$Anonymous$65dbbed09b42436f9496f124131db8dc
[18Apr2026 00:44:36.954] [main/DEBUG] [mixin/]: Inner class com/crimsoncrips/alexsmobsinteraction/mixins/mobs/cockroach/AMICockroach$1 in com/crimsoncrips/alexsmobsinteraction/mixins/mobs/cockroach/AMICockroach on com/github/alexthe666/alexsmobs/entity/EntityCockroach gets unique name com/github/alexthe666/alexsmobs/entity/EntityCockroach$Anonymous$02c565867a664de5a5a89271d48bd9ab
[18Apr2026 00:44:36.954] [main/DEBUG] [mixin/]: Inner class com/crimsoncrips/alexsmobsinteraction/mixins/mobs/cockroach/AMICockroach$3 in com/crimsoncrips/alexsmobsinteraction/mixins/mobs/cockroach/AMICockroach on com/github/alexthe666/alexsmobs/entity/EntityCockroach gets unique name com/github/alexthe666/alexsmobs/entity/EntityCockroach$Anonymous$40ef92ee61294aa7ba7e7ee0d0feb982
[18Apr2026 00:44:36.956] [main/DEBUG] [mixin/]: Inner class com/crimsoncrips/alexsmobsinteraction/mixins/mobs/crocodile/AMICrocodileMixin$1 in com/crimsoncrips/alexsmobsinteraction/mixins/mobs/crocodile/AMICrocodileMixin on com/github/alexthe666/alexsmobs/entity/EntityCrocodile gets unique name com/github/alexthe666/alexsmobs/entity/EntityCrocodile$Anonymous$a3ffecd9947e4192a8f05136349a100c
[18Apr2026 00:44:36.956] [main/DEBUG] [mixin/]: Inner class com/crimsoncrips/alexsmobsinteraction/mixins/mobs/crocodile/AMICrocodileMixin$3 in com/crimsoncrips/alexsmobsinteraction/mixins/mobs/crocodile/AMICrocodileMixin on com/github/alexthe666/alexsmobs/entity/EntityCrocodile gets unique name com/github/alexthe666/alexsmobs/entity/EntityCrocodile$Anonymous$e7dc045b4e8f4c0a8babf0fee827985b
[18Apr2026 00:44:36.956] [main/DEBUG] [mixin/]: Inner class com/crimsoncrips/alexsmobsinteraction/mixins/mobs/crocodile/AMICrocodileMixin$2 in com/crimsoncrips/alexsmobsinteraction/mixins/mobs/crocodile/AMICrocodileMixin on com/github/alexthe666/alexsmobs/entity/EntityCrocodile gets unique name com/github/alexthe666/alexsmobs/entity/EntityCrocodile$Anonymous$ba2d9e4fd13542298080b249dadef372
[18Apr2026 00:44:36.958] [main/DEBUG] [mixin/]: Inner class com/crimsoncrips/alexsmobsinteraction/mixins/mobs/grizzly_bear/AMIGrizzlyBear$2 in com/crimsoncrips/alexsmobsinteraction/mixins/mobs/grizzly_bear/AMIGrizzlyBear on com/github/alexthe666/alexsmobs/entity/EntityGrizzlyBear gets unique name com/github/alexthe666/alexsmobs/entity/EntityGrizzlyBear$Anonymous$6d6c1162e34d45f79077cbefe14cb50a
[18Apr2026 00:44:36.958] [main/DEBUG] [mixin/]: Inner class com/crimsoncrips/alexsmobsinteraction/mixins/mobs/grizzly_bear/AMIGrizzlyBear$1 in com/crimsoncrips/alexsmobsinteraction/mixins/mobs/grizzly_bear/AMIGrizzlyBear on com/github/alexthe666/alexsmobs/entity/EntityGrizzlyBear gets unique name com/github/alexthe666/alexsmobs/entity/EntityGrizzlyBear$Anonymous$fb5e7026ce55406e8f1fa8f935b65705
[18Apr2026 00:44:36.961] [main/DEBUG] [mixin/]: Inner class com/crimsoncrips/alexsmobsinteraction/mixins/mobs/leafcutter/AMILeafcutterAntMixin$1 in com/crimsoncrips/alexsmobsinteraction/mixins/mobs/leafcutter/AMILeafcutterAntMixin on com/github/alexthe666/alexsmobs/entity/EntityLeafcutterAnt gets unique name com/github/alexthe666/alexsmobs/entity/EntityLeafcutterAnt$Anonymous$7acc65aa511a4db0a30109e043f8a377
[18Apr2026 00:44:36.962] [main/WARN] [mixin/]: Error loading class: net/minecraft/client/renderer/entity/EntityRendererProvider$Context (java.lang.ClassNotFoundException: net.minecraft.client.renderer.entity.EntityRendererProvider$Context)
[18Apr2026 00:44:36.965] [main/DEBUG] [mixin/]: Inner class com/crimsoncrips/alexsmobsinteraction/mixins/mobs/snapping_turtle/AMISnappingTurtleMixin$2 in com/crimsoncrips/alexsmobsinteraction/mixins/mobs/snapping_turtle/AMISnappingTurtleMixin on com/github/alexthe666/alexsmobs/entity/EntityAlligatorSnappingTurtle gets unique name com/github/alexthe666/alexsmobs/entity/EntityAlligatorSnappingTurtle$Anonymous$3396147e98ee48d8813c142e7a3e5a4b
[18Apr2026 00:44:36.965] [main/DEBUG] [mixin/]: Inner class com/crimsoncrips/alexsmobsinteraction/mixins/mobs/snapping_turtle/AMISnappingTurtleMixin$1 in com/crimsoncrips/alexsmobsinteraction/mixins/mobs/snapping_turtle/AMISnappingTurtleMixin on com/github/alexthe666/alexsmobs/entity/EntityAlligatorSnappingTurtle gets unique name com/github/alexthe666/alexsmobs/entity/EntityAlligatorSnappingTurtle$Anonymous$4fa35cd79efb40e2a1de0b91233b3ba3
[18Apr2026 00:44:36.965] [main/DEBUG] [mixin/]: Inner class com/crimsoncrips/alexsmobsinteraction/mixins/mobs/snapping_turtle/AMISnappingTurtleMixin$3 in com/crimsoncrips/alexsmobsinteraction/mixins/mobs/snapping_turtle/AMISnappingTurtleMixin on com/github/alexthe666/alexsmobs/entity/EntityAlligatorSnappingTurtle gets unique name com/github/alexthe666/alexsmobs/entity/EntityAlligatorSnappingTurtle$Anonymous$6dd6fb689d5640db995d6581e39dabd8
[18Apr2026 00:44:36.967] [main/WARN] [mixin/]: Error loading class: net/minecraft/client/renderer/entity/EntityRendererProvider$Context (java.lang.ClassNotFoundException: net.minecraft.client.renderer.entity.EntityRendererProvider$Context)
[18Apr2026 00:44:36.989] [main/DEBUG] [mixin/]: Prepared 351 mixins in 2.211 sec (6.3ms avg) (0ms load, 0ms transform, 0ms plugin)
[18Apr2026 00:44:37.003] [main/INFO] [MixinExtras|Service/]: Initializing MixinExtras via com.llamalad7.mixinextras.service.MixinExtrasServiceImpl(version=0.5.0-beta.5).
[18Apr2026 00:44:37.004] [main/DEBUG] [mixin/]: Registering new injector for @SugarWrapper with com.llamalad7.mixinextras.sugar.impl.SugarWrapperInjectionInfo
[18Apr2026 00:44:37.004] [main/DEBUG] [mixin/]: Registering new injector for @FactoryRedirectWrapper with com.llamalad7.mixinextras.wrapper.factory.FactoryRedirectWrapperInjectionInfo
[18Apr2026 00:44:37.005] [main/DEBUG] [mixin/]: Registering new injector for @ExpressionInjectorWrapper with com.llamalad7.mixinextras.expression.impl.wrapper.ExpressionInjectorWrapperInjectionInfo
[18Apr2026 00:44:37.018] [main/DEBUG] [mixin/]: Mixing MixinMinecraftServer from xaeroworldmap.mixins.json into net.minecraft.server.MinecraftServer
[18Apr2026 00:44:37.026] [main/DEBUG] [mixin/]: Mixing MinecraftServerMixin from citadel.mixins.json into net.minecraft.server.MinecraftServer
[18Apr2026 00:44:37.032] [main/DEBUG] [mixin/]: Mixing MixinMinecraftServer from xaerohud.mixins.json into net.minecraft.server.MinecraftServer
[18Apr2026 00:44:37.141] [main/DEBUG] [io.netty.util.internal.logging.InternalLoggerFactory/]: Using SLF4J as the default logging framework
[18Apr2026 00:44:37.143] [main/DEBUG] [io.netty.util.ResourceLeakDetector/]: -Dio.netty.leakDetection.level: simple
[18Apr2026 00:44:37.143] [main/DEBUG] [io.netty.util.ResourceLeakDetector/]: -Dio.netty.leakDetection.targetRecords: 4
[18Apr2026 00:44:37.262] [main/DEBUG] [mixin/]: Mixing ResourceLocationMixin from ftblibrary-common.mixins.json into net.minecraft.resources.ResourceLocation
[18Apr2026 00:44:37.263] [main/DEBUG] [mixin/]: ftblibrary-common.mixins.json:ResourceLocationMixin: Class version 61 required is higher than the class version supported by the current version of Mixin (JAVA_8 supports class version 52)
[18Apr2026 00:44:37.337] [main/DEBUG] [oshi.util.FileUtil/]: No oshi.properties file found from ClassLoader cpw.mods.modlauncher.TransformingClassLoader@5232e3f1
[18Apr2026 00:44:37.338] [main/DEBUG] [oshi.util.FileUtil/]: No oshi.properties file found from ClassLoader jdk.internal.loader.ClassLoaders$AppClassLoader@76ed5528
[18Apr2026 00:44:37.399] [main/DEBUG] [oshi.util.FileUtil/]: Reading file /proc/self/auxv
[18Apr2026 00:44:37.400] [main/DEBUG] [oshi.util.FileUtil/]: Reading file /proc/self/auxv
[18Apr2026 00:44:37.413] [main/DEBUG] [oshi.util.FileUtil/]: Reading file /proc/stat
[18Apr2026 00:44:37.421] [main/DEBUG] [oshi.util.FileUtil/]: Reading file /sys/devices/system/cpu/cpu0/topology/core_id
[18Apr2026 00:44:37.421] [main/DEBUG] [oshi.util.FileUtil/]: Reading file /sys/devices/system/cpu/cpu0/topology/core_id
[18Apr2026 00:44:37.422] [main/DEBUG] [oshi.util.FileUtil/]: Reading file /sys/devices/system/cpu/cpu0/topology/physical_package_id
[18Apr2026 00:44:37.422] [main/DEBUG] [oshi.util.FileUtil/]: Reading file /sys/devices/system/cpu/cpu0/topology/physical_package_id
[18Apr2026 00:44:37.422] [main/DEBUG] [oshi.util.FileUtil/]: Reading file /sys/devices/system/cpu/cpu0/cpu_capacity
[18Apr2026 00:44:37.424] [main/DEBUG] [oshi.util.FileUtil/]: Reading file /sys/devices/system/cpu/cpu1/topology/core_id
[18Apr2026 00:44:37.424] [main/DEBUG] [oshi.util.FileUtil/]: Reading file /sys/devices/system/cpu/cpu1/topology/core_id
[18Apr2026 00:44:37.424] [main/DEBUG] [oshi.util.FileUtil/]: Reading file /sys/devices/system/cpu/cpu1/topology/physical_package_id
[18Apr2026 00:44:37.424] [main/DEBUG] [oshi.util.FileUtil/]: Reading file /sys/devices/system/cpu/cpu1/topology/physical_package_id
[18Apr2026 00:44:37.424] [main/DEBUG] [oshi.util.FileUtil/]: Reading file /sys/devices/system/cpu/cpu1/cpu_capacity
[18Apr2026 00:44:37.425] [main/DEBUG] [oshi.util.FileUtil/]: Reading file /sys/devices/system/cpu/cpu2/topology/core_id
[18Apr2026 00:44:37.425] [main/DEBUG] [oshi.util.FileUtil/]: Reading file /sys/devices/system/cpu/cpu2/topology/core_id
[18Apr2026 00:44:37.425] [main/DEBUG] [oshi.util.FileUtil/]: Reading file /sys/devices/system/cpu/cpu2/topology/physical_package_id
[18Apr2026 00:44:37.425] [main/DEBUG] [oshi.util.FileUtil/]: Reading file /sys/devices/system/cpu/cpu2/topology/physical_package_id
[18Apr2026 00:44:37.425] [main/DEBUG] [oshi.util.FileUtil/]: Reading file /sys/devices/system/cpu/cpu2/cpu_capacity
[18Apr2026 00:44:37.426] [main/DEBUG] [oshi.util.FileUtil/]: Reading file /sys/devices/system/cpu/cpu3/topology/core_id
[18Apr2026 00:44:37.426] [main/DEBUG] [oshi.util.FileUtil/]: Reading file /sys/devices/system/cpu/cpu3/topology/core_id
[18Apr2026 00:44:37.426] [main/DEBUG] [oshi.util.FileUtil/]: Reading file /sys/devices/system/cpu/cpu3/topology/physical_package_id
[18Apr2026 00:44:37.426] [main/DEBUG] [oshi.util.FileUtil/]: Reading file /sys/devices/system/cpu/cpu3/topology/physical_package_id
[18Apr2026 00:44:37.426] [main/DEBUG] [oshi.util.FileUtil/]: Reading file /sys/devices/system/cpu/cpu3/cpu_capacity
[18Apr2026 00:44:37.428] [main/DEBUG] [oshi.util.FileUtil/]: Reading file /proc/cpuinfo
[18Apr2026 00:44:37.463] [main/DEBUG] [oshi.util.FileUtil/]: Reading file /proc/self/auxv
[18Apr2026 00:44:37.465] [main/DEBUG] [oshi.util.FileUtil/]: No oshi.architecture.properties file found from ClassLoader cpw.mods.modlauncher.TransformingClassLoader@5232e3f1
[18Apr2026 00:44:37.466] [main/DEBUG] [oshi.util.FileUtil/]: No oshi.architecture.properties file found from ClassLoader jdk.internal.loader.ClassLoaders$AppClassLoader@76ed5528
[18Apr2026 00:44:37.495] [main/DEBUG] [oshi.util.FileUtil/]: Reading file /proc/meminfo
[18Apr2026 00:44:37.496] [main/DEBUG] [oshi.util.FileUtil/]: Reading file /proc/meminfo
[18Apr2026 00:44:37.502] [main/DEBUG] [mixin/]: Mixing SuppressLogMixin from yungsbridges.mixins.json into net.minecraft.Util
[18Apr2026 00:44:37.503] [main/DEBUG] [mixin/]: Mixing SuppressLogMixin from bettermineshafts.mixins.json into net.minecraft.Util
[18Apr2026 00:44:37.631] [main/DEBUG] [mixin/]: Mixing inject.MixinGameEvent from architectury-common.mixins.json into net.minecraft.world.level.gameevent.GameEvent
[18Apr2026 00:44:37.674] [main/DEBUG] [mixin/]: Mixing inject.MixinBlock from architectury-common.mixins.json into net.minecraft.world.level.block.Block
[18Apr2026 00:44:37.725] [main/DEBUG] [mixin/]: Mixing EntityLoadMixin from cupboard.mixins.json into net.minecraft.world.entity.Entity
[18Apr2026 00:44:37.744] [main/DEBUG] [mixin/]: Mixing EntityMixin from relics.mixins.json into net.minecraft.world.entity.Entity
[18Apr2026 00:44:37.744] [main/DEBUG] [mixin/]: relics.mixins.json:EntityMixin: Class version 61 required is higher than the class version supported by the current version of Mixin (JAVA_8 supports class version 52)
[18Apr2026 00:44:37.787] [main/DEBUG] [mixin/]: Mixing EntityMixin from alexscaves.mixins.json into net.minecraft.world.entity.Entity
[18Apr2026 00:44:37.893] [main/DEBUG] [mixin/]: Mixing AccessorEntity from curios.mixins.json into net.minecraft.world.entity.Entity
[18Apr2026 00:44:38.102] [main/DEBUG] [mixin/]: Mixing LivingEntityMixin from citadel.mixins.json into net.minecraft.world.entity.LivingEntity
[18Apr2026 00:44:38.110] [main/DEBUG] [mixin/]: Mixing LivingEntityMixin from relics.mixins.json into net.minecraft.world.entity.LivingEntity
[18Apr2026 00:44:38.111] [main/DEBUG] [mixin/]: relics.mixins.json:LivingEntityMixin: Class version 61 required is higher than the class version supported by the current version of Mixin (JAVA_8 supports class version 52)
[18Apr2026 00:44:38.111] [main/DEBUG] [mixin/]: Renaming synthetic method lambda$onEffectRemoved$2(Lnet/minecraft/world/entity/LivingEntity;)Lnet/minecraft/world/entity/Entity; to md6e0ffb$lambda$onEffectRemoved$2$0 in relics.mixins.json:LivingEntityMixin
[18Apr2026 00:44:38.112] [main/DEBUG] [mixin/]: Renaming synthetic method lambda$onEffectUpdated$1(Lnet/minecraft/world/entity/LivingEntity;)Lnet/minecraft/world/entity/Entity; to md6e0ffb$lambda$onEffectUpdated$1$1 in relics.mixins.json:LivingEntityMixin
[18Apr2026 00:44:38.112] [main/DEBUG] [mixin/]: Renaming synthetic method lambda$onEffectAdded$0(Lnet/minecraft/world/entity/LivingEntity;)Lnet/minecraft/world/entity/Entity; to md6e0ffb$lambda$onEffectAdded$0$2 in relics.mixins.json:LivingEntityMixin
[18Apr2026 00:44:38.119] [main/DEBUG] [net.minecraftforge.coremod.transformer.CoreModBaseTransformer/COREMOD]: Transforming net/minecraft/world/effect/MobEffectInstance
[18Apr2026 00:44:38.138] [main/DEBUG] [mixin/]: Mixing PharaohKilledMixin from betterdeserttemples.mixins.json into net.minecraft.world.entity.LivingEntity
[18Apr2026 00:44:38.139] [main/DEBUG] [mixin/]: Renaming synthetic method lambda$betterdeserttemples_pharaohDie$0(Lnet/minecraft/server/level/ServerLevel;Lnet/minecraft/server/level/ServerPlayer;)V to md6e0ffb$lambda$betterdeserttemples_pharaohDie$0$3 in betterdeserttemples.mixins.json:PharaohKilledMixin
[18Apr2026 00:44:38.211] [main/DEBUG] [mixin/]: Mixing LivingEntityMixin from ramcompat.mixins.json into net.minecraft.world.entity.LivingEntity
[18Apr2026 00:44:38.211] [main/DEBUG] [mixin/]: ramcompat.mixins.json:LivingEntityMixin: Class version 61 required is higher than the class version supported by the current version of Mixin (JAVA_8 supports class version 52)
[18Apr2026 00:44:38.222] [main/DEBUG] [mixin/]: Mixing LivingEntityMixin from alexscaves.mixins.json into net.minecraft.world.entity.LivingEntity
[18Apr2026 00:44:38.253] [main/DEBUG] [mixin/]: Mixing external_mobs.vanilla.AMILivingEntity from alexsmobsinteraction.mixins.json into net.minecraft.world.entity.LivingEntity
[18Apr2026 00:44:38.253] [main/DEBUG] [mixin/]: alexsmobsinteraction.mixins.json:external_mobs.vanilla.AMILivingEntity: Class version 61 required is higher than the class version supported by the current version of Mixin (JAVA_8 supports class version 52)
[18Apr2026 00:44:38.265] [main/DEBUG] [mixin/]: Mixing MixinLivingEntity from curios.mixins.json into net.minecraft.world.entity.LivingEntity
[18Apr2026 00:44:38.478] [main/DEBUG] [mixin/]: Mixing LevelMixin from citadel.mixins.json into net.minecraft.world.level.Level
[18Apr2026 00:44:38.509] [main/DEBUG] [mixin/]: Mixing ServerAddEntityMixin from cupboard.mixins.json into net.minecraft.server.level.ServerLevel
[18Apr2026 00:44:38.531] [main/DEBUG] [mixin/]: Mixing ServerLevelMixin from betterendisland.mixins.json into net.minecraft.server.level.ServerLevel
[18Apr2026 00:44:38.554] [main/DEBUG] [mixin/]: Mixing ServerLevelMixin from citadel.mixins.json into net.minecraft.server.level.ServerLevel
[18Apr2026 00:44:38.557] [main/DEBUG] [mixin/]: Mixing ServerLevelMixin from betterdeserttemples.mixins.json into net.minecraft.server.level.ServerLevel
[18Apr2026 00:44:38.559] [main/DEBUG] [mixin/]: Mixing EndergeticExpansionMixins from betterendisland.mixins.json into net.minecraft.server.level.ServerLevel
[18Apr2026 00:44:38.627] [main/DEBUG] [mixin/]: Mixing PlayerMixin from mixins.travelersbackpack.json into net.minecraft.world.entity.player.Player
[18Apr2026 00:44:38.634] [main/DEBUG] [mixin/]: Mixing NoAxeDisableModShieldMixin from bygonenether.mixins.json into net.minecraft.world.entity.player.Player
[18Apr2026 00:44:38.636] [main/DEBUG] [mixin/]: Mixing PlayerMixin from alexscaves.mixins.json into net.minecraft.world.entity.player.Player
[18Apr2026 00:44:38.646] [main/DEBUG] [mixin/]: Mixing external_mobs.vanilla.player.AMIPlayerMixin from alexsmobsinteraction.mixins.json into net.minecraft.world.entity.player.Player
[18Apr2026 00:44:38.646] [main/DEBUG] [mixin/]: alexsmobsinteraction.mixins.json:external_mobs.vanilla.player.AMIPlayerMixin: Class version 61 required is higher than the class version supported by the current version of Mixin (JAVA_8 supports class version 52)
[18Apr2026 00:44:38.648] [main/DEBUG] [mixin/]: Renaming synthetic method lambda$alexsMobsInteraction$tick$1(Lnet/minecraft/world/entity/player/Player;)Lnet/minecraft/server/level/ServerPlayer; to md6e0ffb$lambda$alexsMobsInteraction$tick$1$0 in alexsmobsinteraction.mixins.json:external_mobs.vanilla.player.AMIPlayerMixin
[18Apr2026 00:44:38.648] [main/DEBUG] [mixin/]: Renaming synthetic method lambda$canStandOnFluid$0(Lnet/minecraft/world/entity/player/Player;)V to md6e0ffb$lambda$canStandOnFluid$0$1 in alexsmobsinteraction.mixins.json:external_mobs.vanilla.player.AMIPlayerMixin
[18Apr2026 00:44:38.808] [main/DEBUG] [mixin/]: Mixing inject.MixinFluid from architectury-common.mixins.json into net.minecraft.world.level.material.Fluid
[18Apr2026 00:44:38.814] [main/DEBUG] [mixin/]: Mixing ItemMixin from relics.mixins.json into net.minecraft.world.item.Item
[18Apr2026 00:44:38.814] [main/DEBUG] [mixin/]: relics.mixins.json:ItemMixin: Class version 61 required is higher than the class version supported by the current version of Mixin (JAVA_8 supports class version 52)
[18Apr2026 00:44:38.824] [main/DEBUG] [mixin/]: Mixing inject.MixinItem from architectury-common.mixins.json into net.minecraft.world.item.Item
[18Apr2026 00:44:38.828] [main/DEBUG] [mixin/]: Mixing ItemMixin from ftblibrary-common.mixins.json into net.minecraft.world.item.Item
[18Apr2026 00:44:38.828] [main/DEBUG] [mixin/]: ftblibrary-common.mixins.json:ItemMixin: Class version 61 required is higher than the class version supported by the current version of Mixin (JAVA_8 supports class version 52)
[18Apr2026 00:44:38.853] [main/DEBUG] [net.minecraftforge.coremod.transformer.CoreModBaseTransformer/COREMOD]: Transforming net/minecraft/world/entity/EntityType
[18Apr2026 00:44:38.930] [main/DEBUG] [mixin/]: Mixing inject.MixinEntityType from architectury-common.mixins.json into net.minecraft.world.entity.EntityType
[18Apr2026 00:44:38.946] [main/DEBUG] [mixin/]: Mixing EnchantmentMixin from goblintraders.common.mixins.json into net.minecraft.world.item.enchantment.Enchantment
[18Apr2026 00:44:38.964] [main/DEBUG] [mixin/]: Mixing ChunkStatusMixin from alexscaves.mixins.json into net.minecraft.world.level.chunk.ChunkStatus
[18Apr2026 00:44:38.987] [main/DEBUG] [mixin/]: Mixing PoiTypesInvoker from morevillagers-common.mixins.json into net.minecraft.world.entity.ai.village.poi.PoiTypes
[18Apr2026 00:44:38.987] [main/DEBUG] [mixin/]: Renaming @Accessor method getTypeByState()Ljava/util/Map; to getTypeByState_$md$6e0ffb$0 in morevillagers-common.mixins.json:PoiTypesInvoker
[18Apr2026 00:44:38.987] [main/DEBUG] [mixin/]: Renaming @Invoker method invokeGetBlockStates(Lnet/minecraft/world/level/block/Block;)Ljava/util/Set; to invokeGetBlockStates_$md$6e0ffb$1 in morevillagers-common.mixins.json:PoiTypesInvoker
[18Apr2026 00:44:38.987] [main/DEBUG] [mixin/]: Renaming @Invoker method invokeRegisterBlockStates(Lnet/minecraft/core/Holder;Ljava/util/Set;)V to invokeRegisterBlockStates_$md$6e0ffb$2 in morevillagers-common.mixins.json:PoiTypesInvoker
[18Apr2026 00:44:39.005] [main/DEBUG] [mixin/]: Mixing KeepRichSoilGiantTreeMixin from farmersdelight.mixins.json into net.minecraft.world.level.levelgen.feature.Feature
[18Apr2026 00:44:39.005] [main/DEBUG] [mixin/]: Renaming synthetic method lambda$keepRichSoil$0(Lnet/minecraft/world/level/block/state/BlockState;)Z to md6e0ffb$lambda$keepRichSoil$0$0 in farmersdelight.mixins.json:KeepRichSoilGiantTreeMixin
[18Apr2026 00:44:39.024] [main/DEBUG] [mixin/]: Mixing TrunkPlacerTypeInvoker from graveyard-common.mixins.json into net.minecraft.world.level.levelgen.feature.trunkplacers.TrunkPlacerType
[18Apr2026 00:44:39.025] [main/DEBUG] [mixin/]: Renaming @Invoker method callRegister(Ljava/lang/String;Lcom/mojang/serialization/Codec;)Lnet/minecraft/world/level/levelgen/feature/trunkplacers/TrunkPlacerType; to callRegister_$md$6e0ffb$0 in graveyard-common.mixins.json:TrunkPlacerTypeInvoker
[18Apr2026 00:44:39.266] [main/DEBUG] [mixin/]: Mixing PlantBlockMixin from graveyard-common.mixins.json into net.minecraft.world.level.block.BushBlock
[18Apr2026 00:44:39.283] [main/DEBUG] [net.minecraftforge.coremod.transformer.CoreModBaseTransformer/COREMOD]: Transforming net/minecraft/world/level/block/LiquidBlock
[18Apr2026 00:44:39.285] [main/DEBUG] [mixin/]: Mixing inject.MixinLiquidBlock from architectury-common.mixins.json into net.minecraft.world.level.block.LiquidBlock
[18Apr2026 00:44:39.359] [main/DEBUG] [mixin/]: Mixing CuttingBoardDispenserMixin from farmersdelight.mixins.json into net.minecraft.world.level.block.DispenserBlock
[18Apr2026 00:44:39.391] [main/DEBUG] [net.minecraftforge.coremod.transformer.CoreModBaseTransformer/COREMOD]: Transforming net/minecraft/world/level/block/StairBlock
[18Apr2026 00:44:39.404] [main/DEBUG] [mixin/]: Mixing KeepRichSoilUntrampledMixin from farmersdelight.mixins.json into net.minecraft.world.level.block.FarmBlock
[18Apr2026 00:44:39.470] [main/DEBUG] [net.minecraftforge.coremod.transformer.CoreModBaseTransformer/COREMOD]: Transforming net/minecraft/world/level/block/FlowerPotBlock
[18Apr2026 00:44:39.535] [main/DEBUG] [mixin/]: Mixing CampfireBaleMixin from farmersdelight.mixins.json into net.minecraft.world.level.block.CampfireBlock
[18Apr2026 00:44:39.560] [main/DEBUG] [mixin/]: Mixing PowderSnowBlockMixin from relics.mixins.json into net.minecraft.world.level.block.PowderSnowBlock
[18Apr2026 00:44:39.560] [main/DEBUG] [mixin/]: relics.mixins.json:PowderSnowBlockMixin: Class version 61 required is higher than the class version supported by the current version of Mixin (JAVA_8 supports class version 52)
[18Apr2026 00:44:39.561] [main/DEBUG] [mixin/]: Mixing MixinPowderSnowBlock from curios.mixins.json into net.minecraft.world.level.block.PowderSnowBlock
[18Apr2026 00:44:39.632] [main/DEBUG] [mixin/]: Mixing FlowingFluidMixin from alexscaves.mixins.json into net.minecraft.world.level.material.FlowingFluid
[18Apr2026 00:44:39.724] [main/DEBUG] [mixin/]: Mixing FallingBlockEntityMixin from alexscaves.mixins.json into net.minecraft.world.entity.item.FallingBlockEntity
[18Apr2026 00:44:39.728] [main/DEBUG] [mixin/]: Mixing MixinFallingBlockEntity from architectury.mixins.json into net.minecraft.world.entity.item.FallingBlockEntity
[18Apr2026 00:44:40.042] [main/DEBUG] [mixin/]: Mixing KeepRichSoilTreeMixin from farmersdelight.mixins.json into net.minecraft.world.level.levelgen.feature.trunkplacers.TrunkPlacer
[18Apr2026 00:44:40.043] [main/DEBUG] [mixin/]: Renaming synthetic method lambda$cancelSetDirtIfRichSoil$0(Lnet/minecraft/world/level/block/state/BlockState;)Z to md6e0ffb$lambda$cancelSetDirtIfRichSoil$0$0 in farmersdelight.mixins.json:KeepRichSoilTreeMixin
[18Apr2026 00:44:40.208] [main/DEBUG] [mixin/]: Mixing AbstractContainerMenuMixin from relics.mixins.json into net.minecraft.world.inventory.AbstractContainerMenu
[18Apr2026 00:44:40.208] [main/DEBUG] [mixin/]: relics.mixins.json:AbstractContainerMenuMixin: Class version 61 required is higher than the class version supported by the current version of Mixin (JAVA_8 supports class version 52)
[18Apr2026 00:44:40.281] [main/DEBUG] [mixin/]: Mixing PersistentTridentMixin from betteroceanmonuments.mixins.json into net.minecraft.world.entity.projectile.AbstractArrow
[18Apr2026 00:44:40.284] [main/DEBUG] [mixin/]: Mixing AbstractArrowMixin from alexscaves.mixins.json into net.minecraft.world.entity.projectile.AbstractArrow
[18Apr2026 00:44:40.294] [main/DEBUG] [mixin/]: Mixing accessor.ProjectileAccessor from betteroceanmonuments.mixins.json into net.minecraft.world.entity.projectile.Projectile
[18Apr2026 00:44:40.310] [main/DEBUG] [mixin/]: Mixing external_mobs.vanilla.AMISnowGolemMixin from alexsmobsinteraction.mixins.json into net.minecraft.world.entity.animal.SnowGolem
[18Apr2026 00:44:40.311] [main/DEBUG] [mixin/]: alexsmobsinteraction.mixins.json:external_mobs.vanilla.AMISnowGolemMixin: Class version 61 required is higher than the class version supported by the current version of Mixin (JAVA_8 supports class version 52)
[18Apr2026 00:44:40.319] [main/DEBUG] [mixin/]: Mixing MobRememberSpawnReasonMixin from takesapillage.mixins.json into net.minecraft.world.entity.Mob
[18Apr2026 00:44:40.320] [main/DEBUG] [mixin/]: Mixing MobMixin from alexscaves.mixins.json into net.minecraft.world.entity.Mob
[18Apr2026 00:44:40.332] [main/DEBUG] [mixin/]: Mixing external_mobs.vanilla.AMIIronGolemMixin from alexsmobsinteraction.mixins.json into net.minecraft.world.entity.animal.IronGolem
[18Apr2026 00:44:40.333] [main/DEBUG] [mixin/]: alexsmobsinteraction.mixins.json:external_mobs.vanilla.AMIIronGolemMixin: Class version 61 required is higher than the class version supported by the current version of Mixin (JAVA_8 supports class version 52)
[18Apr2026 00:44:40.381] [main/DEBUG] [mixin/]: Mixing MonsterMixin from alexscaves.mixins.json into net.minecraft.world.entity.monster.Monster
[18Apr2026 00:44:40.444] [main/DEBUG] [net.minecraftforge.coremod.transformer.CoreModBaseTransformer/COREMOD]: Transforming net/minecraft/world/item/ItemStack
[18Apr2026 00:44:40.445] [main/DEBUG] [mixin/]: Mixing ItemStackMixin from relics.mixins.json into net.minecraft.world.item.ItemStack
[18Apr2026 00:44:40.445] [main/DEBUG] [mixin/]: relics.mixins.json:ItemStackMixin: Class version 61 required is higher than the class version supported by the current version of Mixin (JAVA_8 supports class version 52)
[18Apr2026 00:44:40.447] [main/DEBUG] [mixin/]: Mixing ItemStackMixin from itemfilters-common.mixins.json into net.minecraft.world.item.ItemStack
[18Apr2026 00:44:40.447] [main/DEBUG] [mixin/]: itemfilters-common.mixins.json:ItemStackMixin: Class version 61 required is higher than the class version supported by the current version of Mixin (JAVA_8 supports class version 52)
[18Apr2026 00:44:40.525] [main/DEBUG] [mixin/]: Mixing RepairContainerMixin from goblintraders.common.mixins.json into net.minecraft.world.inventory.AnvilMenu
[18Apr2026 00:44:40.628] [main/DEBUG] [mixin/]: Mixing TheEndGatewayBlockEntityMixin from betterendisland.mixins.json into net.minecraft.world.level.block.entity.TheEndGatewayBlockEntity
[18Apr2026 00:44:40.955] [main/DEBUG] [mixin/]: Mixing SmithingMenuMixin from citadel.mixins.json into net.minecraft.world.inventory.SmithingMenu
[18Apr2026 00:44:41.096] [main/DEBUG] [mixin/]: Mixing MixinLightningBolt from architectury-common.mixins.json into net.minecraft.world.entity.LightningBolt
[18Apr2026 00:44:41.169] [main/DEBUG] [net.minecraftforge.coremod.transformer.CoreModBaseTransformer/COREMOD]: Transforming net/minecraft/world/entity/animal/frog/Tadpole
[18Apr2026 00:44:41.207] [main/DEBUG] [mixin/]: Mixing SoupItemMixin from farmersdelight.mixins.json into net.minecraft.world.item.BowlFoodItem
[18Apr2026 00:44:41.218] [main/DEBUG] [net.minecraftforge.coremod.transformer.CoreModBaseTransformer/COREMOD]: Transforming net/minecraft/world/item/BucketItem
[18Apr2026 00:44:41.218] [main/DEBUG] [mixin/]: Mixing inject.MixinBucketItem from architectury-common.mixins.json into net.minecraft.world.item.BucketItem
[18Apr2026 00:44:41.225] [main/DEBUG] [mixin/]: Mixing misc.AMIFishingRodMixin from alexsmobsinteraction.mixins.json into net.minecraft.world.item.FishingRodItem
[18Apr2026 00:44:41.225] [main/DEBUG] [mixin/]: alexsmobsinteraction.mixins.json:misc.AMIFishingRodMixin: Class version 61 required is higher than the class version supported by the current version of Mixin (JAVA_8 supports class version 52)
[18Apr2026 00:44:41.236] [main/DEBUG] [mixin/]: Mixing MixinShearsItem from curios.mixins.json into net.minecraft.world.item.ShearsItem
[18Apr2026 00:44:41.241] [main/DEBUG] [mixin/]: Mixing SpawnEggItemMixin from goblintraders.common.mixins.json into net.minecraft.world.item.SpawnEggItem
[18Apr2026 00:44:41.241] [main/DEBUG] [mixin/]: Renaming @Accessor method goblinTradersGetEggMap()Ljava/util/Map; to goblinTradersGetEggMap_$md$6e0ffb$0 in goblintraders.common.mixins.json:SpawnEggItemMixin
[18Apr2026 00:44:41.263] [main/DEBUG] [mixin/]: Mixing inject.MixinItemProperties from architectury-common.mixins.json into net.minecraft.world.item.Item$Properties
[18Apr2026 00:44:41.286] [main/DEBUG] [mixin/]: Mixing AbstractMinecartMixin from alexscaves.mixins.json into net.minecraft.world.entity.vehicle.AbstractMinecart
[18Apr2026 00:44:41.343] [main/DEBUG] [mixin/]: Mixing AbstractDecorationEntityMixin from bettervillage.mixins.json into net.minecraft.world.entity.decoration.HangingEntity
[18Apr2026 00:44:42.018] [main/DEBUG] [mixin/]: Mixing external_mobs.vanilla.AMIBeeMixin from alexsmobsinteraction.mixins.json into net.minecraft.world.entity.animal.Bee
[18Apr2026 00:44:42.019] [main/DEBUG] [mixin/]: alexsmobsinteraction.mixins.json:external_mobs.vanilla.AMIBeeMixin: Class version 61 required is higher than the class version supported by the current version of Mixin (JAVA_8 supports class version 52)
[18Apr2026 00:44:42.030] [main/DEBUG] [mixin/]: Generating mapped inner class net/minecraft/world/entity/animal/Bee$Anonymous$34010d1514e340ec9a81c5ef4b2a0a7f (originally com/crimsoncrips/alexsmobsinteraction/mixins/external_mobs/vanilla/AMIBeeMixin$1)
[18Apr2026 00:44:42.060] [main/DEBUG] [net.minecraftforge.coremod.transformer.CoreModBaseTransformer/COREMOD]: Transforming net/minecraft/world/entity/monster/Spider
[18Apr2026 00:44:42.076] [main/DEBUG] [mixin/]: Mixing external_mobs.vanilla.AMISpider from alexsmobsinteraction.mixins.json into net.minecraft.world.entity.monster.Spider
[18Apr2026 00:44:42.076] [main/DEBUG] [mixin/]: alexsmobsinteraction.mixins.json:external_mobs.vanilla.AMISpider: Class version 61 required is higher than the class version supported by the current version of Mixin (JAVA_8 supports class version 52)
[18Apr2026 00:44:42.098] [main/DEBUG] [mixin/]: Mixing CreeperEntityMixin from graveyard-common.mixins.json into net.minecraft.world.entity.monster.Creeper
[18Apr2026 00:44:42.106] [main/DEBUG] [mixin/]: Mixing AbstractChestedHorseMixin from relics.mixins.json into net.minecraft.world.entity.animal.horse.AbstractChestedHorse
[18Apr2026 00:44:42.108] [main/DEBUG] [mixin/]: relics.mixins.json:AbstractChestedHorseMixin: Class version 61 required is higher than the class version supported by the current version of Mixin (JAVA_8 supports class version 52)
[18Apr2026 00:44:42.115] [main/DEBUG] [net.minecraftforge.coremod.transformer.CoreModBaseTransformer/COREMOD]: Transforming net/minecraft/world/entity/monster/Zombie
[18Apr2026 00:44:42.174] [main/DEBUG] [net.minecraftforge.coremod.transformer.CoreModBaseTransformer/COREMOD]: Transforming net/minecraft/world/entity/monster/ZombieVillager
[18Apr2026 00:44:42.217] [main/DEBUG] [mixin/]: Mixing external_mobs.vanilla.AMIElderGuardianMixin from alexsmobsinteraction.mixins.json into net.minecraft.world.entity.monster.ElderGuardian
[18Apr2026 00:44:42.218] [main/DEBUG] [mixin/]: alexsmobsinteraction.mixins.json:external_mobs.vanilla.AMIElderGuardianMixin: Class version 61 required is higher than the class version supported by the current version of Mixin (JAVA_8 supports class version 52)
[18Apr2026 00:44:42.218] [main/DEBUG] [mixin/]: Renaming synthetic method lambda$alexsMobsInteraction$customServerAiStep$0(Lnet/minecraft/world/effect/MobEffectInstance;Lnet/minecraft/server/level/ServerPlayer;)V to md6e0ffb$lambda$alexsMobsInteraction$customServerAiStep$0$0 in alexsmobsinteraction.mixins.json:external_mobs.vanilla.AMIElderGuardianMixin
[18Apr2026 00:44:42.233] [main/DEBUG] [mixin/]: Mixing EnderManMixin from relics.mixins.json into net.minecraft.world.entity.monster.EnderMan
[18Apr2026 00:44:42.233] [main/DEBUG] [mixin/]: relics.mixins.json:EnderManMixin: Class version 61 required is higher than the class version supported by the current version of Mixin (JAVA_8 supports class version 52)
[18Apr2026 00:44:42.245] [main/DEBUG] [net.minecraftforge.coremod.transformer.CoreModBaseTransformer/COREMOD]: Transforming net/minecraft/world/entity/monster/Evoker$EvokerSummonSpellGoal
[18Apr2026 00:44:42.275] [main/DEBUG] [mixin/]: Mixing FrogMixin from alexscaves.mixins.json into net.minecraft.world.entity.animal.frog.Frog
[18Apr2026 00:44:42.276] [main/DEBUG] [mixin/]: Mixing external_mobs.vanilla.AMIFrog from alexsmobsinteraction.mixins.json into net.minecraft.world.entity.animal.frog.Frog
[18Apr2026 00:44:42.276] [main/DEBUG] [mixin/]: alexsmobsinteraction.mixins.json:external_mobs.vanilla.AMIFrog: Class version 61 required is higher than the class version supported by the current version of Mixin (JAVA_8 supports class version 52)
[18Apr2026 00:44:42.353] [main/DEBUG] [mixin/]: Mixing external_mobs.vanilla.AMIThrownPotion from alexsmobsinteraction.mixins.json into net.minecraft.world.entity.projectile.ThrownPotion
[18Apr2026 00:44:42.355] [main/DEBUG] [mixin/]: alexsmobsinteraction.mixins.json:external_mobs.vanilla.AMIThrownPotion: Class version 61 required is higher than the class version supported by the current version of Mixin (JAVA_8 supports class version 52)
[18Apr2026 00:44:42.363] [main/DEBUG] [mixin/]: Mixing RabbitsEatCabbageMixin from farmersdelight.mixins.json into net.minecraft.world.entity.animal.Rabbit
[18Apr2026 00:44:42.384] [main/DEBUG] [net.minecraftforge.coremod.transformer.CoreModBaseTransformer/COREMOD]: Transforming net/minecraft/world/entity/animal/horse/SkeletonTrapGoal
[18Apr2026 00:44:42.405] [main/DEBUG] [net.minecraftforge.coremod.transformer.CoreModBaseTransformer/COREMOD]: Transforming net/minecraft/world/entity/monster/Strider
[18Apr2026 00:44:42.476] [main/DEBUG] [mixin/]: Mixing ServerPlayerMixin from betterendisland.mixins.json into net.minecraft.server.level.ServerPlayer
[18Apr2026 00:44:42.477] [main/DEBUG] [mixin/]: Mixing MixinServerPlayer from xaerolib.mixins.json into net.minecraft.server.level.ServerPlayer
[18Apr2026 00:44:42.477] [main/DEBUG] [mixin/]: Mixing MixinServerPlayer from xaeroworldmap.mixins.json into net.minecraft.server.level.ServerPlayer
[18Apr2026 00:44:42.478] [main/DEBUG] [mixin/]: Mixing ServerPlayerEntityTickMixin from yungsapi.mixins.json into net.minecraft.server.level.ServerPlayer
[18Apr2026 00:44:42.479] [main/DEBUG] [mixin/]: Mixing ServerPlayerTickMixin from betterdeserttemples.mixins.json into net.minecraft.server.level.ServerPlayer
[18Apr2026 00:44:42.480] [main/DEBUG] [mixin/]: Mixing MixinServerPlayer from xaerohud.mixins.json into net.minecraft.server.level.ServerPlayer
[18Apr2026 00:44:42.499] [main/DEBUG] [mixin/]: Mixing ClayGolemSensorMixin from takesapillage.mixins.json into net.minecraft.world.entity.ai.sensing.GolemSensor
[18Apr2026 00:44:42.500] [main/DEBUG] [mixin/]: Renaming synthetic method lambda$checkForNearbyClayGolem$0(Lnet/minecraft/world/entity/LivingEntity;)Z to md6e0ffb$lambda$checkForNearbyClayGolem$0$0 in takesapillage.mixins.json:ClayGolemSensorMixin
[18Apr2026 00:44:42.537] [main/DEBUG] [net.minecraftforge.coremod.transformer.CoreModBaseTransformer/COREMOD]: Transforming net/minecraft/world/entity/npc/Villager
[18Apr2026 00:44:42.618] [main/DEBUG] [mixin/]: Mixing VillagerEntityMixin from graveyard-common.mixins.json into net.minecraft.world.entity.npc.Villager
[18Apr2026 00:44:42.628] [main/DEBUG] [mixin/]: Mixing MerchantMenuMixin from goblintraders.common.mixins.json into net.minecraft.world.inventory.MerchantMenu
[18Apr2026 00:44:42.628] [main/DEBUG] [mixin/]: Renaming synthetic method lambda$goblinTraders$isMatching$0(Ljava/util/Map;Ljava/util/Map$Entry;)Z to md6e0ffb$lambda$goblinTraders$isMatching$0$0 in goblintraders.common.mixins.json:MerchantMenuMixin
[18Apr2026 00:44:42.633] [main/DEBUG] [mixin/]: Mixing external_mobs.vanilla.AMIWitch from alexsmobsinteraction.mixins.json into net.minecraft.world.entity.monster.Witch
[18Apr2026 00:44:42.633] [main/DEBUG] [mixin/]: alexsmobsinteraction.mixins.json:external_mobs.vanilla.AMIWitch: Class version 61 required is higher than the class version supported by the current version of Mixin (JAVA_8 supports class version 52)
[18Apr2026 00:44:42.644] [main/DEBUG] [mixin/]: Mixing WanderingTraderEntityMixin from graveyard-common.mixins.json into net.minecraft.world.entity.npc.WanderingTrader
[18Apr2026 00:44:42.671] [main/DEBUG] [mixin/]: Mixing inject.MixinFoodPropertiesBuilder from architectury-common.mixins.json into net.minecraft.world.food.FoodProperties$Builder
[18Apr2026 00:44:42.673] [main/DEBUG] [net.minecraftforge.coremod.transformer.CoreModBaseTransformer/COREMOD]: Transforming net/minecraft/world/effect/MobEffectInstance
[18Apr2026 00:44:42.699] [main/DEBUG] [mixin/]: Mixing ServerPlayNetworkHandlerMixin from graveyard-common.mixins.json into net.minecraft.server.network.ServerGamePacketListenerImpl
[18Apr2026 00:44:42.714] [main/DEBUG] [mixin/]: Mixing accessor.PotionBrewingAccessor from yungsapi.mixins.json into net.minecraft.world.item.alchemy.PotionBrewing
[18Apr2026 00:44:42.715] [main/DEBUG] [mixin/]: Renaming @Invoker method callAddMix(Lnet/minecraft/world/item/alchemy/Potion;Lnet/minecraft/world/item/Item;Lnet/minecraft/world/item/alchemy/Potion;)V to callAddMix_$md$6e0ffb$0 in yungsapi.mixins.json:accessor.PotionBrewingAccessor
[18Apr2026 00:44:42.772] [main/DEBUG] [mixin/]: Mixing accessor.StructureProcessorAccessor from betterdungeons.mixins.json into net.minecraft.world.level.levelgen.structure.templatesystem.StructureProcessor
[18Apr2026 00:44:42.773] [main/DEBUG] [mixin/]: Mixing accessor.StructureProcessorAccessor from villagesandpillages-common.mixins.json into net.minecraft.world.level.levelgen.structure.templatesystem.StructureProcessor
[18Apr2026 00:44:42.773] [main/DEBUG] [mixin/]: Mixing accessor.StructureProcessorAccessor from betterwitchhuts.mixins.json into net.minecraft.world.level.levelgen.structure.templatesystem.StructureProcessor
[18Apr2026 00:44:42.773] [main/DEBUG] [mixin/]: Mixing structures.StructureProcessorAccessor from mss-common.mixins.json into net.minecraft.world.level.levelgen.structure.templatesystem.StructureProcessor
[18Apr2026 00:44:42.773] [main/DEBUG] [mixin/]: Mixing accessor.StructureProcessorAccessor from betteroceanmonuments.mixins.json into net.minecraft.world.level.levelgen.structure.templatesystem.StructureProcessor
[18Apr2026 00:44:42.773] [main/DEBUG] [mixin/]: Mixing accessor.StructureProcessorAccessor from betterdeserttemples.mixins.json into net.minecraft.world.level.levelgen.structure.templatesystem.StructureProcessor
[18Apr2026 00:44:42.773] [main/DEBUG] [mixin/]: Mixing structures.StructureProcessorAccessor from mes-common.mixins.json into net.minecraft.world.level.levelgen.structure.templatesystem.StructureProcessor
[18Apr2026 00:44:42.774] [main/DEBUG] [mixin/]: Mixing structures.StructureProcessorAccessor from moogs_structures-common.mixins.json into net.minecraft.world.level.levelgen.structure.templatesystem.StructureProcessor
[18Apr2026 00:44:42.774] [main/DEBUG] [mixin/]: Mixing accessor.StructureProcessorAccessor from betterjungletemples.mixins.json into net.minecraft.world.level.levelgen.structure.templatesystem.StructureProcessor
[18Apr2026 00:44:42.774] [main/DEBUG] [mixin/]: Unexpected: Registered method callGetType()Lnet/minecraft/world/level/levelgen/structure/templatesystem/StructureProcessorType; in net.minecraft.world.level.levelgen.structure.templatesystem.StructureProcessor was not merged
[18Apr2026 00:44:42.774] [main/DEBUG] [mixin/]: Unexpected: Registered method callGetType()Lnet/minecraft/world/level/levelgen/structure/templatesystem/StructureProcessorType; in net.minecraft.world.level.levelgen.structure.templatesystem.StructureProcessor was not merged
[18Apr2026 00:44:42.774] [main/DEBUG] [mixin/]: Unexpected: Registered method callGetType()Lnet/minecraft/world/level/levelgen/structure/templatesystem/StructureProcessorType; in net.minecraft.world.level.levelgen.structure.templatesystem.StructureProcessor was not merged
[18Apr2026 00:44:42.774] [main/DEBUG] [mixin/]: Unexpected: Registered method callGetType()Lnet/minecraft/world/level/levelgen/structure/templatesystem/StructureProcessorType; in net.minecraft.world.level.levelgen.structure.templatesystem.StructureProcessor was not merged
[18Apr2026 00:44:42.775] [main/DEBUG] [mixin/]: Unexpected: Registered method callGetType()Lnet/minecraft/world/level/levelgen/structure/templatesystem/StructureProcessorType; in net.minecraft.world.level.levelgen.structure.templatesystem.StructureProcessor was not merged
[18Apr2026 00:44:42.775] [main/DEBUG] [mixin/]: Unexpected: Registered method callGetType()Lnet/minecraft/world/level/levelgen/structure/templatesystem/StructureProcessorType; in net.minecraft.world.level.levelgen.structure.templatesystem.StructureProcessor was not merged
[18Apr2026 00:44:42.775] [main/DEBUG] [mixin/]: Unexpected: Registered method callGetType()Lnet/minecraft/world/level/levelgen/structure/templatesystem/StructureProcessorType; in net.minecraft.world.level.levelgen.structure.templatesystem.StructureProcessor was not merged
[18Apr2026 00:44:42.775] [main/DEBUG] [mixin/]: Unexpected: Registered method callGetType()Lnet/minecraft/world/level/levelgen/structure/templatesystem/StructureProcessorType; in net.minecraft.world.level.levelgen.structure.templatesystem.StructureProcessor was not merged
[18Apr2026 00:44:42.796] [main/DEBUG] [mixin/]: Mixing structures.StructureTemplateManagerAccessor from mss-common.mixins.json into net.minecraft.world.level.levelgen.structure.templatesystem.StructureTemplateManager
[18Apr2026 00:44:42.796] [main/DEBUG] [mixin/]: Mixing structures.StructureTemplateManagerAccessor from mes-common.mixins.json into net.minecraft.world.level.levelgen.structure.templatesystem.StructureTemplateManager
[18Apr2026 00:44:42.796] [main/DEBUG] [mixin/]: Mixing structures.StructureTemplateManagerAccessor from moogs_structures-common.mixins.json into net.minecraft.world.level.levelgen.structure.templatesystem.StructureTemplateManager
[18Apr2026 00:44:42.800] [main/DEBUG] [mixin/]: Mixing DisableVanillaWitchHutsMixin from betterwitchhuts.mixins.json into net.minecraft.world.level.chunk.ChunkGenerator
[18Apr2026 00:44:42.801] [main/DEBUG] [net.minecraftforge.coremod.transformer.CoreModBaseTransformer/COREMOD]: Transforming net/minecraft/world/level/levelgen/structure/Structure
[18Apr2026 00:44:42.804] [main/DEBUG] [mixin/]: Mixing DisableVanillaMonumentsMixin from betteroceanmonuments.mixins.json into net.minecraft.world.level.chunk.ChunkGenerator
[18Apr2026 00:44:42.805] [main/DEBUG] [mixin/]: Mixing ChunkGeneratorMixin from citadel.mixins.json into net.minecraft.world.level.chunk.ChunkGenerator
[18Apr2026 00:44:42.806] [main/DEBUG] [net.minecraftforge.coremod.transformer.CoreModBaseTransformer/COREMOD]: Transforming net/minecraft/world/level/biome/Biome
[18Apr2026 00:44:42.810] [main/DEBUG] [mixin/]: Mixing DisableVanillaPyramidsMixin from betterdeserttemples.mixins.json into net.minecraft.world.level.chunk.ChunkGenerator
[18Apr2026 00:44:42.810] [main/DEBUG] [mixin/]: Mixing DisableVanillaFortressesMixin from betterfortresses.mixins.json into net.minecraft.world.level.chunk.ChunkGenerator
[18Apr2026 00:44:42.811] [main/DEBUG] [mixin/]: Mixing DisableVanillaStrongholdsMixin from betterstrongholds.mixins.json into net.minecraft.world.level.chunk.ChunkGenerator
[18Apr2026 00:44:42.811] [main/DEBUG] [mixin/]: Mixing DisableVanillaMineshaftsMixin from bettermineshafts.mixins.json into net.minecraft.world.level.chunk.ChunkGenerator
[18Apr2026 00:44:42.812] [main/DEBUG] [mixin/]: Mixing DisableVanillaJungleTempleMixin from betterjungletemples.mixins.json into net.minecraft.world.level.chunk.ChunkGenerator
[18Apr2026 00:44:42.841] [main/DEBUG] [mixin/]: Mixing MixinInventory from curios.mixins.json into net.minecraft.world.entity.player.Inventory
[18Apr2026 00:44:42.856] [main/DEBUG] [mixin/]: Mixing MerchantResultSlotMixin from goblintraders.common.mixins.json into net.minecraft.world.inventory.MerchantResultSlot
[18Apr2026 00:44:42.934] [main/DEBUG] [mixin/]: Mixing LootContextMixin from lootintegrations.mixins.json into net.minecraft.world.level.storage.loot.LootContext
[18Apr2026 00:44:42.934] [main/DEBUG] [mixin/]: lootintegrations.mixins.json:LootContextMixin: Class version 61 required is higher than the class version supported by the current version of Mixin (JAVA_16 supports class version 60)
[18Apr2026 00:44:42.942] [main/DEBUG] [mixin/]: Mixing EnchantRandomlyFunctionMixin from alexscaves.mixins.json into net.minecraft.world.level.storage.loot.functions.EnchantRandomlyFunction
[18Apr2026 00:44:42.942] [main/DEBUG] [mixin/]: Renaming synthetic method lambda$ac_enchantItem$0(ZLnet/minecraft/world/item/ItemStack;Lnet/minecraft/world/item/enchantment/Enchantment;)Z to md6e0ffb$lambda$ac_enchantItem$0$0 in alexscaves.mixins.json:EnchantRandomlyFunctionMixin
[18Apr2026 00:44:42.967] [main/DEBUG] [mixin/]: Mixing ExplorationFunctionMixin from lootintegrations.mixins.json into net.minecraft.world.level.storage.loot.functions.ExplorationMapFunction
[18Apr2026 00:44:42.967] [main/DEBUG] [mixin/]: lootintegrations.mixins.json:ExplorationFunctionMixin: Class version 61 required is higher than the class version supported by the current version of Mixin (JAVA_16 supports class version 60)
[18Apr2026 00:44:42.975] [main/DEBUG] [mixin/]: Mixing MixinApplyBonusCount from curios.mixins.json into net.minecraft.world.level.storage.loot.functions.ApplyBonusCount
[18Apr2026 00:44:43.071] [main/DEBUG] [mixin/]: Mixing LessTreesInVillageWitchMixin from villagesandpillages-common.mixins.json into net.minecraft.world.level.levelgen.feature.TreeFeature
[18Apr2026 00:44:43.072] [main/DEBUG] [mixin/]: Mixing NoTreesOnWitchVillageHouseMixin from villagesandpillages-common.mixins.json into net.minecraft.world.level.levelgen.feature.TreeFeature
[18Apr2026 00:44:43.073] [main/DEBUG] [mixin/]: Mixing TreeFeatureMixin from graveyard-common.mixins.json into net.minecraft.world.level.levelgen.feature.TreeFeature
[18Apr2026 00:44:43.081] [main/DEBUG] [mixin/]: Mixing NoVinesInTemplesMixin from betterjungletemples.mixins.json into net.minecraft.world.level.levelgen.feature.VinesFeature
[18Apr2026 00:44:43.085] [main/DEBUG] [mixin/]: Mixing MultifaceGrowthFeatureMixin from alexscaves.mixins.json into net.minecraft.world.level.levelgen.feature.MultifaceGrowthFeature
[18Apr2026 00:44:43.087] [main/DEBUG] [mixin/]: Mixing NoMagmaInStructuresMixin from betteroceanmonuments.mixins.json into net.minecraft.world.level.levelgen.feature.UnderwaterMagmaFeature
[18Apr2026 00:44:43.091] [main/DEBUG] [mixin/]: Mixing LakeFeatureMixin from graveyard-common.mixins.json into net.minecraft.world.level.levelgen.feature.LakeFeature
[18Apr2026 00:44:43.095] [main/DEBUG] [mixin/]: Mixing SpikeFeatureMixin from betterendisland.mixins.json into net.minecraft.world.level.levelgen.feature.SpikeFeature
[18Apr2026 00:44:43.098] [main/DEBUG] [mixin/]: Mixing EndGatewayFeatureMixin from betterendisland.mixins.json into net.minecraft.world.level.levelgen.feature.EndGatewayFeature
[18Apr2026 00:44:43.100] [main/DEBUG] [mixin/]: Mixing SeagrassFeatureMixin from alexscaves.mixins.json into net.minecraft.world.level.levelgen.feature.SeagrassFeature
[18Apr2026 00:44:43.101] [main/DEBUG] [mixin/]: Mixing KelpFeatureMixin from alexscaves.mixins.json into net.minecraft.world.level.levelgen.feature.KelpFeature
[18Apr2026 00:44:43.103] [main/DEBUG] [mixin/]: Mixing CoralFeatureMixin from alexscaves.mixins.json into net.minecraft.world.level.levelgen.feature.CoralFeature
[18Apr2026 00:44:43.109] [main/DEBUG] [mixin/]: Mixing NoBasaltColumnsInStructuresMixin from betterdungeons.mixins.json into net.minecraft.world.level.levelgen.feature.BasaltColumnsFeature
[18Apr2026 00:44:43.110] [main/DEBUG] [mixin/]: Mixing NoBasaltColumnsInStructuresMixin from bygonenether.mixins.json into net.minecraft.world.level.levelgen.feature.BasaltColumnsFeature
[18Apr2026 00:44:43.111] [main/DEBUG] [mixin/]: Mixing NoBasaltColumnsInStructuresMixin from betterfortresses.mixins.json into net.minecraft.world.level.levelgen.feature.BasaltColumnsFeature
[18Apr2026 00:44:43.115] [main/DEBUG] [mixin/]: Mixing NoDeltasInStructuresMixin from betterdungeons.mixins.json into net.minecraft.world.level.levelgen.feature.DeltaFeature
[18Apr2026 00:44:43.116] [main/DEBUG] [mixin/]: Mixing NoDeltasInStructuresMixin from bygonenether.mixins.json into net.minecraft.world.level.levelgen.feature.DeltaFeature
[18Apr2026 00:44:43.116] [main/DEBUG] [mixin/]: Mixing NoDeltasInStructuresMixin from betterfortresses.mixins.json into net.minecraft.world.level.levelgen.feature.DeltaFeature
[18Apr2026 00:44:43.178] [main/DEBUG] [mixin/]: Mixing EndSpikeMixin from betterendisland.mixins.json into net.minecraft.world.level.levelgen.feature.SpikeFeature$EndSpike
[18Apr2026 00:44:43.221] [main/DEBUG] [mixin/]: Mixing StructureSetMixin from bettervillage.mixins.json into net.minecraft.world.level.levelgen.structure.StructureSet
[18Apr2026 00:44:43.222] [main/DEBUG] [mixin/]: Renaming synthetic method lambda$onCreateStructureSet$1(Lnet/minecraft/world/level/levelgen/structure/StructureSet$StructureSelectionEntry;)Z to md6e0ffb$lambda$onCreateStructureSet$1$0 in bettervillage.mixins.json:StructureSetMixin
[18Apr2026 00:44:43.222] [main/DEBUG] [mixin/]: Renaming synthetic method lambda$onCreateStructureSet$0(Lnet/minecraft/resources/ResourceKey;)Ljava/lang/Boolean; to md6e0ffb$lambda$onCreateStructureSet$0$1 in bettervillage.mixins.json:StructureSetMixin
[18Apr2026 00:44:43.227] [main/DEBUG] [net.minecraftforge.coremod.transformer.CoreModBaseTransformer/COREMOD]: Transforming net/minecraft/world/level/levelgen/structure/Structure
[18Apr2026 00:44:43.234] [main/DEBUG] [mixin/]: Mixing structures.StructurePieceAccessor from mss-common.mixins.json into net.minecraft.world.level.levelgen.structure.StructurePiece
[18Apr2026 00:44:43.234] [main/DEBUG] [mixin/]: Mixing structures.StructurePieceAccessor from mes-common.mixins.json into net.minecraft.world.level.levelgen.structure.StructurePiece
[18Apr2026 00:44:43.234] [main/DEBUG] [mixin/]: Mixing structures.StructurePieceAccessor from moogs_structures-common.mixins.json into net.minecraft.world.level.levelgen.structure.StructurePiece
[18Apr2026 00:44:43.235] [main/DEBUG] [mixin/]: Unexpected: Registered method setBoundingBox(Lnet/minecraft/world/level/levelgen/structure/BoundingBox;)V in net.minecraft.world.level.levelgen.structure.StructurePiece was not merged
[18Apr2026 00:44:43.235] [main/DEBUG] [mixin/]: Unexpected: Registered method setBoundingBox(Lnet/minecraft/world/level/levelgen/structure/BoundingBox;)V in net.minecraft.world.level.levelgen.structure.StructurePiece was not merged
[18Apr2026 00:44:43.261] [main/DEBUG] [net.minecraftforge.coremod.transformer.CoreModBaseTransformer/COREMOD]: Transforming net/minecraft/world/level/levelgen/structure/structures/OceanRuinPieces$OceanRuinPiece
[18Apr2026 00:44:43.275] [main/DEBUG] [net.minecraftforge.coremod.transformer.CoreModBaseTransformer/COREMOD]: Transforming net/minecraft/world/level/levelgen/structure/structures/SwampHutPiece
[18Apr2026 00:44:43.285] [main/DEBUG] [mixin/]: Mixing SwampHutPieceMixin from alexscaves.mixins.json into net.minecraft.world.level.levelgen.structure.structures.SwampHutPiece
[18Apr2026 00:44:43.288] [main/WARN] [mixin/]: Mixin alexscaves.mixins.json:SwampHutPieceMixin has multiple constructors, (Lnet/minecraft/world/level/levelgen/structure/pieces/StructurePieceType;IIIIIILnet/minecraft/core/Direction;)V was selected

[18Apr2026 00:44:43.294] [main/DEBUG] [net.minecraftforge.coremod.transformer.CoreModBaseTransformer/COREMOD]: Transforming net/minecraft/world/level/levelgen/structure/structures/OceanMonumentPieces$OceanMonumentPiece
[18Apr2026 00:44:43.311] [main/DEBUG] [net.minecraftforge.coremod.transformer.CoreModBaseTransformer/COREMOD]: Transforming net/minecraft/world/level/levelgen/structure/structures/WoodlandMansionPieces$WoodlandMansionPiece
[18Apr2026 00:44:43.322] [main/DEBUG] [mixin/]: Mixing structures.PoolElementStructurePieceAccessor from mss-common.mixins.json into net.minecraft.world.level.levelgen.structure.PoolElementStructurePiece
[18Apr2026 00:44:43.323] [main/DEBUG] [mixin/]: Mixing structures.PoolElementStructurePieceAccessor from mes-common.mixins.json into net.minecraft.world.level.levelgen.structure.PoolElementStructurePiece
[18Apr2026 00:44:43.323] [main/DEBUG] [mixin/]: Mixing structures.PoolElementStructurePieceAccessor from moogs_structures-common.mixins.json into net.minecraft.world.level.levelgen.structure.PoolElementStructurePiece
[18Apr2026 00:44:43.323] [main/DEBUG] [mixin/]: Unexpected: Registered method getStructureManager()Lnet/minecraft/world/level/levelgen/structure/templatesystem/StructureTemplateManager; in net.minecraft.world.level.levelgen.structure.PoolElementStructurePiece was not merged
[18Apr2026 00:44:43.323] [main/DEBUG] [mixin/]: Unexpected: Registered method setRotation(Lnet/minecraft/world/level/block/Rotation;)V in net.minecraft.world.level.levelgen.structure.PoolElementStructurePiece was not merged
[18Apr2026 00:44:43.323] [main/DEBUG] [mixin/]: Unexpected: Registered method getStructureManager()Lnet/minecraft/world/level/levelgen/structure/templatesystem/StructureTemplateManager; in net.minecraft.world.level.levelgen.structure.PoolElementStructurePiece was not merged
[18Apr2026 00:44:43.323] [main/DEBUG] [mixin/]: Unexpected: Registered method setRotation(Lnet/minecraft/world/level/block/Rotation;)V in net.minecraft.world.level.levelgen.structure.PoolElementStructurePiece was not merged
[18Apr2026 00:44:43.337] [main/DEBUG] [mixin/]: Mixing JigsawStructureMixin from alexscaves.mixins.json into net.minecraft.world.level.levelgen.structure.structures.JigsawStructure
[18Apr2026 00:44:43.340] [main/DEBUG] [mixin/]: Mixing structures.StructurePoolAccessor from mss-common.mixins.json into net.minecraft.world.level.levelgen.structure.pools.StructureTemplatePool
[18Apr2026 00:44:43.341] [main/DEBUG] [mixin/]: Renaming @Accessor method getCODEC_REFERENCE()Lorg/apache/commons/lang3/mutable/MutableObject; to getCODEC_REFERENCE_$md$6e0ffb$0 in mss-common.mixins.json:structures.StructurePoolAccessor
[18Apr2026 00:44:43.341] [main/DEBUG] [mixin/]: Mixing accessor.StructureTemplatePoolAccessor from yungsapi.mixins.json into net.minecraft.world.level.levelgen.structure.pools.StructureTemplatePool
[18Apr2026 00:44:43.341] [main/DEBUG] [mixin/]: Mixing IncreaseStructureWeightLimitMixinForge from yungsapi_forge.mixins.json into net.minecraft.world.level.levelgen.structure.pools.StructureTemplatePool
[18Apr2026 00:44:43.341] [main/DEBUG] [mixin/]: Mixing StructureTemplatePoolAccessor from morevillagers-common.mixins.json into net.minecraft.world.level.levelgen.structure.pools.StructureTemplatePool
[18Apr2026 00:44:43.341] [main/DEBUG] [mixin/]: Mixing structures.StructurePoolAccessor from mes-common.mixins.json into net.minecraft.world.level.levelgen.structure.pools.StructureTemplatePool
[18Apr2026 00:44:43.341] [main/DEBUG] [mixin/]: Renaming @Accessor method getCODEC_REFERENCE()Lorg/apache/commons/lang3/mutable/MutableObject; to getCODEC_REFERENCE_$md$6e0ffb$1 in mes-common.mixins.json:structures.StructurePoolAccessor
[18Apr2026 00:44:43.341] [main/DEBUG] [mixin/]: Mixing structures.StructurePoolAccessor from moogs_structures-common.mixins.json into net.minecraft.world.level.levelgen.structure.pools.StructureTemplatePool
[18Apr2026 00:44:43.342] [main/DEBUG] [mixin/]: Renaming @Accessor method getCODEC_REFERENCE()Lorg/apache/commons/lang3/mutable/MutableObject; to getCODEC_REFERENCE_$md$6e0ffb$2 in moogs_structures-common.mixins.json:structures.StructurePoolAccessor
[18Apr2026 00:44:43.343] [main/DEBUG] [mixin/]: Unexpected: Registered method getRawTemplates()Ljava/util/List; in net.minecraft.world.level.levelgen.structure.pools.StructureTemplatePool was not merged
[18Apr2026 00:44:43.354] [main/DEBUG] [mixin/]: Mixing OceanMonumentStructureMixin from alexscaves.mixins.json into net.minecraft.world.level.levelgen.structure.structures.OceanMonumentStructure
[18Apr2026 00:44:43.362] [main/DEBUG] [mixin/]: Mixing ShipwreckStructureMixin from alexscaves.mixins.json into net.minecraft.world.level.levelgen.structure.structures.ShipwreckStructure
[18Apr2026 00:44:43.416] [main/DEBUG] [mixin/]: Mixing BiomeSourceMixin from alexscaves.mixins.json into net.minecraft.world.level.biome.BiomeSource
[18Apr2026 00:44:43.422] [main/DEBUG] [net.minecraftforge.coremod.transformer.CoreModBaseTransformer/COREMOD]: Transforming net/minecraft/world/level/biome/Biome
[18Apr2026 00:44:43.453] [main/DEBUG] [mixin/]: Mixing MultiNoiseBiomeSourceMixin from alexscaves.mixins.json into net.minecraft.world.level.biome.MultiNoiseBiomeSource
[18Apr2026 00:44:43.480] [main/DEBUG] [mixin/]: Mixing NoiseGeneratorSettingsMixin from citadel.mixins.json into net.minecraft.world.level.levelgen.NoiseGeneratorSettings
[18Apr2026 00:44:43.551] [main/DEBUG] [mixin/]: Mixing structures.SinglePoolElementAccessor from mss-common.mixins.json into net.minecraft.world.level.levelgen.structure.pools.SinglePoolElement
[18Apr2026 00:44:43.552] [main/DEBUG] [mixin/]: Mixing accessor.SinglePoolElementAccessor from yungsapi.mixins.json into net.minecraft.world.level.levelgen.structure.pools.SinglePoolElement
[18Apr2026 00:44:43.552] [main/DEBUG] [mixin/]: Mixing structures.SinglePoolElementAccessor from mes-common.mixins.json into net.minecraft.world.level.levelgen.structure.pools.SinglePoolElement
[18Apr2026 00:44:43.552] [main/DEBUG] [mixin/]: Mixing structures.SinglePoolElementAccessor from moogs_structures-common.mixins.json into net.minecraft.world.level.levelgen.structure.pools.SinglePoolElement
[18Apr2026 00:44:43.553] [main/DEBUG] [mixin/]: Unexpected: Registered method callGetTemplate(Lnet/minecraft/world/level/levelgen/structure/templatesystem/StructureTemplateManager;)Lnet/minecraft/world/level/levelgen/structure/templatesystem/StructureTemplate; in net.minecraft.world.level.levelgen.structure.pools.SinglePoolElement was not merged
[18Apr2026 00:44:43.553] [main/DEBUG] [mixin/]: Unexpected: Registered method callGetTemplate(Lnet/minecraft/world/level/levelgen/structure/templatesystem/StructureTemplateManager;)Lnet/minecraft/world/level/levelgen/structure/templatesystem/StructureTemplate; in net.minecraft.world.level.levelgen.structure.pools.SinglePoolElement was not merged
[18Apr2026 00:44:43.553] [main/DEBUG] [mixin/]: Unexpected: Registered method callGetTemplate(Lnet/minecraft/world/level/levelgen/structure/templatesystem/StructureTemplateManager;)Lnet/minecraft/world/level/levelgen/structure/templatesystem/StructureTemplate; in net.minecraft.world.level.levelgen.structure.pools.SinglePoolElement was not merged
[18Apr2026 00:44:43.557] [main/DEBUG] [mixin/]: Mixing structures.ListPoolElementAccessor from mss-common.mixins.json into net.minecraft.world.level.levelgen.structure.pools.ListPoolElement
[18Apr2026 00:44:43.557] [main/DEBUG] [mixin/]: Mixing accessor.ListPoolElementAccessor from yungsapi.mixins.json into net.minecraft.world.level.levelgen.structure.pools.ListPoolElement
[18Apr2026 00:44:43.557] [main/DEBUG] [mixin/]: Mixing structures.ListPoolElementAccessor from mes-common.mixins.json into net.minecraft.world.level.levelgen.structure.pools.ListPoolElement
[18Apr2026 00:44:43.557] [main/DEBUG] [mixin/]: Mixing structures.ListPoolElementAccessor from moogs_structures-common.mixins.json into net.minecraft.world.level.levelgen.structure.pools.ListPoolElement
[18Apr2026 00:44:43.560] [main/DEBUG] [mixin/]: Mixing accessor.FeaturePoolElementAccessor from yungsapi.mixins.json into net.minecraft.world.level.levelgen.structure.pools.FeaturePoolElement
[18Apr2026 00:44:43.681] [main/DEBUG] [net.minecraftforge.common.ForgeI18n/CORE]: Loading I18N data entries: 6430
[18Apr2026 00:44:43.697] [main/DEBUG] [net.minecraftforge.fml.ModWorkManager/LOADING]: Using 4 threads for parallel mod-loading
[18Apr2026 00:44:43.703] [main/DEBUG] [net.minecraftforge.fml.javafmlmod.FMLJavaModLanguageProvider/LOADING]: Loading FMLModContainer from classloader cpw.mods.modlauncher.TransformingClassLoader@5232e3f1 - got cpw.mods.cl.ModuleClassLoader@398474a2
[18Apr2026 00:44:43.703] [main/DEBUG] [net.minecraftforge.fml.javafmlmod.FMLModContainer/LOADING]: Creating FMLModContainer instance for com.yungnickyoung.minecraft.betterdungeons.BetterDungeonsForge
[18Apr2026 00:44:43.707] [main/DEBUG] [net.minecraftforge.fml.javafmlmod.FMLJavaModLanguageProvider/LOADING]: Loading FMLModContainer from classloader cpw.mods.modlauncher.TransformingClassLoader@5232e3f1 - got cpw.mods.cl.ModuleClassLoader@398474a2
[18Apr2026 00:44:43.707] [main/DEBUG] [net.minecraftforge.fml.javafmlmod.FMLModContainer/LOADING]: Creating FMLModContainer instance for com.faboslav.villagesandpillages.forge.VillagesAndPillagesForge
[18Apr2026 00:44:43.708] [main/DEBUG] [net.minecraftforge.fml.lowcodemod.LowCodeModLanguageProvider.LowCodeModTarget/LOADING]: Loading LowCodeModContainer from classloader cpw.mods.modlauncher.TransformingClassLoader@5232e3f1 - got cpw.mods.cl.ModuleClassLoader@398474a2
[18Apr2026 00:44:43.708] [main/DEBUG] [net.minecraftforge.fml.lowcodemod.LowCodeModContainer/LOADING]: Creating LowCodeModContainer for lootintegration_townsandtowers
[18Apr2026 00:44:43.708] [main/DEBUG] [net.minecraftforge.fml.javafmlmod.FMLJavaModLanguageProvider/LOADING]: Loading FMLModContainer from classloader cpw.mods.modlauncher.TransformingClassLoader@5232e3f1 - got cpw.mods.cl.ModuleClassLoader@398474a2
[18Apr2026 00:44:43.708] [main/DEBUG] [net.minecraftforge.fml.javafmlmod.FMLModContainer/LOADING]: Creating FMLModContainer instance for it.hurts.sskirillss.raccompat.RACCompat
[18Apr2026 00:44:43.709] [main/DEBUG] [net.minecraftforge.fml.javafmlmod.FMLJavaModLanguageProvider/LOADING]: Loading FMLModContainer from classloader cpw.mods.modlauncher.TransformingClassLoader@5232e3f1 - got cpw.mods.cl.ModuleClassLoader@398474a2
[18Apr2026 00:44:43.709] [main/DEBUG] [net.minecraftforge.fml.javafmlmod.FMLModContainer/LOADING]: Creating FMLModContainer instance for com.yungnickyoung.minecraft.betterwitchhuts.BetterWitchHutsForge
[18Apr2026 00:44:43.709] [main/DEBUG] [net.minecraftforge.fml.javafmlmod.FMLJavaModLanguageProvider/LOADING]: Loading FMLModContainer from classloader cpw.mods.modlauncher.TransformingClassLoader@5232e3f1 - got cpw.mods.cl.ModuleClassLoader@398474a2
[18Apr2026 00:44:43.709] [main/DEBUG] [net.minecraftforge.fml.javafmlmod.FMLModContainer/LOADING]: Creating FMLModContainer instance for net.kenddie.fantasyweapons.FantasyWeapons
[18Apr2026 00:44:43.710] [main/DEBUG] [net.minecraftforge.fml.javafmlmod.FMLJavaModLanguageProvider/LOADING]: Loading FMLModContainer from classloader cpw.mods.modlauncher.TransformingClassLoader@5232e3f1 - got cpw.mods.cl.ModuleClassLoader@398474a2
[18Apr2026 00:44:43.710] [main/DEBUG] [net.minecraftforge.fml.javafmlmod.FMLModContainer/LOADING]: Creating FMLModContainer instance for software.bernie.example.GeckoLibMod
[18Apr2026 00:44:43.710] [main/DEBUG] [net.minecraftforge.fml.javafmlmod.FMLJavaModLanguageProvider/LOADING]: Loading FMLModContainer from classloader cpw.mods.modlauncher.TransformingClassLoader@5232e3f1 - got cpw.mods.cl.ModuleClassLoader@398474a2
[18Apr2026 00:44:43.710] [main/DEBUG] [net.minecraftforge.fml.javafmlmod.FMLModContainer/LOADING]: Creating FMLModContainer instance for com.finndog.mss.forge.MSSForge
[18Apr2026 00:44:43.711] [main/DEBUG] [net.minecraftforge.fml.javafmlmod.FMLJavaModLanguageProvider/LOADING]: Loading FMLModContainer from classloader cpw.mods.modlauncher.TransformingClassLoader@5232e3f1 - got cpw.mods.cl.ModuleClassLoader@398474a2
[18Apr2026 00:44:43.711] [main/DEBUG] [net.minecraftforge.fml.javafmlmod.FMLModContainer/LOADING]: Creating FMLModContainer instance for mezz.jei.forge.JustEnoughItems
[18Apr2026 00:44:43.711] [main/DEBUG] [net.minecraftforge.fml.javafmlmod.FMLJavaModLanguageProvider/LOADING]: Loading FMLModContainer from classloader cpw.mods.modlauncher.TransformingClassLoader@5232e3f1 - got cpw.mods.cl.ModuleClassLoader@398474a2
[18Apr2026 00:44:43.711] [main/DEBUG] [net.minecraftforge.fml.javafmlmod.FMLModContainer/LOADING]: Creating FMLModContainer instance for com.lion.graveyard.forge.GraveyardForge
[18Apr2026 00:44:43.712] [main/DEBUG] [net.minecraftforge.fml.javafmlmod.FMLJavaModLanguageProvider/LOADING]: Loading FMLModContainer from classloader cpw.mods.modlauncher.TransformingClassLoader@5232e3f1 - got cpw.mods.cl.ModuleClassLoader@398474a2
[18Apr2026 00:44:43.712] [main/DEBUG] [net.minecraftforge.fml.javafmlmod.FMLModContainer/LOADING]: Creating FMLModContainer instance for xaero.lib.XaeroLibForge
[18Apr2026 00:44:43.713] [main/DEBUG] [net.minecraftforge.fml.javafmlmod.FMLJavaModLanguageProvider/LOADING]: Loading FMLModContainer from classloader cpw.mods.modlauncher.TransformingClassLoader@5232e3f1 - got cpw.mods.cl.ModuleClassLoader@398474a2
[18Apr2026 00:44:43.713] [main/DEBUG] [net.minecraftforge.fml.javafmlmod.FMLModContainer/LOADING]: Creating FMLModContainer instance for com.yungnickyoung.minecraft.betteroceanmonuments.BetterOceanMonumentsForge
[18Apr2026 00:44:43.713] [main/DEBUG] [net.minecraftforge.fml.javafmlmod.FMLJavaModLanguageProvider/LOADING]: Loading FMLModContainer from classloader cpw.mods.modlauncher.TransformingClassLoader@5232e3f1 - got cpw.mods.cl.ModuleClassLoader@398474a2
[18Apr2026 00:44:43.713] [main/DEBUG] [net.minecraftforge.fml.javafmlmod.FMLModContainer/LOADING]: Creating FMLModContainer instance for com.jtorleonstudios.libraryferret.LibraryFerret
[18Apr2026 00:44:43.714] [main/DEBUG] [net.minecraftforge.fml.javafmlmod.FMLJavaModLanguageProvider/LOADING]: Loading FMLModContainer from classloader cpw.mods.modlauncher.TransformingClassLoader@5232e3f1 - got cpw.mods.cl.ModuleClassLoader@398474a2
[18Apr2026 00:44:43.714] [main/DEBUG] [net.minecraftforge.fml.javafmlmod.FMLModContainer/LOADING]: Creating FMLModContainer instance for com.mrcrayfish.goblintraders.GoblinTraders
[18Apr2026 00:44:43.715] [main/DEBUG] [net.minecraftforge.fml.javafmlmod.FMLJavaModLanguageProvider/LOADING]: Loading FMLModContainer from classloader cpw.mods.modlauncher.TransformingClassLoader@5232e3f1 - got cpw.mods.cl.ModuleClassLoader@398474a2
[18Apr2026 00:44:43.715] [main/DEBUG] [net.minecraftforge.fml.javafmlmod.FMLModContainer/LOADING]: Creating FMLModContainer instance for atomicstryker.dynamiclights.server.DynamicLights
[18Apr2026 00:44:43.716] [main/DEBUG] [net.minecraftforge.fml.javafmlmod.FMLJavaModLanguageProvider/LOADING]: Loading FMLModContainer from classloader cpw.mods.modlauncher.TransformingClassLoader@5232e3f1 - got cpw.mods.cl.ModuleClassLoader@398474a2
[18Apr2026 00:44:43.716] [main/DEBUG] [net.minecraftforge.fml.javafmlmod.FMLModContainer/LOADING]: Creating FMLModContainer instance for me.srrapero720.chloride.Chloride
[18Apr2026 00:44:43.717] [main/DEBUG] [net.minecraftforge.fml.javafmlmod.FMLJavaModLanguageProvider/LOADING]: Loading FMLModContainer from classloader cpw.mods.modlauncher.TransformingClassLoader@5232e3f1 - got cpw.mods.cl.ModuleClassLoader@398474a2
[18Apr2026 00:44:43.717] [main/DEBUG] [net.minecraftforge.fml.javafmlmod.FMLModContainer/LOADING]: Creating FMLModContainer instance for xaero.map.WorldMapForge
[18Apr2026 00:44:43.718] [main/DEBUG] [net.minecraftforge.fml.javafmlmod.FMLJavaModLanguageProvider/LOADING]: Loading FMLModContainer from classloader cpw.mods.modlauncher.TransformingClassLoader@5232e3f1 - got cpw.mods.cl.ModuleClassLoader@398474a2
[18Apr2026 00:44:43.719] [main/DEBUG] [net.minecraftforge.fml.javafmlmod.FMLModContainer/LOADING]: Creating FMLModContainer instance for com.github.alexthe666.citadel.Citadel
[18Apr2026 00:44:43.719] [main/DEBUG] [net.minecraftforge.fml.javafmlmod.FMLJavaModLanguageProvider/LOADING]: Loading FMLModContainer from classloader cpw.mods.modlauncher.TransformingClassLoader@5232e3f1 - got cpw.mods.cl.ModuleClassLoader@398474a2
[18Apr2026 00:44:43.719] [main/DEBUG] [net.minecraftforge.fml.javafmlmod.FMLModContainer/LOADING]: Creating FMLModContainer instance for com.tiviacz.travelersbackpack.TravelersBackpack
[18Apr2026 00:44:43.720] [main/DEBUG] [net.minecraftforge.fml.javafmlmod.FMLJavaModLanguageProvider/LOADING]: Loading FMLModContainer from classloader cpw.mods.modlauncher.TransformingClassLoader@5232e3f1 - got cpw.mods.cl.ModuleClassLoader@398474a2
[18Apr2026 00:44:43.720] [main/DEBUG] [net.minecraftforge.fml.javafmlmod.FMLModContainer/LOADING]: Creating FMLModContainer instance for com.lootintegrations.LootintegrationsMod
[18Apr2026 00:44:43.721] [main/DEBUG] [net.minecraftforge.fml.javafmlmod.FMLJavaModLanguageProvider/LOADING]: Loading FMLModContainer from classloader cpw.mods.modlauncher.TransformingClassLoader@5232e3f1 - got cpw.mods.cl.ModuleClassLoader@398474a2
[18Apr2026 00:44:43.721] [main/DEBUG] [net.minecraftforge.fml.javafmlmod.FMLModContainer/LOADING]: Creating FMLModContainer instance for com.yungnickyoung.minecraft.yungsapi.YungsApiForge
[18Apr2026 00:44:43.721] [main/DEBUG] [net.minecraftforge.fml.javafmlmod.FMLJavaModLanguageProvider/LOADING]: Loading FMLModContainer from classloader cpw.mods.modlauncher.TransformingClassLoader@5232e3f1 - got cpw.mods.cl.ModuleClassLoader@398474a2
[18Apr2026 00:44:43.721] [main/DEBUG] [net.minecraftforge.fml.javafmlmod.FMLModContainer/LOADING]: Creating FMLModContainer instance for com.llamalad7.mixinextras.platform.forge.MixinExtrasMod
[18Apr2026 00:44:43.721] [main/DEBUG] [net.minecraftforge.fml.javafmlmod.FMLJavaModLanguageProvider/LOADING]: Loading FMLModContainer from classloader cpw.mods.modlauncher.TransformingClassLoader@5232e3f1 - got cpw.mods.cl.ModuleClassLoader@398474a2
[18Apr2026 00:44:43.722] [main/DEBUG] [net.minecraftforge.fml.javafmlmod.FMLModContainer/LOADING]: Creating FMLModContainer instance for xiroc.dungeoncrawl.DungeonCrawl
[18Apr2026 00:44:43.722] [main/DEBUG] [net.minecraftforge.fml.javafmlmod.FMLJavaModLanguageProvider/LOADING]: Loading FMLModContainer from classloader cpw.mods.modlauncher.TransformingClassLoader@5232e3f1 - got cpw.mods.cl.ModuleClassLoader@398474a2
[18Apr2026 00:44:43.722] [main/DEBUG] [net.minecraftforge.fml.javafmlmod.FMLModContainer/LOADING]: Creating FMLModContainer instance for it.hurts.sskirillss.relics.Relics
[18Apr2026 00:44:43.723] [main/DEBUG] [net.minecraftforge.fml.javafmlmod.FMLJavaModLanguageProvider/LOADING]: Loading FMLModContainer from classloader cpw.mods.modlauncher.TransformingClassLoader@5232e3f1 - got cpw.mods.cl.ModuleClassLoader@398474a2
[18Apr2026 00:44:43.723] [main/DEBUG] [net.minecraftforge.fml.javafmlmod.FMLModContainer/LOADING]: Creating FMLModContainer instance for com.yungnickyoung.minecraft.betterdeserttemples.BetterDesertTemplesForge
[18Apr2026 00:44:43.723] [main/DEBUG] [net.minecraftforge.fml.javafmlmod.FMLJavaModLanguageProvider/LOADING]: Loading FMLModContainer from classloader cpw.mods.modlauncher.TransformingClassLoader@5232e3f1 - got cpw.mods.cl.ModuleClassLoader@398474a2
[18Apr2026 00:44:43.723] [main/DEBUG] [net.minecraftforge.fml.javafmlmod.FMLModContainer/LOADING]: Creating FMLModContainer instance for com.izofar.takesapillage.TakesAPillageMod
[18Apr2026 00:44:43.724] [main/DEBUG] [net.minecraftforge.fml.javafmlmod.FMLJavaModLanguageProvider/LOADING]: Loading FMLModContainer from classloader cpw.mods.modlauncher.TransformingClassLoader@5232e3f1 - got cpw.mods.cl.ModuleClassLoader@398474a2
[18Apr2026 00:44:43.724] [main/DEBUG] [net.minecraftforge.fml.javafmlmod.FMLModContainer/LOADING]: Creating FMLModContainer instance for com.izofar.bygonenether.BygoneNetherMod
[18Apr2026 00:44:43.724] [main/DEBUG] [net.minecraftforge.fml.javafmlmod.FMLJavaModLanguageProvider/LOADING]: Loading FMLModContainer from classloader cpw.mods.modlauncher.TransformingClassLoader@5232e3f1 - got cpw.mods.cl.ModuleClassLoader@398474a2
[18Apr2026 00:44:43.724] [main/DEBUG] [net.minecraftforge.fml.javafmlmod.FMLModContainer/LOADING]: Creating FMLModContainer instance for it.hurts.sskirillss.ramcompat.RAMCompat
[18Apr2026 00:44:43.725] [main/DEBUG] [net.minecraftforge.fml.javafmlmod.FMLJavaModLanguageProvider/LOADING]: Loading FMLModContainer from classloader cpw.mods.modlauncher.TransformingClassLoader@5232e3f1 - got cpw.mods.cl.ModuleClassLoader@398474a2
[18Apr2026 00:44:43.725] [main/DEBUG] [net.minecraftforge.fml.javafmlmod.FMLModContainer/LOADING]: Creating FMLModContainer instance for com.yungnickyoung.minecraft.betterfortresses.BetterFortressesForge
[18Apr2026 00:44:43.725] [main/DEBUG] [net.minecraftforge.fml.javafmlmod.FMLJavaModLanguageProvider/LOADING]: Loading FMLModContainer from classloader cpw.mods.modlauncher.TransformingClassLoader@5232e3f1 - got cpw.mods.cl.ModuleClassLoader@398474a2
[18Apr2026 00:44:43.725] [main/DEBUG] [net.minecraftforge.fml.javafmlmod.FMLModContainer/LOADING]: Creating FMLModContainer instance for net.aurelj.dungeons_arise_seven_seas.DungeonsAriseSevenSeasMain
[18Apr2026 00:44:43.725] [main/DEBUG] [net.minecraftforge.fml.javafmlmod.FMLJavaModLanguageProvider/LOADING]: Loading FMLModContainer from classloader cpw.mods.modlauncher.TransformingClassLoader@5232e3f1 - got cpw.mods.cl.ModuleClassLoader@398474a2
[18Apr2026 00:44:43.726] [main/DEBUG] [net.minecraftforge.fml.javafmlmod.FMLModContainer/LOADING]: Creating FMLModContainer instance for net.minecraftforge.common.ForgeMod
[18Apr2026 00:44:43.728] [main/DEBUG] [net.minecraftforge.fml.javafmlmod.FMLJavaModLanguageProvider/LOADING]: Loading FMLModContainer from classloader cpw.mods.modlauncher.TransformingClassLoader@5232e3f1 - got cpw.mods.cl.ModuleClassLoader@398474a2
[18Apr2026 00:44:43.728] [main/DEBUG] [net.minecraftforge.fml.javafmlmod.FMLModContainer/LOADING]: Creating FMLModContainer instance for net.cursedwarrior.morevillagertrades.MoreVillagerTradesMod
[18Apr2026 00:44:43.728] [main/DEBUG] [net.minecraftforge.fml.lowcodemod.LowCodeModLanguageProvider.LowCodeModTarget/LOADING]: Loading LowCodeModContainer from classloader cpw.mods.modlauncher.TransformingClassLoader@5232e3f1 - got cpw.mods.cl.ModuleClassLoader@398474a2
[18Apr2026 00:44:43.728] [main/DEBUG] [net.minecraftforge.fml.lowcodemod.LowCodeModContainer/LOADING]: Creating LowCodeModContainer for lootintegrations_bygonepillage
[18Apr2026 00:44:43.728] [main/DEBUG] [net.minecraftforge.fml.javafmlmod.FMLJavaModLanguageProvider/LOADING]: Loading FMLModContainer from classloader cpw.mods.modlauncher.TransformingClassLoader@5232e3f1 - got cpw.mods.cl.ModuleClassLoader@398474a2
[18Apr2026 00:44:43.729] [main/DEBUG] [net.minecraftforge.fml.javafmlmod.FMLModContainer/LOADING]: Creating FMLModContainer instance for net.aurelj.dungeons_arise.DungeonsAriseMain
[18Apr2026 00:44:43.729] [main/DEBUG] [net.minecraftforge.fml.javafmlmod.FMLJavaModLanguageProvider/LOADING]: Loading FMLModContainer from classloader cpw.mods.modlauncher.TransformingClassLoader@5232e3f1 - got cpw.mods.cl.ModuleClassLoader@398474a2
[18Apr2026 00:44:43.729] [main/DEBUG] [net.minecraftforge.fml.javafmlmod.FMLModContainer/LOADING]: Creating FMLModContainer instance for vectorwing.farmersdelight.FarmersDelight
[18Apr2026 00:44:43.730] [main/DEBUG] [net.minecraftforge.fml.javafmlmod.FMLJavaModLanguageProvider/LOADING]: Loading FMLModContainer from classloader cpw.mods.modlauncher.TransformingClassLoader@5232e3f1 - got cpw.mods.cl.ModuleClassLoader@398474a2
[18Apr2026 00:44:43.730] [main/DEBUG] [net.minecraftforge.fml.javafmlmod.FMLModContainer/LOADING]: Creating FMLModContainer instance for com.github.alexmodguy.alexscaves.AlexsCaves
[18Apr2026 00:44:43.731] [main/DEBUG] [net.minecraftforge.fml.javafmlmod.FMLJavaModLanguageProvider/LOADING]: Loading FMLModContainer from classloader cpw.mods.modlauncher.TransformingClassLoader@5232e3f1 - got cpw.mods.cl.ModuleClassLoader@398474a2
[18Apr2026 00:44:43.731] [main/DEBUG] [net.minecraftforge.fml.javafmlmod.FMLModContainer/LOADING]: Creating FMLModContainer instance for com.samebutdifferent.morevillagers.forge.MoreVillagersForge
[18Apr2026 00:44:43.731] [main/DEBUG] [net.minecraftforge.fml.lowcodemod.LowCodeModLanguageProvider.LowCodeModTarget/LOADING]: Loading LowCodeModContainer from classloader cpw.mods.modlauncher.TransformingClassLoader@5232e3f1 - got cpw.mods.cl.ModuleClassLoader@398474a2
[18Apr2026 00:44:43.731] [main/DEBUG] [net.minecraftforge.fml.lowcodemod.LowCodeModContainer/LOADING]: Creating LowCodeModContainer for lootintegrations_vanilla
[18Apr2026 00:44:43.731] [main/DEBUG] [net.minecraftforge.fml.javafmlmod.FMLJavaModLanguageProvider/LOADING]: Loading FMLModContainer from classloader cpw.mods.modlauncher.TransformingClassLoader@5232e3f1 - got cpw.mods.cl.ModuleClassLoader@398474a2
[18Apr2026 00:44:43.731] [main/DEBUG] [net.minecraftforge.fml.javafmlmod.FMLModContainer/LOADING]: Creating FMLModContainer instance for yalter.mousetweaks.forge.MouseTweaksForge
[18Apr2026 00:44:43.732] [main/DEBUG] [net.minecraftforge.fml.lowcodemod.LowCodeModLanguageProvider.LowCodeModTarget/LOADING]: Loading LowCodeModContainer from classloader cpw.mods.modlauncher.TransformingClassLoader@5232e3f1 - got cpw.mods.cl.ModuleClassLoader@398474a2
[18Apr2026 00:44:43.732] [main/DEBUG] [net.minecraftforge.fml.lowcodemod.LowCodeModContainer/LOADING]: Creating LowCodeModContainer for lootintegration_wda
[18Apr2026 00:44:43.732] [main/DEBUG] [net.minecraftforge.fml.javafmlmod.FMLJavaModLanguageProvider/LOADING]: Loading FMLModContainer from classloader cpw.mods.modlauncher.TransformingClassLoader@5232e3f1 - got cpw.mods.cl.ModuleClassLoader@398474a2
[18Apr2026 00:44:43.732] [main/DEBUG] [net.minecraftforge.fml.javafmlmod.FMLModContainer/LOADING]: Creating FMLModContainer instance for net.kenddie.fantasyarmor.FantasyArmor
[18Apr2026 00:44:43.732] [main/DEBUG] [net.minecraftforge.fml.javafmlmod.FMLJavaModLanguageProvider/LOADING]: Loading FMLModContainer from classloader cpw.mods.modlauncher.TransformingClassLoader@5232e3f1 - got cpw.mods.cl.ModuleClassLoader@398474a2
[18Apr2026 00:44:43.732] [main/DEBUG] [net.minecraftforge.fml.javafmlmod.FMLModContainer/LOADING]: Creating FMLModContainer instance for com.yungnickyoung.minecraft.yungsbridges.YungsBridgesForge
[18Apr2026 00:44:43.733] [main/DEBUG] [net.minecraftforge.fml.lowcodemod.LowCodeModLanguageProvider.LowCodeModTarget/LOADING]: Loading LowCodeModContainer from classloader cpw.mods.modlauncher.TransformingClassLoader@5232e3f1 - got cpw.mods.cl.ModuleClassLoader@398474a2
[18Apr2026 00:44:43.733] [main/DEBUG] [net.minecraftforge.fml.lowcodemod.LowCodeModContainer/LOADING]: Creating LowCodeModContainer for lootintegrations_yungs
[18Apr2026 00:44:43.733] [main/DEBUG] [net.minecraftforge.fml.lowcodemod.LowCodeModLanguageProvider.LowCodeModTarget/LOADING]: Loading LowCodeModContainer from classloader cpw.mods.modlauncher.TransformingClassLoader@5232e3f1 - got cpw.mods.cl.ModuleClassLoader@398474a2
[18Apr2026 00:44:43.733] [main/DEBUG] [net.minecraftforge.fml.lowcodemod.LowCodeModContainer/LOADING]: Creating LowCodeModContainer for lootintegrations_dungeoncrawl
[18Apr2026 00:44:43.733] [main/DEBUG] [net.minecraftforge.fml.javafmlmod.FMLJavaModLanguageProvider/LOADING]: Loading FMLModContainer from classloader cpw.mods.modlauncher.TransformingClassLoader@5232e3f1 - got cpw.mods.cl.ModuleClassLoader@398474a2
[18Apr2026 00:44:43.733] [main/DEBUG] [net.minecraftforge.fml.javafmlmod.FMLModContainer/LOADING]: Creating FMLModContainer instance for com.crimsoncrips.alexsmobsinteraction.AlexsMobsInteraction
[18Apr2026 00:44:43.734] [main/DEBUG] [net.minecraftforge.fml.javafmlmod.FMLJavaModLanguageProvider/LOADING]: Loading FMLModContainer from classloader cpw.mods.modlauncher.TransformingClassLoader@5232e3f1 - got cpw.mods.cl.ModuleClassLoader@398474a2
[18Apr2026 00:44:43.734] [main/DEBUG] [net.minecraftforge.fml.javafmlmod.FMLModContainer/LOADING]: Creating FMLModContainer instance for com.github.alexthe666.alexsmobs.AlexsMobs
[18Apr2026 00:44:43.734] [main/DEBUG] [net.minecraftforge.fml.javafmlmod.FMLJavaModLanguageProvider/LOADING]: Loading FMLModContainer from classloader cpw.mods.modlauncher.TransformingClassLoader@5232e3f1 - got cpw.mods.cl.ModuleClassLoader@398474a2
[18Apr2026 00:44:43.734] [main/DEBUG] [net.minecraftforge.fml.javafmlmod.FMLModContainer/LOADING]: Creating FMLModContainer instance for top.theillusivec4.curios.Curios
[18Apr2026 00:44:43.735] [main/DEBUG] [net.minecraftforge.fml.javafmlmod.FMLJavaModLanguageProvider/LOADING]: Loading FMLModContainer from classloader cpw.mods.modlauncher.TransformingClassLoader@5232e3f1 - got cpw.mods.cl.ModuleClassLoader@398474a2
[18Apr2026 00:44:43.735] [main/DEBUG] [net.minecraftforge.fml.javafmlmod.FMLModContainer/LOADING]: Creating FMLModContainer instance for vazkii.patchouli.forge.common.ForgeModInitializer
[18Apr2026 00:44:43.736] [main/DEBUG] [net.minecraftforge.fml.javafmlmod.FMLJavaModLanguageProvider/LOADING]: Loading FMLModContainer from classloader cpw.mods.modlauncher.TransformingClassLoader@5232e3f1 - got cpw.mods.cl.ModuleClassLoader@398474a2
[18Apr2026 00:44:43.736] [main/DEBUG] [net.minecraftforge.fml.javafmlmod.FMLModContainer/LOADING]: Creating FMLModContainer instance for xaero.minimap.XaeroMinimapForge
[18Apr2026 00:44:43.737] [main/DEBUG] [net.minecraftforge.fml.javafmlmod.FMLJavaModLanguageProvider/LOADING]: Loading FMLModContainer from classloader cpw.mods.modlauncher.TransformingClassLoader@5232e3f1 - got cpw.mods.cl.ModuleClassLoader@398474a2
[18Apr2026 00:44:43.738] [main/DEBUG] [net.minecraftforge.fml.javafmlmod.FMLModContainer/LOADING]: Creating FMLModContainer instance for com.finndog.mes.forge.MESForge
[18Apr2026 00:44:43.738] [main/DEBUG] [net.minecraftforge.fml.javafmlmod.FMLJavaModLanguageProvider/LOADING]: Loading FMLModContainer from classloader cpw.mods.modlauncher.TransformingClassLoader@5232e3f1 - got cpw.mods.cl.ModuleClassLoader@398474a2
[18Apr2026 00:44:43.738] [main/DEBUG] [net.minecraftforge.fml.javafmlmod.FMLModContainer/LOADING]: Creating FMLModContainer instance for com.curseforge.goblins.GoblinsMod
[18Apr2026 00:44:43.738] [main/DEBUG] [net.minecraftforge.fml.javafmlmod.FMLJavaModLanguageProvider/LOADING]: Loading FMLModContainer from classloader cpw.mods.modlauncher.TransformingClassLoader@5232e3f1 - got cpw.mods.cl.ModuleClassLoader@398474a2
[18Apr2026 00:44:43.739] [main/DEBUG] [net.minecraftforge.fml.javafmlmod.FMLModContainer/LOADING]: Creating FMLModContainer instance for com.yungnickyoung.minecraft.yungsextras.YungsExtrasForge
[18Apr2026 00:44:43.739] [main/DEBUG] [net.minecraftforge.fml.javafmlmod.FMLJavaModLanguageProvider/LOADING]: Loading FMLModContainer from classloader cpw.mods.modlauncher.TransformingClassLoader@5232e3f1 - got cpw.mods.cl.ModuleClassLoader@398474a2
[18Apr2026 00:44:43.739] [main/DEBUG] [net.minecraftforge.fml.javafmlmod.FMLModContainer/LOADING]: Creating FMLModContainer instance for com.jtorleonstudios.bettervillage.Main
[18Apr2026 00:44:43.739] [main/DEBUG] [net.minecraftforge.fml.javafmlmod.FMLJavaModLanguageProvider/LOADING]: Loading FMLModContainer from classloader cpw.mods.modlauncher.TransformingClassLoader@5232e3f1 - got cpw.mods.cl.ModuleClassLoader@398474a2
[18Apr2026 00:44:43.739] [main/DEBUG] [net.minecraftforge.fml.javafmlmod.FMLModContainer/LOADING]: Creating FMLModContainer instance for com.yungnickyoung.minecraft.betterstrongholds.BetterStrongholdsForge
[18Apr2026 00:44:43.740] [main/DEBUG] [net.minecraftforge.fml.javafmlmod.FMLJavaModLanguageProvider/LOADING]: Loading FMLModContainer from classloader cpw.mods.modlauncher.TransformingClassLoader@5232e3f1 - got cpw.mods.cl.ModuleClassLoader@398474a2
[18Apr2026 00:44:43.740] [main/DEBUG] [net.minecraftforge.fml.javafmlmod.FMLModContainer/LOADING]: Creating FMLModContainer instance for net.mcreator.farmersstructures.FarmersStructuresMod
[18Apr2026 00:44:43.740] [main/DEBUG] [net.minecraftforge.fml.lowcodemod.LowCodeModLanguageProvider.LowCodeModTarget/LOADING]: Loading LowCodeModContainer from classloader cpw.mods.modlauncher.TransformingClassLoader@5232e3f1 - got cpw.mods.cl.ModuleClassLoader@398474a2
[18Apr2026 00:44:43.740] [main/DEBUG] [net.minecraftforge.fml.lowcodemod.LowCodeModContainer/LOADING]: Creating LowCodeModContainer for mvs
[18Apr2026 00:44:43.740] [main/DEBUG] [net.minecraftforge.fml.javafmlmod.FMLJavaModLanguageProvider/LOADING]: Loading FMLModContainer from classloader cpw.mods.modlauncher.TransformingClassLoader@5232e3f1 - got cpw.mods.cl.ModuleClassLoader@398474a2
[18Apr2026 00:44:43.740] [main/DEBUG] [net.minecraftforge.fml.javafmlmod.FMLModContainer/LOADING]: Creating FMLModContainer instance for dev.architectury.forge.ArchitecturyForge
[18Apr2026 00:44:43.741] [main/DEBUG] [net.minecraftforge.fml.javafmlmod.FMLJavaModLanguageProvider/LOADING]: Loading FMLModContainer from classloader cpw.mods.modlauncher.TransformingClassLoader@5232e3f1 - got cpw.mods.cl.ModuleClassLoader@398474a2
[18Apr2026 00:44:43.741] [main/DEBUG] [net.minecraftforge.fml.javafmlmod.FMLModContainer/LOADING]: Creating FMLModContainer instance for dev.ftb.mods.ftblibrary.forge.FTBLibraryForge
[18Apr2026 00:44:43.741] [main/DEBUG] [net.minecraftforge.fml.javafmlmod.FMLJavaModLanguageProvider/LOADING]: Loading FMLModContainer from classloader cpw.mods.modlauncher.TransformingClassLoader@5232e3f1 - got cpw.mods.cl.ModuleClassLoader@398474a2
[18Apr2026 00:44:43.741] [main/DEBUG] [net.minecraftforge.fml.javafmlmod.FMLModContainer/LOADING]: Creating FMLModContainer instance for it.hurts.octostudios.octolib.forge.OctoLibForge
[18Apr2026 00:44:43.741] [main/DEBUG] [net.minecraftforge.fml.javafmlmod.FMLJavaModLanguageProvider/LOADING]: Loading FMLModContainer from classloader cpw.mods.modlauncher.TransformingClassLoader@5232e3f1 - got cpw.mods.cl.ModuleClassLoader@398474a2
[18Apr2026 00:44:43.741] [main/DEBUG] [net.minecraftforge.fml.javafmlmod.FMLModContainer/LOADING]: Creating FMLModContainer instance for dev.latvian.mods.itemfilters.forge.ItemFiltersForge
[18Apr2026 00:44:43.742] [main/DEBUG] [net.minecraftforge.fml.javafmlmod.FMLJavaModLanguageProvider/LOADING]: Loading FMLModContainer from classloader cpw.mods.modlauncher.TransformingClassLoader@5232e3f1 - got cpw.mods.cl.ModuleClassLoader@398474a2
[18Apr2026 00:44:43.742] [main/DEBUG] [net.minecraftforge.fml.javafmlmod.FMLModContainer/LOADING]: Creating FMLModContainer instance for dev.ftb.mods.ftbteams.forge.FTBTeamsForge
[18Apr2026 00:44:43.742] [main/DEBUG] [net.minecraftforge.fml.javafmlmod.FMLJavaModLanguageProvider/LOADING]: Loading FMLModContainer from classloader cpw.mods.modlauncher.TransformingClassLoader@5232e3f1 - got cpw.mods.cl.ModuleClassLoader@398474a2
[18Apr2026 00:44:43.742] [main/DEBUG] [net.minecraftforge.fml.javafmlmod.FMLModContainer/LOADING]: Creating FMLModContainer instance for dev.ftb.mods.ftbquests.forge.FTBQuestsForge
[18Apr2026 00:44:43.743] [main/DEBUG] [net.minecraftforge.fml.javafmlmod.FMLJavaModLanguageProvider/LOADING]: Loading FMLModContainer from classloader cpw.mods.modlauncher.TransformingClassLoader@5232e3f1 - got cpw.mods.cl.ModuleClassLoader@398474a2
[18Apr2026 00:44:43.743] [main/DEBUG] [net.minecraftforge.fml.javafmlmod.FMLModContainer/LOADING]: Creating FMLModContainer instance for squeek.appleskin.AppleSkin
[18Apr2026 00:44:43.743] [main/DEBUG] [net.minecraftforge.fml.javafmlmod.FMLJavaModLanguageProvider/LOADING]: Loading FMLModContainer from classloader cpw.mods.modlauncher.TransformingClassLoader@5232e3f1 - got cpw.mods.cl.ModuleClassLoader@398474a2
[18Apr2026 00:44:43.744] [main/DEBUG] [net.minecraftforge.fml.javafmlmod.FMLModContainer/LOADING]: Creating FMLModContainer instance for com.ncpbails.alexsdelight.AlexsDelight
[18Apr2026 00:44:43.744] [main/DEBUG] [net.minecraftforge.fml.javafmlmod.FMLJavaModLanguageProvider/LOADING]: Loading FMLModContainer from classloader cpw.mods.modlauncher.TransformingClassLoader@5232e3f1 - got cpw.mods.cl.ModuleClassLoader@398474a2
[18Apr2026 00:44:43.744] [main/DEBUG] [net.minecraftforge.fml.javafmlmod.FMLModContainer/LOADING]: Creating FMLModContainer instance for com.cupboard.Cupboard
[18Apr2026 00:44:43.745] [main/DEBUG] [net.minecraftforge.fml.javafmlmod.FMLJavaModLanguageProvider/LOADING]: Loading FMLModContainer from classloader cpw.mods.modlauncher.TransformingClassLoader@5232e3f1 - got cpw.mods.cl.ModuleClassLoader@398474a2
[18Apr2026 00:44:43.745] [main/DEBUG] [net.minecraftforge.fml.javafmlmod.FMLModContainer/LOADING]: Creating FMLModContainer instance for com.yungnickyoung.minecraft.betterendisland.BetterEndIslandForge
[18Apr2026 00:44:43.745] [main/DEBUG] [net.minecraftforge.fml.javafmlmod.FMLJavaModLanguageProvider/LOADING]: Loading FMLModContainer from classloader cpw.mods.modlauncher.TransformingClassLoader@5232e3f1 - got cpw.mods.cl.ModuleClassLoader@398474a2
[18Apr2026 00:44:43.745] [main/DEBUG] [net.minecraftforge.fml.javafmlmod.FMLModContainer/LOADING]: Creating FMLModContainer instance for com.hogbits.wda_questline.WDAQuestline
[18Apr2026 00:44:43.746] [main/DEBUG] [net.minecraftforge.fml.lowcodemod.LowCodeModLanguageProvider.LowCodeModTarget/LOADING]: Loading LowCodeModContainer from classloader cpw.mods.modlauncher.TransformingClassLoader@5232e3f1 - got cpw.mods.cl.ModuleClassLoader@398474a2
[18Apr2026 00:44:43.746] [main/DEBUG] [net.minecraftforge.fml.lowcodemod.LowCodeModContainer/LOADING]: Creating LowCodeModContainer for lootintegrations_moog
[18Apr2026 00:44:43.746] [main/DEBUG] [net.minecraftforge.fml.javafmlmod.FMLJavaModLanguageProvider/LOADING]: Loading FMLModContainer from classloader cpw.mods.modlauncher.TransformingClassLoader@5232e3f1 - got cpw.mods.cl.ModuleClassLoader@398474a2
[18Apr2026 00:44:43.746] [main/DEBUG] [net.minecraftforge.fml.javafmlmod.FMLModContainer/LOADING]: Creating FMLModContainer instance for com.finndog.moogs_structures.forge.MoogsStructuresForge
[18Apr2026 00:44:43.746] [main/DEBUG] [net.minecraftforge.fml.lowcodemod.LowCodeModLanguageProvider.LowCodeModTarget/LOADING]: Loading LowCodeModContainer from classloader cpw.mods.modlauncher.TransformingClassLoader@5232e3f1 - got cpw.mods.cl.ModuleClassLoader@398474a2
[18Apr2026 00:44:43.746] [main/DEBUG] [net.minecraftforge.fml.lowcodemod.LowCodeModContainer/LOADING]: Creating LowCodeModContainer for mns
[18Apr2026 00:44:43.746] [main/DEBUG] [net.minecraftforge.fml.javafmlmod.FMLJavaModLanguageProvider/LOADING]: Loading FMLModContainer from classloader cpw.mods.modlauncher.TransformingClassLoader@5232e3f1 - got cpw.mods.cl.ModuleClassLoader@398474a2
[18Apr2026 00:44:43.746] [main/DEBUG] [net.minecraftforge.fml.javafmlmod.FMLModContainer/LOADING]: Creating FMLModContainer instance for com.mrcrayfish.framework.FrameworkForge
[18Apr2026 00:44:43.747] [main/DEBUG] [net.minecraftforge.fml.javafmlmod.FMLJavaModLanguageProvider/LOADING]: Loading FMLModContainer from classloader cpw.mods.modlauncher.TransformingClassLoader@5232e3f1 - got cpw.mods.cl.ModuleClassLoader@398474a2
[18Apr2026 00:44:43.747] [main/DEBUG] [net.minecraftforge.fml.javafmlmod.FMLModContainer/LOADING]: Creating FMLModContainer instance for de.cristelknight999.t_and_t.TT
[18Apr2026 00:44:43.747] [main/DEBUG] [net.minecraftforge.fml.javafmlmod.FMLJavaModLanguageProvider/LOADING]: Loading FMLModContainer from classloader cpw.mods.modlauncher.TransformingClassLoader@5232e3f1 - got cpw.mods.cl.ModuleClassLoader@398474a2
[18Apr2026 00:44:43.747] [main/DEBUG] [net.minecraftforge.fml.javafmlmod.FMLModContainer/LOADING]: Creating FMLModContainer instance for com.yungnickyoung.minecraft.bettermineshafts.BetterMineshaftsForge
[18Apr2026 00:44:43.748] [main/DEBUG] [net.minecraftforge.fml.javafmlmod.FMLJavaModLanguageProvider/LOADING]: Loading FMLModContainer from classloader cpw.mods.modlauncher.TransformingClassLoader@5232e3f1 - got cpw.mods.cl.ModuleClassLoader@398474a2
[18Apr2026 00:44:43.748] [main/DEBUG] [net.minecraftforge.fml.javafmlmod.FMLModContainer/LOADING]: Creating FMLModContainer instance for com.yungnickyoung.minecraft.betterjungletemples.BetterJungleTemplesForge
[18Apr2026 00:44:43.748] [main/DEBUG] [net.minecraftforge.fml.lowcodemod.LowCodeModLanguageProvider.LowCodeModTarget/LOADING]: Loading LowCodeModContainer from classloader cpw.mods.modlauncher.TransformingClassLoader@5232e3f1 - got cpw.mods.cl.ModuleClassLoader@398474a2
[18Apr2026 00:44:43.748] [main/DEBUG] [net.minecraftforge.fml.lowcodemod.LowCodeModContainer/LOADING]: Creating LowCodeModContainer for lootintegrations_graveyard
[18Apr2026 00:44:43.748] [main/DEBUG] [net.minecraftforge.fml.javafmlmod.FMLJavaModLanguageProvider/LOADING]: Loading FMLModContainer from classloader cpw.mods.modlauncher.TransformingClassLoader@5232e3f1 - got cpw.mods.cl.ModuleClassLoader@398474a2
[18Apr2026 00:44:43.748] [main/DEBUG] [net.minecraftforge.fml.javafmlmod.FMLModContainer/LOADING]: Creating FMLModContainer instance for net.cristellib.forge.CristelLibForge
[18Apr2026 00:44:43.763] [modloading-worker-0/DEBUG] [betterdungeons/]: Loaded com.yungnickyoung.minecraft.betterdungeons.services.ForgePlatformHelper@12c403cb for service interface com.yungnickyoung.minecraft.betterdungeons.services.IPlatformHelper
[18Apr2026 00:44:43.767] [modloading-worker-0/DEBUG] [betterdungeons/]: Loaded com.yungnickyoung.minecraft.betterdungeons.services.ForgeModulesLoader@1d9fcd30 for service interface com.yungnickyoung.minecraft.betterdungeons.services.IModulesLoader
[18Apr2026 00:44:43.773] [modloading-worker-0/DEBUG] [betterwitchhuts/]: Loaded com.yungnickyoung.minecraft.betterwitchhuts.services.ForgePlatformHelper@18aa297b for service interface com.yungnickyoung.minecraft.betterwitchhuts.services.IPlatformHelper
[18Apr2026 00:44:43.776] [modloading-worker-0/DEBUG] [betterwitchhuts/]: Loaded com.yungnickyoung.minecraft.betterwitchhuts.services.ForgeModulesLoader@553bd1b8 for service interface com.yungnickyoung.minecraft.betterwitchhuts.services.IModulesLoader
[18Apr2026 00:44:43.788] [modloading-worker-0/DEBUG] [net.minecraftforge.fml.javafmlmod.AutomaticEventSubscriber/LOADING]: Attempting to inject @EventBusSubscriber classes into the eventbus for villagesandpillages
[18Apr2026 00:44:43.792] [modloading-worker-0/DEBUG] [net.minecraftforge.fml.config.ConfigTracker/CONFIG]: Config file betterwitchhuts-forge-1_20.toml for betterwitchhuts tracking
[18Apr2026 00:44:43.794] [modloading-worker-0/DEBUG] [mixin/]: Mixing MixinLevelEvent from architectury.mixins.json into net.minecraftforge.event.level.LevelEvent
[18Apr2026 00:44:43.799] [modloading-worker-0/DEBUG] [net.minecraftforge.fml.config.ConfigTracker/CONFIG]: Config file betterdungeons-forge-1_20.toml for betterdungeons tracking
[18Apr2026 00:44:43.802] [modloading-worker-0/DEBUG] [net.minecraftforge.fml.javafmlmod.AutomaticEventSubscriber/LOADING]: Auto-subscribing com.faboslav.villagesandpillages.forge.VillagesAndPillagesForge to FORGE
[18Apr2026 00:44:43.806] [modloading-worker-0/DEBUG] [mixin/]: Mixing DesolateDaggerEntityMixin from raccompat.mixins.json into com.github.alexmodguy.alexscaves.server.entity.item.DesolateDaggerEntity
[18Apr2026 00:44:43.806] [modloading-worker-0/DEBUG] [mixin/]: raccompat.mixins.json:DesolateDaggerEntityMixin: Class version 61 required is higher than the class version supported by the current version of Mixin (JAVA_8 supports class version 52)
[18Apr2026 00:44:43.812] [modloading-worker-0/DEBUG] [net.minecraftforge.fml.javafmlmod.AutomaticEventSubscriber/LOADING]: Attempting to inject @EventBusSubscriber classes into the eventbus for betterdungeons
[18Apr2026 00:44:43.812] [modloading-worker-0/DEBUG] [net.minecraftforge.fml.javafmlmod.AutomaticEventSubscriber/LOADING]: Attempting to inject @EventBusSubscriber classes into the eventbus for betterwitchhuts
[18Apr2026 00:44:43.819] [modloading-worker-0/DEBUG] [net.minecraftforge.fml.javafmlmod.AutomaticEventSubscriber/LOADING]: Attempting to inject @EventBusSubscriber classes into the eventbus for raccompat
[18Apr2026 00:44:43.823] [modloading-worker-0/DEBUG] [net.minecraftforge.fml.javafmlmod.AutomaticEventSubscriber/LOADING]: Auto-subscribing it.hurts.sskirillss.raccompat.items.DesolatePendantItem$DesolatePendantEvents to FORGE
[18Apr2026 00:44:43.827] [modloading-worker-0/DEBUG] [net.minecraftforge.fml.javafmlmod.AutomaticEventSubscriber/LOADING]: Auto-subscribing it.hurts.sskirillss.raccompat.items.AcidWalkerItem$AcidWalkerItemEvents to FORGE
[18Apr2026 00:44:43.831] [modloading-worker-0/DEBUG] [net.minecraftforge.fml.javafmlmod.AutomaticEventSubscriber/LOADING]: Attempting to inject @EventBusSubscriber classes into the eventbus for fantasy_weapons
[18Apr2026 00:44:43.840] [modloading-worker-0/DEBUG] [net.minecraftforge.fml.config.ConfigTracker/CONFIG]: Config file jei-server.toml for jei tracking
[18Apr2026 00:44:43.849] [modloading-worker-0/DEBUG] [net.minecraftforge.fml.javafmlmod.AutomaticEventSubscriber/LOADING]: Attempting to inject @EventBusSubscriber classes into the eventbus for jei
[18Apr2026 00:44:43.881] [modloading-worker-0/DEBUG] [net.minecraftforge.fml.javafmlmod.AutomaticEventSubscriber/LOADING]: Attempting to inject @EventBusSubscriber classes into the eventbus for mss
[18Apr2026 00:44:43.884] [modloading-worker-0/DEBUG] [xaero.lib.XaeroLib/]: Loaded xaero.lib.platform.services.PlatformHelperForge@f17214e for service interface xaero.lib.platform.services.IPlatformHelper
[18Apr2026 00:44:43.890] [modloading-worker-0/DEBUG] [net.minecraftforge.fml.javafmlmod.AutomaticEventSubscriber/LOADING]: Attempting to inject @EventBusSubscriber classes into the eventbus for geckolib
[18Apr2026 00:44:43.892] [modloading-worker-0/DEBUG] [betteroceanmonuments/]: Loaded com.yungnickyoung.minecraft.betteroceanmonuments.services.ForgePlatformHelper@15cab550 for service interface com.yungnickyoung.minecraft.betteroceanmonuments.services.IPlatformHelper
[18Apr2026 00:44:43.892] [modloading-worker-0/DEBUG] [net.minecraftforge.fml.javafmlmod.AutomaticEventSubscriber/LOADING]: Auto-subscribing software.bernie.example.GeckoLibMod to FORGE
[18Apr2026 00:44:43.892] [modloading-worker-0/DEBUG] [net.minecraftforge.fml.javafmlmod.AutomaticEventSubscriber/LOADING]: Auto-subscribing software.bernie.example.CommonListener to MOD
[18Apr2026 00:44:43.895] [modloading-worker-0/DEBUG] [betteroceanmonuments/]: Loaded com.yungnickyoung.minecraft.betteroceanmonuments.services.ForgeModulesLoader@47ce083f for service interface com.yungnickyoung.minecraft.betteroceanmonuments.services.IModulesLoader
[18Apr2026 00:44:43.903] [modloading-worker-0/DEBUG] [net.minecraftforge.fml.config.ConfigTracker/CONFIG]: Config file betteroceanmonuments-forge-1_20.toml for betteroceanmonuments tracking
[18Apr2026 00:44:43.904] [modloading-worker-0/DEBUG] [net.minecraftforge.fml.javafmlmod.AutomaticEventSubscriber/LOADING]: Attempting to inject @EventBusSubscriber classes into the eventbus for betteroceanmonuments
[18Apr2026 00:44:43.904] [modloading-worker-0/DEBUG] [mixin/]: Mixing accessor.CriteriaTriggersAccessor from yungsapi.mixins.json into net.minecraft.advancements.CriteriaTriggers
[18Apr2026 00:44:43.904] [modloading-worker-0/DEBUG] [mixin/]: Renaming @Accessor method getValues()Ljava/util/Map; to getValues_$md$6e0ffb$0 in yungsapi.mixins.json:accessor.CriteriaTriggersAccessor
[18Apr2026 00:44:43.914] [modloading-worker-0/DEBUG] [net.minecraftforge.fml.javafmlmod.AutomaticEventSubscriber/LOADING]: Attempting to inject @EventBusSubscriber classes into the eventbus for goblintraders
[18Apr2026 00:44:43.923] [modloading-worker-0/INFO] [com.jtorleonstudios.libraryferret.LibraryFerret/]: Initialize mod Library Ferret
[18Apr2026 00:44:43.961] [modloading-worker-0/INFO] [com.jtorleonstudios.libraryferret.LibraryFerret/]: Initialized mod Library Ferret
[18Apr2026 00:44:43.961] [modloading-worker-0/DEBUG] [net.minecraftforge.fml.javafmlmod.AutomaticEventSubscriber/LOADING]: Attempting to inject @EventBusSubscriber classes into the eventbus for libraryferret
[18Apr2026 00:44:43.961] [modloading-worker-0/DEBUG] [net.minecraftforge.fml.javafmlmod.AutomaticEventSubscriber/LOADING]: Auto-subscribing com.jtorleonstudios.libraryferret.CommonEvent to FORGE
[18Apr2026 00:44:43.958] [modloading-worker-0/DEBUG] [net.minecraftforge.fml.javafmlmod.AutomaticEventSubscriber/LOADING]: Attempting to inject @EventBusSubscriber classes into the eventbus for dynamiclights
[18Apr2026 00:44:43.962] [modloading-worker-0/INFO] [chloride/Main]: Chloride is not intended to be on servers, loaded in inner mode
[18Apr2026 00:44:43.966] [modloading-worker-0/DEBUG] [net.minecraftforge.fml.javafmlmod.AutomaticEventSubscriber/LOADING]: Attempting to inject @EventBusSubscriber classes into the eventbus for chloride
[18Apr2026 00:44:43.985] [modloading-worker-0/DEBUG] [xaero.map.WorldMap/]: Loaded xaero.map.platform.services.ForgePlatformHelper@ceb8b8f for service interface xaero.map.platform.services.IPlatformHelper
[18Apr2026 00:44:43.985] [modloading-worker-0/INFO] [xaero.lib.XaeroLib/]: Registering common data for channel xaerolib:main!
[18Apr2026 00:44:43.992] [modloading-worker-0/DEBUG] [net.minecraftforge.fml.config.ConfigTracker/CONFIG]: Config file citadel-common.toml for citadel tracking
[18Apr2026 00:44:43.999] [modloading-worker-0/DEBUG] [net.minecraftforge.fml.javafmlmod.AutomaticEventSubscriber/LOADING]: Attempting to inject @EventBusSubscriber classes into the eventbus for citadel
[18Apr2026 00:44:43.999] [modloading-worker-0/DEBUG] [net.minecraftforge.fml.javafmlmod.AutomaticEventSubscriber/LOADING]: Auto-subscribing com.github.alexthe666.citadel.ServerProxy to MOD
[18Apr2026 00:44:44.002] [modloading-worker-0/INFO] [xaero.lib.XaeroLib/]: Loading primary common config for channel xaerolib:main!
[18Apr2026 00:44:44.008] [modloading-worker-0/INFO] [xaero.lib.XaeroLib/]: Loading server config profiles for channel xaerolib:main!
[18Apr2026 00:44:44.015] [modloading-worker-0/INFO] [xaero.map.WorldMap/]: Registering common data for channel xaeroworldmap:main!
[18Apr2026 00:44:44.028] [modloading-worker-0/DEBUG] [net.minecraftforge.fml.javafmlmod.AutomaticEventSubscriber/LOADING]: Attempting to inject @EventBusSubscriber classes into the eventbus for xaerolib
[18Apr2026 00:44:44.034] [modloading-worker-0/DEBUG] [net.minecraftforge.fml.config.ConfigTracker/CONFIG]: Config file travelersbackpack-server.toml for travelersbackpack tracking
[18Apr2026 00:44:44.036] [modloading-worker-0/DEBUG] [net.minecraftforge.fml.config.ConfigTracker/CONFIG]: Config file travelersbackpack-common.toml for travelersbackpack tracking
[18Apr2026 00:44:44.036] [modloading-worker-0/DEBUG] [net.minecraftforge.fml.config.ConfigTracker/CONFIG]: Config file travelersbackpack-client.toml for travelersbackpack tracking
[18Apr2026 00:44:44.042] [modloading-worker-0/INFO] [xaero.map.WorldMap/]: Loading primary common config for channel xaeroworldmap:main!
[18Apr2026 00:44:44.045] [modloading-worker-0/DEBUG] [net.minecraftforge.fml.javafmlmod.AutomaticEventSubscriber/LOADING]: Attempting to inject @EventBusSubscriber classes into the eventbus for lootintegrations
[18Apr2026 00:44:44.049] [modloading-worker-0/INFO] [xaero.map.WorldMap/]: Loading server config profiles for channel xaeroworldmap:main!
[18Apr2026 00:44:44.079] [modloading-worker-0/DEBUG] [net.minecraftforge.fml.javafmlmod.AutomaticEventSubscriber/LOADING]: Attempting to inject @EventBusSubscriber classes into the eventbus for xaeroworldmap
[18Apr2026 00:44:44.080] [modloading-worker-0/DEBUG] [net.minecraftforge.fml.javafmlmod.AutomaticEventSubscriber/LOADING]: Attempting to inject @EventBusSubscriber classes into the eventbus for mixinextras
[18Apr2026 00:44:44.082] [modloading-worker-0/INFO] [Dungeon Crawl/]: Here we go! Launching Dungeon Crawl 2.3.15...
[18Apr2026 00:44:44.083] [modloading-worker-0/DEBUG] [net.minecraftforge.fml.javafmlmod.AutomaticEventSubscriber/LOADING]: Attempting to inject @EventBusSubscriber classes into the eventbus for dungeoncrawl
[18Apr2026 00:44:44.107] [modloading-worker-0/DEBUG] [betterfortresses/]: Loaded com.yungnickyoung.minecraft.betterfortresses.services.ForgePlatformHelper@1a720d0e for service interface com.yungnickyoung.minecraft.betterfortresses.services.IPlatformHelper
[18Apr2026 00:44:44.108] [modloading-worker-0/DEBUG] [betterfortresses/]: Loaded com.yungnickyoung.minecraft.betterfortresses.services.ForgeModulesLoader@30d9de68 for service interface com.yungnickyoung.minecraft.betterfortresses.services.IModulesLoader
[18Apr2026 00:44:44.109] [modloading-worker-0/DEBUG] [betterfortresses/]: Loaded com.yungnickyoung.minecraft.betterfortresses.services.ForgeProcessorProvider@4b0bc8b4 for service interface com.yungnickyoung.minecraft.betterfortresses.services.IProcessorProvider
[18Apr2026 00:44:44.238] [modloading-worker-0/DEBUG] [net.minecraftforge.fml.javafmlmod.AutomaticEventSubscriber/LOADING]: Attempting to inject @EventBusSubscriber classes into the eventbus for relics
[18Apr2026 00:44:44.239] [modloading-worker-0/DEBUG] [net.minecraftforge.fml.javafmlmod.AutomaticEventSubscriber/LOADING]: Auto-subscribing it.hurts.sskirillss.relics.network.NetworkHandler to MOD
[18Apr2026 00:44:44.239] [modloading-worker-0/DEBUG] [net.minecraftforge.fml.javafmlmod.AutomaticEventSubscriber/LOADING]: Auto-subscribing it.hurts.sskirillss.relics.items.relics.ring.ChorusInhibitorItem$Events to FORGE
[18Apr2026 00:44:44.241] [modloading-worker-0/DEBUG] [net.minecraftforge.fml.javafmlmod.AutomaticEventSubscriber/LOADING]: Auto-subscribing it.hurts.sskirillss.relics.items.relics.ring.BastionRingItem$Events to FORGE
[18Apr2026 00:44:44.243] [modloading-worker-0/DEBUG] [net.minecraftforge.fml.javafmlmod.AutomaticEventSubscriber/LOADING]: Auto-subscribing it.hurts.sskirillss.relics.items.relics.necklace.ReflectionNecklaceItem$ReflectionNecklaceServerEvents to FORGE
[18Apr2026 00:44:44.243] [modloading-worker-0/DEBUG] [net.minecraftforge.fml.javafmlmod.AutomaticEventSubscriber/LOADING]: Auto-subscribing it.hurts.sskirillss.relics.items.relics.necklace.HolyLocketItem$Events to FORGE
[18Apr2026 00:44:44.249] [modloading-worker-0/DEBUG] [net.minecraftforge.fml.javafmlmod.AutomaticEventSubscriber/LOADING]: Auto-subscribing it.hurts.sskirillss.relics.items.relics.hands.WoolMittenItem$Events to FORGE
[18Apr2026 00:44:44.255] [modloading-worker-0/DEBUG] [net.minecraftforge.fml.javafmlmod.AutomaticEventSubscriber/LOADING]: Auto-subscribing it.hurts.sskirillss.relics.items.relics.hands.RageGloveItem$Events to FORGE
[18Apr2026 00:44:44.258] [modloading-worker-0/INFO] [graveyard/]: Registered JSON trade offer adapter.
[18Apr2026 00:44:44.260] [modloading-worker-0/DEBUG] [net.minecraftforge.fml.javafmlmod.AutomaticEventSubscriber/LOADING]: Auto-subscribing it.hurts.sskirillss.relics.items.relics.feet.RollerSkatesItem$Events to FORGE
[18Apr2026 00:44:44.265] [modloading-worker-0/DEBUG] [net.minecraftforge.fml.javafmlmod.AutomaticEventSubscriber/LOADING]: Auto-subscribing it.hurts.sskirillss.relics.items.relics.feet.MagmaWalkerItem to FORGE
[18Apr2026 00:44:44.282] [modloading-worker-0/DEBUG] [net.minecraftforge.fml.javafmlmod.AutomaticEventSubscriber/LOADING]: Auto-subscribing it.hurts.sskirillss.relics.items.relics.feet.IceBreakerItem$Events to FORGE
[18Apr2026 00:44:44.284] [modloading-worker-0/DEBUG] [net.minecraftforge.fml.javafmlmod.AutomaticEventSubscriber/LOADING]: Auto-subscribing it.hurts.sskirillss.relics.items.relics.feet.AquaWalkerItem to FORGE
[18Apr2026 00:44:44.285] [modloading-worker-0/DEBUG] [net.minecraftforge.fml.javafmlmod.AutomaticEventSubscriber/LOADING]: Auto-subscribing it.hurts.sskirillss.relics.items.relics.feet.AmphibianBootItem$Events to FORGE
[18Apr2026 00:44:44.286] [modloading-worker-0/DEBUG] [net.minecraftforge.fml.javafmlmod.AutomaticEventSubscriber/LOADING]: Auto-subscribing it.hurts.sskirillss.relics.items.relics.charm.SporeSackItem$Events to FORGE
[18Apr2026 00:44:44.284] [modloading-worker-0/DEBUG] [net.minecraftforge.fml.javafmlmod.AutomaticEventSubscriber/LOADING]: Attempting to inject @EventBusSubscriber classes into the eventbus for graveyard
[18Apr2026 00:44:44.287] [modloading-worker-0/DEBUG] [net.minecraftforge.fml.javafmlmod.AutomaticEventSubscriber/LOADING]: Auto-subscribing com.lion.graveyard.platform.forge.HordeSpawner to FORGE
[18Apr2026 00:44:44.289] [modloading-worker-0/DEBUG] [net.minecraftforge.fml.javafmlmod.AutomaticEventSubscriber/LOADING]: Auto-subscribing it.hurts.sskirillss.relics.items.relics.belt.LeatherBeltItem to FORGE
[18Apr2026 00:44:44.290] [modloading-worker-0/DEBUG] [net.minecraftforge.fml.javafmlmod.AutomaticEventSubscriber/LOADING]: Auto-subscribing it.hurts.sskirillss.relics.items.relics.belt.HunterBeltItem$HunterBeltEvents to FORGE
[18Apr2026 00:44:44.291] [modloading-worker-0/DEBUG] [net.minecraftforge.fml.javafmlmod.AutomaticEventSubscriber/LOADING]: Auto-subscribing it.hurts.sskirillss.relics.items.relics.belt.DrownedBeltItem$Events to FORGE
[18Apr2026 00:44:44.300] [modloading-worker-0/DEBUG] [betterdeserttemples/]: Loaded com.yungnickyoung.minecraft.betterdeserttemples.services.ForgePlatformHelper@6771d8f2 for service interface com.yungnickyoung.minecraft.betterdeserttemples.services.IPlatformHelper
[18Apr2026 00:44:44.301] [modloading-worker-0/DEBUG] [betterdeserttemples/]: Loaded com.yungnickyoung.minecraft.betterdeserttemples.services.ForgeModulesLoader@9ca6c33 for service interface com.yungnickyoung.minecraft.betterdeserttemples.services.IModulesLoader
[18Apr2026 00:44:44.306] [modloading-worker-0/DEBUG] [betterdeserttemples/]: Loaded com.yungnickyoung.minecraft.betterdeserttemples.services.ForgeProcessorProvider@1fe49f61 for service interface com.yungnickyoung.minecraft.betterdeserttemples.services.IProcessorProvider
[18Apr2026 00:44:44.311] [modloading-worker-0/DEBUG] [net.minecraftforge.fml.javafmlmod.AutomaticEventSubscriber/LOADING]: Auto-subscribing it.hurts.sskirillss.relics.items.relics.back.MidnightRobeItem$ServerEvents to FORGE
[18Apr2026 00:44:44.312] [modloading-worker-0/DEBUG] [net.minecraftforge.fml.javafmlmod.AutomaticEventSubscriber/LOADING]: Auto-subscribing it.hurts.sskirillss.relics.items.relics.back.ElytraBoosterItem to FORGE
[18Apr2026 00:44:44.313] [modloading-worker-0/DEBUG] [net.minecraftforge.fml.javafmlmod.AutomaticEventSubscriber/LOADING]: Auto-subscribing it.hurts.sskirillss.relics.items.relics.back.ArrowQuiverItem$Events to FORGE
[18Apr2026 00:44:44.325] [modloading-worker-0/DEBUG] [net.minecraftforge.fml.javafmlmod.AutomaticEventSubscriber/LOADING]: Auto-subscribing it.hurts.sskirillss.relics.items.relics.SpatialSignItem$Events to FORGE
[18Apr2026 00:44:44.329] [modloading-worker-0/DEBUG] [net.minecraftforge.fml.javafmlmod.AutomaticEventSubscriber/LOADING]: Auto-subscribing it.hurts.sskirillss.relics.items.relics.MagicMirrorItem$ServerEvents to FORGE
[18Apr2026 00:44:44.332] [modloading-worker-0/DEBUG] [net.minecraftforge.fml.javafmlmod.AutomaticEventSubscriber/LOADING]: Auto-subscribing it.hurts.sskirillss.relics.items.relics.InfinityHamItem$Events to FORGE
[18Apr2026 00:44:44.336] [modloading-worker-0/DEBUG] [net.minecraftforge.fml.javafmlmod.AutomaticEventSubscriber/LOADING]: Auto-subscribing it.hurts.sskirillss.relics.init.CommandRegistry to FORGE
[18Apr2026 00:44:44.337] [modloading-worker-0/DEBUG] [net.minecraftforge.fml.javafmlmod.AutomaticEventSubscriber/LOADING]: Auto-subscribing it.hurts.sskirillss.relics.init.CapabilityRegistry to FORGE
[18Apr2026 00:44:44.338] [modloading-worker-0/DEBUG] [net.minecraftforge.fml.config.ConfigTracker/CONFIG]: Config file betterdeserttemples-forge-1_20.toml for betterdeserttemples tracking
[18Apr2026 00:44:44.339] [modloading-worker-0/DEBUG] [net.minecraftforge.fml.javafmlmod.AutomaticEventSubscriber/LOADING]: Attempting to inject @EventBusSubscriber classes into the eventbus for betterdeserttemples
[18Apr2026 00:44:44.352] [modloading-worker-0/DEBUG] [net.minecraftforge.fml.javafmlmod.AutomaticEventSubscriber/LOADING]: Auto-subscribing it.hurts.sskirillss.relics.entities.ArrowRainEntity$Events to FORGE
[18Apr2026 00:44:44.356] [modloading-worker-0/DEBUG] [net.minecraftforge.fml.javafmlmod.AutomaticEventSubscriber/LOADING]: Auto-subscribing it.hurts.sskirillss.relics.effects.BleedingEffect$Events to FORGE
[18Apr2026 00:44:44.363] [modloading-worker-0/DEBUG] [net.minecraftforge.fml.javafmlmod.AutomaticEventSubscriber/LOADING]: Auto-subscribing it.hurts.sskirillss.relics.effects.AntiHealEffect$Events to FORGE
[18Apr2026 00:44:44.369] [modloading-worker-0/DEBUG] [net.minecraftforge.fml.javafmlmod.AutomaticEventSubscriber/LOADING]: Auto-subscribing it.hurts.sskirillss.relics.capability.handlers.SyncHandler to FORGE
[18Apr2026 00:44:44.372] [modloading-worker-0/DEBUG] [net.minecraftforge.fml.config.ConfigTracker/CONFIG]: Config file takesapillage-common.toml for takesapillage tracking
[18Apr2026 00:44:44.372] [modloading-worker-0/DEBUG] [net.minecraftforge.fml.javafmlmod.AutomaticEventSubscriber/LOADING]: Attempting to inject @EventBusSubscriber classes into the eventbus for takesapillage
[18Apr2026 00:44:44.380] [modloading-worker-0/DEBUG] [net.minecraftforge.fml.javafmlmod.AutomaticEventSubscriber/LOADING]: Auto-subscribing com.izofar.takesapillage.RegistryEvents to MOD
[18Apr2026 00:44:44.398] [modloading-worker-0/DEBUG] [mixin/]: Mixing EntityTendonSegmentMixin from ramcompat.mixins.json into com.github.alexthe666.alexsmobs.entity.EntityTendonSegment
[18Apr2026 00:44:44.399] [modloading-worker-0/DEBUG] [mixin/]: ramcompat.mixins.json:EntityTendonSegmentMixin: Class version 61 required is higher than the class version supported by the current version of Mixin (JAVA_8 supports class version 52)
[18Apr2026 00:44:44.399] [modloading-worker-0/DEBUG] [mixin/]: Mixing misc.AMITendonWhip from alexsmobsinteraction.mixins.json into com.github.alexthe666.alexsmobs.entity.EntityTendonSegment
[18Apr2026 00:44:44.399] [modloading-worker-0/DEBUG] [mixin/]: alexsmobsinteraction.mixins.json:misc.AMITendonWhip: Class version 61 required is higher than the class version supported by the current version of Mixin (JAVA_8 supports class version 52)
[18Apr2026 00:44:44.407] [modloading-worker-0/DEBUG] [mixin/]: Mixing EntityIceShardMixin from ramcompat.mixins.json into com.github.alexthe666.alexsmobs.entity.EntityIceShard
[18Apr2026 00:44:44.407] [modloading-worker-0/DEBUG] [mixin/]: ramcompat.mixins.json:EntityIceShardMixin: Class version 61 required is higher than the class version supported by the current version of Mixin (JAVA_8 supports class version 52)
[18Apr2026 00:44:44.418] [modloading-worker-0/DEBUG] [mixin/]: Mixing EntityFartMixin from ramcompat.mixins.json into com.github.alexthe666.alexsmobs.entity.EntityFart
[18Apr2026 00:44:44.420] [modloading-worker-0/DEBUG] [mixin/]: ramcompat.mixins.json:EntityFartMixin: Class version 61 required is higher than the class version supported by the current version of Mixin (JAVA_8 supports class version 52)
[18Apr2026 00:44:44.428] [modloading-worker-0/DEBUG] [net.minecraftforge.fml.javafmlmod.AutomaticEventSubscriber/LOADING]: Attempting to inject @EventBusSubscriber classes into the eventbus for ramcompat
[18Apr2026 00:44:44.428] [modloading-worker-0/DEBUG] [net.minecraftforge.fml.javafmlmod.AutomaticEventSubscriber/LOADING]: Auto-subscribing it.hurts.sskirillss.ramcompat.items.TendonLumpItem$Events to FORGE
[18Apr2026 00:44:44.429] [modloading-worker-0/DEBUG] [net.minecraftforge.fml.javafmlmod.AutomaticEventSubscriber/LOADING]: Auto-subscribing it.hurts.sskirillss.ramcompat.items.FrostRobeItem$FrostRobeEvents to FORGE
[18Apr2026 00:44:44.436] [modloading-worker-0/DEBUG] [net.minecraftforge.fml.config.ConfigTracker/CONFIG]: Config file betterfortresses-forge-1_20.toml for betterfortresses tracking
[18Apr2026 00:44:44.436] [modloading-worker-0/DEBUG] [net.minecraftforge.fml.javafmlmod.AutomaticEventSubscriber/LOADING]: Attempting to inject @EventBusSubscriber classes into the eventbus for bygonenether
[18Apr2026 00:44:44.436] [modloading-worker-0/DEBUG] [net.minecraftforge.fml.javafmlmod.AutomaticEventSubscriber/LOADING]: Auto-subscribing com.izofar.bygonenether.RegistryEvents to MOD
[18Apr2026 00:44:44.442] [modloading-worker-0/DEBUG] [net.minecraftforge.fml.javafmlmod.AutomaticEventSubscriber/LOADING]: Attempting to inject @EventBusSubscriber classes into the eventbus for betterfortresses
[18Apr2026 00:44:44.443] [modloading-worker-0/DEBUG] [net.minecraftforge.fml.javafmlmod.AutomaticEventSubscriber/LOADING]: Attempting to inject @EventBusSubscriber classes into the eventbus for dungeons_arise_seven_seas
[18Apr2026 00:44:44.444] [modloading-worker-0/DEBUG] [net.minecraftforge.versions.forge.ForgeVersion/CORE]: Forge Version package package net.minecraftforge.versions.forge, Forge, version 47.3 from cpw.mods.modlauncher.TransformingClassLoader@5232e3f1
[18Apr2026 00:44:44.445] [modloading-worker-0/DEBUG] [net.minecraftforge.versions.forge.ForgeVersion/CORE]: Found Forge version 47.3.7
[18Apr2026 00:44:44.445] [modloading-worker-0/DEBUG] [net.minecraftforge.versions.forge.ForgeVersion/CORE]: Found Forge spec 47.3
[18Apr2026 00:44:44.445] [modloading-worker-0/DEBUG] [net.minecraftforge.versions.forge.ForgeVersion/CORE]: Found Forge group net.minecraftforge
[18Apr2026 00:44:44.446] [modloading-worker-0/DEBUG] [net.minecraftforge.versions.mcp.MCPVersion/CORE]: MCP Version package package net.minecraftforge.versions.mcp, Minecraft, version 1.20.1 from cpw.mods.modlauncher.TransformingClassLoader@5232e3f1
[18Apr2026 00:44:44.446] [modloading-worker-0/DEBUG] [net.minecraftforge.versions.mcp.MCPVersion/CORE]: Found MC version information 1.20.1
[18Apr2026 00:44:44.446] [modloading-worker-0/DEBUG] [net.minecraftforge.versions.mcp.MCPVersion/CORE]: Found MCP version information 20230612.114412
[18Apr2026 00:44:44.446] [modloading-worker-0/INFO] [net.minecraftforge.common.ForgeMod/FORGEMOD]: Forge mod loading, version 47.3.7, for MC 1.20.1 with MCP 20230612.114412
[18Apr2026 00:44:44.447] [modloading-worker-0/INFO] [net.minecraftforge.common.MinecraftForge/FORGE]: MinecraftForge v47.3.7 Initialized
[18Apr2026 00:44:44.449] [modloading-worker-0/DEBUG] [net.minecraftforge.fml.javafmlmod.AutomaticEventSubscriber/LOADING]: Attempting to inject @EventBusSubscriber classes into the eventbus for more_villager_trades
[18Apr2026 00:44:44.449] [modloading-worker-0/DEBUG] [net.minecraftforge.fml.javafmlmod.AutomaticEventSubscriber/LOADING]: Auto-subscribing net.cursedwarrior.morevillagertrades.init.MoreVillagerTradesModTrades to FORGE
[18Apr2026 00:44:44.457] [modloading-worker-0/DEBUG] [net.minecraftforge.fml.javafmlmod.AutomaticEventSubscriber/LOADING]: Attempting to inject @EventBusSubscriber classes into the eventbus for dungeons_arise
[18Apr2026 00:44:44.474] [modloading-worker-0/DEBUG] [net.minecraftforge.fml.config.ConfigTracker/CONFIG]: Config file farmersdelight-common.toml for farmersdelight tracking
[18Apr2026 00:44:44.474] [modloading-worker-0/DEBUG] [net.minecraftforge.fml.config.ConfigTracker/CONFIG]: Config file farmersdelight-client.toml for farmersdelight tracking
[18Apr2026 00:44:44.485] [modloading-worker-0/DEBUG] [net.minecraftforge.fml.javafmlmod.AutomaticEventSubscriber/LOADING]: Attempting to inject @EventBusSubscriber classes into the eventbus for yungsapi
[18Apr2026 00:44:44.497] [modloading-worker-0/DEBUG] [net.minecraftforge.fml.config.ConfigTracker/CONFIG]: Config file alexscaves-general.toml for alexscaves tracking
[18Apr2026 00:44:44.499] [modloading-worker-0/DEBUG] [net.minecraftforge.fml.config.ConfigTracker/CONFIG]: Config file alexscaves-client.toml for alexscaves tracking
[18Apr2026 00:44:44.548] [modloading-worker-0/DEBUG] [io.netty.util.internal.PlatformDependent0/]: -Dio.netty.noUnsafe: false
[18Apr2026 00:44:44.548] [modloading-worker-0/DEBUG] [io.netty.util.internal.PlatformDependent0/]: Java version: 17
[18Apr2026 00:44:44.549] [modloading-worker-0/DEBUG] [io.netty.util.internal.PlatformDependent0/]: sun.misc.Unsafe.theUnsafe: available
[18Apr2026 00:44:44.549] [modloading-worker-0/DEBUG] [io.netty.util.internal.PlatformDependent0/]: sun.misc.Unsafe.copyMemory: available
[18Apr2026 00:44:44.549] [modloading-worker-0/DEBUG] [io.netty.util.internal.PlatformDependent0/]: sun.misc.Unsafe.storeFence: available
[18Apr2026 00:44:44.551] [modloading-worker-0/DEBUG] [io.netty.util.internal.PlatformDependent0/]: java.nio.Buffer.address: available
[18Apr2026 00:44:44.552] [modloading-worker-0/DEBUG] [io.netty.util.internal.PlatformDependent0/]: direct buffer constructor: unavailable
java.lang.UnsupportedOperationException: Reflective setAccessible(true) disabled
	at io.netty.util.internal.ReflectionUtil.trySetAccessible(ReflectionUtil.java:31) ~[netty-common-4.1.82.Final.jar%2382!/:4.1.82.Final]
	at io.netty.util.internal.PlatformDependent0$5.run(PlatformDependent0.java:288) ~[netty-common-4.1.82.Final.jar%2382!/:4.1.82.Final]
	at java.security.AccessController.doPrivileged(AccessController.java:318) ~[?:?]
	at io.netty.util.internal.PlatformDependent0.<clinit>(PlatformDependent0.java:282) ~[netty-common-4.1.82.Final.jar%2382!/:4.1.82.Final]
	at io.netty.util.internal.PlatformDependent.isAndroid(PlatformDependent.java:333) ~[netty-common-4.1.82.Final.jar%2382!/:4.1.82.Final]
	at io.netty.util.internal.PlatformDependent.<clinit>(PlatformDependent.java:88) ~[netty-common-4.1.82.Final.jar%2382!/:4.1.82.Final]
	at io.netty.util.ConstantPool.<init>(ConstantPool.java:34) ~[netty-common-4.1.82.Final.jar%2382!/:4.1.82.Final]
	at io.netty.util.AttributeKey$1.<init>(AttributeKey.java:27) ~[netty-common-4.1.82.Final.jar%2382!/:4.1.82.Final]
	at io.netty.util.AttributeKey.<clinit>(AttributeKey.java:27) ~[netty-common-4.1.82.Final.jar%2382!/:4.1.82.Final]
	at net.minecraftforge.network.NetworkConstants.<clinit>(NetworkConstants.java:34) ~[forge-1.20.1-47.3.7-universal.jar%23252!/:?]
	at net.minecraftforge.common.ForgeMod.<init>(ForgeMod.java:429) ~[forge-1.20.1-47.3.7-universal.jar%23252!/:?]
	at jdk.internal.reflect.NativeConstructorAccessorImpl.newInstance0(Native Method) ~[?:?]
	at jdk.internal.reflect.NativeConstructorAccessorImpl.newInstance(NativeConstructorAccessorImpl.java:77) ~[?:?]
	at jdk.internal.reflect.DelegatingConstructorAccessorImpl.newInstance(DelegatingConstructorAccessorImpl.java:45) ~[?:?]
	at java.lang.reflect.Constructor.newInstanceWithCaller(Constructor.java:500) ~[?:?]
	at java.lang.reflect.Constructor.newInstance(Constructor.java:481) ~[?:?]
	at net.minecraftforge.fml.javafmlmod.FMLModContainer.constructMod(FMLModContainer.java:70) ~[javafmllanguage-1.20.1-47.3.7.jar%23249!/:?]
	at net.minecraftforge.fml.ModContainer.lambda$buildTransitionHandler$4(ModContainer.java:124) ~[fmlcore-1.20.1-47.3.7.jar%23248!/:?]
	at java.util.concurrent.CompletableFuture$AsyncRun.run(CompletableFuture.java:1804) ~[?:?]
	at java.util.concurrent.CompletableFuture$AsyncRun.exec(CompletableFuture.java:1796) ~[?:?]
	at java.util.concurrent.ForkJoinTask.doExec(ForkJoinTask.java:373) ~[?:?]
	at java.util.concurrent.ForkJoinPool$WorkQueue.topLevelExec(ForkJoinPool.java:1182) ~[?:?]
	at java.util.concurrent.ForkJoinPool.scan(ForkJoinPool.java:1655) ~[?:?]
	at java.util.concurrent.ForkJoinPool.runWorker(ForkJoinPool.java:1622) ~[?:?]
	at java.util.concurrent.ForkJoinWorkerThread.run(ForkJoinWorkerThread.java:165) ~[?:?]
[18Apr2026 00:44:44.553] [modloading-worker-0/DEBUG] [io.netty.util.internal.PlatformDependent0/]: java.nio.Bits.unaligned: available, true
[18Apr2026 00:44:44.555] [modloading-worker-0/DEBUG] [io.netty.util.internal.PlatformDependent0/]: jdk.internal.misc.Unsafe.allocateUninitializedArray(int): unavailable
java.lang.IllegalAccessException: class io.netty.util.internal.PlatformDependent0$7 (in module io.netty.common) cannot access class jdk.internal.misc.Unsafe (in module java.base) because module java.base does not export jdk.internal.misc to module io.netty.common
	at jdk.internal.reflect.Reflection.newIllegalAccessException(Reflection.java:392) ~[?:?]
	at java.lang.reflect.AccessibleObject.checkAccess(AccessibleObject.java:674) ~[?:?]
	at java.lang.reflect.Method.invoke(Method.java:561) ~[?:?]
	at io.netty.util.internal.PlatformDependent0$7.run(PlatformDependent0.java:410) ~[netty-common-4.1.82.Final.jar%2382!/:4.1.82.Final]
	at java.security.AccessController.doPrivileged(AccessController.java:318) ~[?:?]
	at io.netty.util.internal.PlatformDependent0.<clinit>(PlatformDependent0.java:401) ~[netty-common-4.1.82.Final.jar%2382!/:4.1.82.Final]
	at io.netty.util.internal.PlatformDependent.isAndroid(PlatformDependent.java:333) ~[netty-common-4.1.82.Final.jar%2382!/:4.1.82.Final]
	at io.netty.util.internal.PlatformDependent.<clinit>(PlatformDependent.java:88) ~[netty-common-4.1.82.Final.jar%2382!/:4.1.82.Final]
	at io.netty.util.ConstantPool.<init>(ConstantPool.java:34) ~[netty-common-4.1.82.Final.jar%2382!/:4.1.82.Final]
	at io.netty.util.AttributeKey$1.<init>(AttributeKey.java:27) ~[netty-common-4.1.82.Final.jar%2382!/:4.1.82.Final]
	at io.netty.util.AttributeKey.<clinit>(AttributeKey.java:27) ~[netty-common-4.1.82.Final.jar%2382!/:4.1.82.Final]
	at net.minecraftforge.network.NetworkConstants.<clinit>(NetworkConstants.java:34) ~[forge-1.20.1-47.3.7-universal.jar%23252!/:?]
	at net.minecraftforge.common.ForgeMod.<init>(ForgeMod.java:429) ~[forge-1.20.1-47.3.7-universal.jar%23252!/:?]
	at jdk.internal.reflect.NativeConstructorAccessorImpl.newInstance0(Native Method) ~[?:?]
	at jdk.internal.reflect.NativeConstructorAccessorImpl.newInstance(NativeConstructorAccessorImpl.java:77) ~[?:?]
	at jdk.internal.reflect.DelegatingConstructorAccessorImpl.newInstance(DelegatingConstructorAccessorImpl.java:45) ~[?:?]
	at java.lang.reflect.Constructor.newInstanceWithCaller(Constructor.java:500) ~[?:?]
	at java.lang.reflect.Constructor.newInstance(Constructor.java:481) ~[?:?]
	at net.minecraftforge.fml.javafmlmod.FMLModContainer.constructMod(FMLModContainer.java:70) ~[javafmllanguage-1.20.1-47.3.7.jar%23249!/:?]
	at net.minecraftforge.fml.ModContainer.lambda$buildTransitionHandler$4(ModContainer.java:124) ~[fmlcore-1.20.1-47.3.7.jar%23248!/:?]
	at java.util.concurrent.CompletableFuture$AsyncRun.run(CompletableFuture.java:1804) ~[?:?]
	at java.util.concurrent.CompletableFuture$AsyncRun.exec(CompletableFuture.java:1796) ~[?:?]
	at java.util.concurrent.ForkJoinTask.doExec(ForkJoinTask.java:373) ~[?:?]
	at java.util.concurrent.ForkJoinPool$WorkQueue.topLevelExec(ForkJoinPool.java:1182) ~[?:?]
	at java.util.concurrent.ForkJoinPool.scan(ForkJoinPool.java:1655) ~[?:?]
	at java.util.concurrent.ForkJoinPool.runWorker(ForkJoinPool.java:1622) ~[?:?]
	at java.util.concurrent.ForkJoinWorkerThread.run(ForkJoinWorkerThread.java:165) ~[?:?]
[18Apr2026 00:44:44.556] [modloading-worker-0/DEBUG] [io.netty.util.internal.PlatformDependent0/]: java.nio.DirectByteBuffer.<init>(long, int): unavailable
[18Apr2026 00:44:44.556] [modloading-worker-0/DEBUG] [io.netty.util.internal.PlatformDependent/]: sun.misc.Unsafe: available
[18Apr2026 00:44:44.557] [modloading-worker-0/DEBUG] [io.netty.util.internal.PlatformDependent/]: maxDirectMemory: 17179869184 bytes (maybe)
[18Apr2026 00:44:44.557] [modloading-worker-0/DEBUG] [io.netty.util.internal.PlatformDependent/]: -Dio.netty.tmpdir: /tmp (java.io.tmpdir)
[18Apr2026 00:44:44.557] [modloading-worker-0/DEBUG] [io.netty.util.internal.PlatformDependent/]: -Dio.netty.bitMode: 64 (sun.arch.data.model)
[18Apr2026 00:44:44.559] [modloading-worker-0/DEBUG] [io.netty.util.internal.PlatformDependent/]: -Dio.netty.maxDirectMemory: -1 bytes
[18Apr2026 00:44:44.559] [modloading-worker-0/DEBUG] [io.netty.util.internal.PlatformDependent/]: -Dio.netty.uninitializedArrayAllocationThreshold: -1
[18Apr2026 00:44:44.560] [modloading-worker-0/DEBUG] [io.netty.util.internal.CleanerJava9/]: java.nio.ByteBuffer.cleaner(): available
[18Apr2026 00:44:44.561] [modloading-worker-0/DEBUG] [io.netty.util.internal.PlatformDependent/]: -Dio.netty.noPreferDirect: false
[18Apr2026 00:44:44.578] [modloading-worker-0/DEBUG] [net.minecraftforge.fml.javafmlmod.AutomaticEventSubscriber/LOADING]: Attempting to inject @EventBusSubscriber classes into the eventbus for travelersbackpack
[18Apr2026 00:44:44.580] [modloading-worker-0/DEBUG] [net.minecraftforge.fml.javafmlmod.AutomaticEventSubscriber/LOADING]: Auto-subscribing com.tiviacz.travelersbackpack.handlers.NeoForgeEventHandler to FORGE
[18Apr2026 00:44:44.622] [modloading-worker-0/DEBUG] [net.minecraftforge.common.ForgeMod/FORGEMOD]: Loading Network data for FML net version: FML3
[18Apr2026 00:44:44.634] [modloading-worker-0/DEBUG] [net.minecraftforge.fml.config.ConfigTracker/CONFIG]: Config file forge-client.toml for forge tracking
[18Apr2026 00:44:44.634] [modloading-worker-0/DEBUG] [net.minecraftforge.fml.config.ConfigTracker/CONFIG]: Config file forge-server.toml for forge tracking
[18Apr2026 00:44:44.634] [modloading-worker-0/DEBUG] [net.minecraftforge.fml.ModLoadingContext/]: Attempted to register an empty config for type COMMON on mod forge
[18Apr2026 00:44:44.638] [modloading-worker-0/DEBUG] [net.minecraftforge.fml.javafmlmod.AutomaticEventSubscriber/LOADING]: Auto-subscribing com.tiviacz.travelersbackpack.handlers.ModEventHandler to MOD
[18Apr2026 00:44:44.660] [modloading-worker-0/DEBUG] [net.minecraftforge.fml.javafmlmod.AutomaticEventSubscriber/LOADING]: Attempting to inject @EventBusSubscriber classes into the eventbus for forge
[18Apr2026 00:44:44.661] [modloading-worker-0/DEBUG] [net.minecraftforge.fml.javafmlmod.AutomaticEventSubscriber/LOADING]: Auto-subscribing net.minecraftforge.common.ForgeSpawnEggItem$CommonHandler to MOD
[18Apr2026 00:44:44.661] [modloading-worker-0/DEBUG] [net.minecraftforge.fml.config.ConfigTracker/CONFIG]: Config file morevillagers-common.toml for morevillagers tracking
[18Apr2026 00:44:44.664] [modloading-worker-0/DEBUG] [net.minecraftforge.fml.javafmlmod.AutomaticEventSubscriber/LOADING]: Attempting to inject @EventBusSubscriber classes into the eventbus for morevillagers
[18Apr2026 00:44:44.664] [modloading-worker-0/DEBUG] [net.minecraftforge.fml.javafmlmod.AutomaticEventSubscriber/LOADING]: Auto-subscribing com.samebutdifferent.morevillagers.registry.forge.MVConfigForge to FORGE
[18Apr2026 00:44:44.665] [modloading-worker-0/DEBUG] [net.minecraftforge.fml.javafmlmod.AutomaticEventSubscriber/LOADING]: Attempting to inject @EventBusSubscriber classes into the eventbus for mousetweaks
[18Apr2026 00:44:44.666] [modloading-worker-0/DEBUG] [net.minecraftforge.fml.config.ConfigTracker/CONFIG]: Config file fantasy_armor-common.toml for fantasy_armor tracking
[18Apr2026 00:44:44.672] [modloading-worker-0/DEBUG] [yungsbridges/]: Loaded com.yungnickyoung.minecraft.yungsbridges.services.ForgePlatformHelper@2d09cfe0 for service interface com.yungnickyoung.minecraft.yungsbridges.services.IPlatformHelper
[18Apr2026 00:44:44.676] [modloading-worker-0/DEBUG] [yungsbridges/]: Loaded com.yungnickyoung.minecraft.yungsbridges.services.ForgeModulesLoader@4f996149 for service interface com.yungnickyoung.minecraft.yungsbridges.services.IModulesLoader
[18Apr2026 00:44:44.676] [modloading-worker-0/DEBUG] [net.minecraftforge.fml.javafmlmod.AutomaticEventSubscriber/LOADING]: Attempting to inject @EventBusSubscriber classes into the eventbus for yungsbridges
[18Apr2026 00:44:44.683] [modloading-worker-0/DEBUG] [net.minecraftforge.fml.config.ConfigTracker/CONFIG]: Config file alexsmobsinteraction-general.toml for alexsmobsinteraction tracking
[18Apr2026 00:44:44.683] [modloading-worker-0/DEBUG] [net.minecraftforge.fml.config.ConfigTracker/CONFIG]: Config file alexsmobsinteraction-client.toml for alexsmobsinteraction tracking
[18Apr2026 00:44:44.691] [modloading-worker-0/DEBUG] [mixin/]: Mixing mobs.AMIElephant from alexsmobsinteraction.mixins.json into com.github.alexthe666.alexsmobs.entity.EntityElephant
[18Apr2026 00:44:44.691] [modloading-worker-0/DEBUG] [mixin/]: alexsmobsinteraction.mixins.json:mobs.AMIElephant: Class version 61 required is higher than the class version supported by the current version of Mixin (JAVA_8 supports class version 52)
[18Apr2026 00:44:44.692] [modloading-worker-0/DEBUG] [mixin/]: Renaming synthetic method lambda$registerGoals$0(Lnet/minecraft/world/entity/LivingEntity;)Z to md6e0ffb$lambda$registerGoals$0$0 in alexsmobsinteraction.mixins.json:mobs.AMIElephant
[18Apr2026 00:44:44.743] [modloading-worker-0/DEBUG] [net.minecraftforge.fml.config.ConfigTracker/CONFIG]: Config file fantasy_armor-armor_attributes.toml for fantasy_armor tracking
[18Apr2026 00:44:44.748] [modloading-worker-0/DEBUG] [net.minecraftforge.fml.config.ConfigTracker/CONFIG]: Config file fantasy_armor-armor_effects.toml for fantasy_armor tracking
[18Apr2026 00:44:44.755] [modloading-worker-0/DEBUG] [net.minecraftforge.fml.javafmlmod.AutomaticEventSubscriber/LOADING]: Attempting to inject @EventBusSubscriber classes into the eventbus for fantasy_armor
[18Apr2026 00:44:44.755] [modloading-worker-0/DEBUG] [net.minecraftforge.fml.javafmlmod.AutomaticEventSubscriber/LOADING]: Auto-subscribing net.kenddie.fantasyarmor.item.armor.FAArmorEffectHandler to FORGE
[18Apr2026 00:44:44.762] [modloading-worker-0/DEBUG] [net.minecraftforge.fml.javafmlmod.AutomaticEventSubscriber/LOADING]: Attempting to inject @EventBusSubscriber classes into the eventbus for alexsmobsinteraction
[18Apr2026 00:44:44.763] [modloading-worker-0/DEBUG] [net.minecraftforge.fml.javafmlmod.AutomaticEventSubscriber/LOADING]: Auto-subscribing com.crimsoncrips.alexsmobsinteraction.server.entity.AMIEntityRegistry to MOD
[18Apr2026 00:44:44.763] [modloading-worker-0/DEBUG] [net.minecraftforge.fml.javafmlmod.AutomaticEventSubscriber/LOADING]: Auto-subscribing com.crimsoncrips.alexsmobsinteraction.server.AMInteractionEvents to FORGE
[18Apr2026 00:44:44.763] [modloading-worker-0/DEBUG] [net.minecraftforge.fml.javafmlmod.AutomaticEventSubscriber/LOADING]: Auto-subscribing com.crimsoncrips.alexsmobsinteraction.datagen.AMIDatagen to MOD
[18Apr2026 00:44:44.764] [modloading-worker-0/DEBUG] [net.minecraftforge.fml.javafmlmod.AutomaticEventSubscriber/LOADING]: Attempting to inject @EventBusSubscriber classes into the eventbus for farmersdelight
[18Apr2026 00:44:44.766] [modloading-worker-0/DEBUG] [net.minecraftforge.fml.javafmlmod.AutomaticEventSubscriber/LOADING]: Auto-subscribing vectorwing.farmersdelight.data.DataGenerators to MOD
[18Apr2026 00:44:44.767] [modloading-worker-0/DEBUG] [net.minecraftforge.fml.javafmlmod.AutomaticEventSubscriber/LOADING]: Auto-subscribing vectorwing.farmersdelight.common.item.SkilletItem$SkilletEvents to FORGE
[18Apr2026 00:44:44.771] [modloading-worker-0/DEBUG] [net.minecraftforge.fml.javafmlmod.AutomaticEventSubscriber/LOADING]: Auto-subscribing vectorwing.farmersdelight.common.item.KnifeItem$KnifeEvents to FORGE
[18Apr2026 00:44:44.773] [modloading-worker-0/DEBUG] [net.minecraftforge.fml.javafmlmod.AutomaticEventSubscriber/LOADING]: Auto-subscribing vectorwing.farmersdelight.common.item.HorseFeedItem$HorseFeedEvent to FORGE
[18Apr2026 00:44:44.777] [modloading-worker-0/DEBUG] [net.minecraftforge.fml.javafmlmod.AutomaticEventSubscriber/LOADING]: Auto-subscribing vectorwing.farmersdelight.common.item.enchantment.BackstabbingEnchantment$BackstabbingEvent to FORGE
[18Apr2026 00:44:44.777] [modloading-worker-0/DEBUG] [net.minecraftforge.fml.javafmlmod.AutomaticEventSubscriber/LOADING]: Auto-subscribing vectorwing.farmersdelight.common.item.DogFoodItem$DogFoodEvent to FORGE
[18Apr2026 00:44:44.778] [modloading-worker-0/DEBUG] [net.minecraftforge.fml.config.ConfigTracker/CONFIG]: Config file curios-client.toml for curios tracking
[18Apr2026 00:44:44.778] [modloading-worker-0/DEBUG] [net.minecraftforge.fml.javafmlmod.AutomaticEventSubscriber/LOADING]: Auto-subscribing vectorwing.farmersdelight.common.event.VillagerEvents to FORGE
[18Apr2026 00:44:44.781] [modloading-worker-0/DEBUG] [net.minecraftforge.fml.javafmlmod.AutomaticEventSubscriber/LOADING]: Auto-subscribing vectorwing.farmersdelight.common.event.SetupEvents to MOD
[18Apr2026 00:44:44.785] [modloading-worker-0/DEBUG] [net.minecraftforge.fml.config.ConfigTracker/CONFIG]: Config file curios-common.toml for curios tracking
[18Apr2026 00:44:44.787] [modloading-worker-0/DEBUG] [net.minecraftforge.fml.config.ConfigTracker/CONFIG]: Config file curios-server.toml for curios tracking
[18Apr2026 00:44:44.787] [modloading-worker-0/DEBUG] [net.minecraftforge.fml.javafmlmod.AutomaticEventSubscriber/LOADING]: Attempting to inject @EventBusSubscriber classes into the eventbus for curios
[18Apr2026 00:44:44.785] [modloading-worker-0/DEBUG] [net.minecraftforge.fml.javafmlmod.AutomaticEventSubscriber/LOADING]: Auto-subscribing vectorwing.farmersdelight.common.event.MappingEvents to FORGE
[18Apr2026 00:44:44.790] [modloading-worker-0/DEBUG] [net.minecraftforge.fml.javafmlmod.AutomaticEventSubscriber/LOADING]: Auto-subscribing vectorwing.farmersdelight.common.event.CommonEvents to FORGE
[18Apr2026 00:44:44.792] [modloading-worker-0/DEBUG] [net.minecraftforge.fml.config.ConfigTracker/CONFIG]: Config file patchouli-client.toml for patchouli tracking
[18Apr2026 00:44:44.794] [modloading-worker-0/DEBUG] [net.minecraftforge.fml.javafmlmod.AutomaticEventSubscriber/LOADING]: Auto-subscribing vectorwing.farmersdelight.common.block.CuttingBoardBlock$ToolCarvingEvent to FORGE
[18Apr2026 00:44:44.795] [modloading-worker-0/DEBUG] [net.minecraftforge.fml.javafmlmod.AutomaticEventSubscriber/LOADING]: Attempting to inject @EventBusSubscriber classes into the eventbus for patchouli
[18Apr2026 00:44:44.797] [modloading-worker-0/DEBUG] [net.minecraftforge.fml.javafmlmod.AutomaticEventSubscriber/LOADING]: Auto-subscribing vazkii.patchouli.forge.common.ForgeModInitializer to MOD
[18Apr2026 00:44:44.945] [modloading-worker-0/DEBUG] [mixin/]: Mixing misc.AMIDimensionalCarverMixin from alexsmobsinteraction.mixins.json into com.github.alexthe666.alexsmobs.item.ItemDimensionalCarver
[18Apr2026 00:44:44.947] [modloading-worker-0/DEBUG] [mixin/]: alexsmobsinteraction.mixins.json:misc.AMIDimensionalCarverMixin: Class version 61 required is higher than the class version supported by the current version of Mixin (JAVA_8 supports class version 52)
[18Apr2026 00:44:44.990] [modloading-worker-0/DEBUG] [mixin/]: Mixing misc.AMILeafcutterPupaItemMixin from alexsmobsinteraction.mixins.json into com.github.alexthe666.alexsmobs.item.ItemLeafcutterPupa
[18Apr2026 00:44:44.990] [modloading-worker-0/DEBUG] [mixin/]: alexsmobsinteraction.mixins.json:misc.AMILeafcutterPupaItemMixin: Class version 61 required is higher than the class version supported by the current version of Mixin (JAVA_8 supports class version 52)
[18Apr2026 00:44:44.993] [modloading-worker-0/DEBUG] [net.minecraftforge.fml.javafmlmod.AutomaticEventSubscriber/LOADING]: Attempting to inject @EventBusSubscriber classes into the eventbus for mes
[18Apr2026 00:44:45.027] [modloading-worker-0/DEBUG] [mixin/]: Mixing misc.AMIPocketSandMixin from alexsmobsinteraction.mixins.json into com.github.alexthe666.alexsmobs.item.ItemPocketSand
[18Apr2026 00:44:45.035] [modloading-worker-0/DEBUG] [mixin/]: alexsmobsinteraction.mixins.json:misc.AMIPocketSandMixin: Class version 61 required is higher than the class version supported by the current version of Mixin (JAVA_8 supports class version 52)
[18Apr2026 00:44:45.036] [modloading-worker-0/DEBUG] [mixin/]: Renaming synthetic method lambda$use$0(Lnet/minecraft/world/entity/player/Player;Lnet/minecraft/world/entity/player/Player;)V to md6e0ffb$lambda$use$0$0 in alexsmobsinteraction.mixins.json:misc.AMIPocketSandMixin
[18Apr2026 00:44:45.138] [modloading-worker-0/DEBUG] [xaero.hud.minimap.MinimapLogs/]: Loaded xaero.common.platform.services.ForgePlatformHelper@502e10b8 for service interface xaero.common.platform.services.IPlatformHelper
[18Apr2026 00:44:45.149] [modloading-worker-0/INFO] [xaero.common.HudMod/]: Registering common data for channel xaerominimap:main!
[18Apr2026 00:44:45.254] [modloading-worker-0/DEBUG] [net.minecraftforge.fml.javafmlmod.AutomaticEventSubscriber/LOADING]: Attempting to inject @EventBusSubscriber classes into the eventbus for goblins
[18Apr2026 00:44:45.255] [modloading-worker-0/DEBUG] [net.minecraftforge.fml.javafmlmod.AutomaticEventSubscriber/LOADING]: Auto-subscribing com.curseforge.goblins.world.features.StructureFeature to FORGE
[18Apr2026 00:44:45.255] [modloading-worker-0/DEBUG] [net.minecraftforge.fml.javafmlmod.AutomaticEventSubscriber/LOADING]: Auto-subscribing com.curseforge.goblins.init.GoblinsModTabs to MOD
[18Apr2026 00:44:45.256] [modloading-worker-0/DEBUG] [net.minecraftforge.fml.javafmlmod.AutomaticEventSubscriber/LOADING]: Auto-subscribing com.curseforge.goblins.init.GoblinsModEntities to MOD
[18Apr2026 00:44:45.257] [modloading-worker-0/DEBUG] [net.minecraftforge.fml.javafmlmod.AutomaticEventSubscriber/LOADING]: Auto-subscribing com.curseforge.goblins.init.EntityAnimationFactory to FORGE
[18Apr2026 00:44:45.260] [modloading-worker-0/DEBUG] [yungsextras/]: Loaded com.yungnickyoung.minecraft.yungsextras.services.ForgePlatformHelper@97aa3d1 for service interface com.yungnickyoung.minecraft.yungsextras.services.IPlatformHelper
[18Apr2026 00:44:45.262] [modloading-worker-0/DEBUG] [yungsextras/]: Loaded com.yungnickyoung.minecraft.yungsextras.services.ForgeModulesLoader@2d9cbfb1 for service interface com.yungnickyoung.minecraft.yungsextras.services.IModulesLoader
[18Apr2026 00:44:45.264] [modloading-worker-0/DEBUG] [net.minecraftforge.fml.javafmlmod.AutomaticEventSubscriber/LOADING]: Attempting to inject @EventBusSubscriber classes into the eventbus for yungsextras
[18Apr2026 00:44:45.270] [modloading-worker-0/DEBUG] [net.minecraftforge.fml.javafmlmod.AutomaticEventSubscriber/LOADING]: Attempting to inject @EventBusSubscriber classes into the eventbus for bettervillage
[18Apr2026 00:44:45.274] [modloading-worker-0/INFO] [xaero.common.HudMod/]: Loading primary common config for channel xaerominimap:main!
[18Apr2026 00:44:45.277] [modloading-worker-0/DEBUG] [betterstrongholds/]: Loaded com.yungnickyoung.minecraft.betterstrongholds.services.ForgePlatformHelper@40ecf4c0 for service interface com.yungnickyoung.minecraft.betterstrongholds.services.IPlatformHelper
[18Apr2026 00:44:45.278] [modloading-worker-0/INFO] [xaero.common.HudMod/]: Loading server config profiles for channel xaerominimap:main!
[18Apr2026 00:44:45.278] [modloading-worker-0/DEBUG] [betterstrongholds/]: Loaded com.yungnickyoung.minecraft.betterstrongholds.services.ForgeModulesLoader@6482c138 for service interface com.yungnickyoung.minecraft.betterstrongholds.services.IModulesLoader
[18Apr2026 00:44:45.285] [modloading-worker-0/DEBUG] [betterstrongholds/]: Loaded com.yungnickyoung.minecraft.betterstrongholds.services.ForgeProcessorProvider@aedb5f2 for service interface com.yungnickyoung.minecraft.betterstrongholds.services.IProcessorProvider
[18Apr2026 00:44:45.304] [modloading-worker-0/DEBUG] [net.minecraftforge.fml.config.ConfigTracker/CONFIG]: Config file betterstrongholds-forge-1_20.toml for betterstrongholds tracking
[18Apr2026 00:44:45.304] [modloading-worker-0/DEBUG] [net.minecraftforge.fml.javafmlmod.AutomaticEventSubscriber/LOADING]: Attempting to inject @EventBusSubscriber classes into the eventbus for betterstrongholds
[18Apr2026 00:44:45.308] [modloading-worker-0/DEBUG] [net.minecraftforge.fml.javafmlmod.AutomaticEventSubscriber/LOADING]: Attempting to inject @EventBusSubscriber classes into the eventbus for xaerominimap
[18Apr2026 00:44:45.309] [modloading-worker-0/DEBUG] [net.minecraftforge.fml.javafmlmod.AutomaticEventSubscriber/LOADING]: Attempting to inject @EventBusSubscriber classes into the eventbus for farmers_structures
[18Apr2026 00:44:45.334] [modloading-worker-0/DEBUG] [mixin/]: Mixing misc.AMIAnthillFeatureMixin from alexsmobsinteraction.mixins.json into com.github.alexthe666.alexsmobs.world.FeatureLeafcutterAnthill
[18Apr2026 00:44:45.334] [modloading-worker-0/DEBUG] [mixin/]: alexsmobsinteraction.mixins.json:misc.AMIAnthillFeatureMixin: Class version 61 required is higher than the class version supported by the current version of Mixin (JAVA_8 supports class version 52)
[18Apr2026 00:44:45.378] [modloading-worker-0/INFO] [dev.architectury.networking.forge.NetworkManagerImpl/]: Registering C2S receiver with id architectury:sync_ids
[18Apr2026 00:44:45.386] [modloading-worker-0/INFO] [dev.architectury.networking.forge.NetworkManagerImpl/]: Registering C2S receiver with id ftblibrary:edit_nbt_response
[18Apr2026 00:44:45.387] [modloading-worker-0/DEBUG] [mixin/]: Mixing LootTableLootIntegrations from lootintegrations.mixins.json into net.minecraft.world.level.storage.loot.LootTable
[18Apr2026 00:44:45.388] [modloading-worker-0/DEBUG] [mixin/]: lootintegrations.mixins.json:LootTableLootIntegrations: Class version 61 required is higher than the class version supported by the current version of Mixin (JAVA_16 supports class version 60)
[18Apr2026 00:44:45.390] [modloading-worker-0/DEBUG] [mixin/]: Mixing LootTableMixin from lootintegrations.mixins.json into net.minecraft.world.level.storage.loot.LootTable
[18Apr2026 00:44:45.390] [modloading-worker-0/DEBUG] [mixin/]: lootintegrations.mixins.json:LootTableMixin: Class version 61 required is higher than the class version supported by the current version of Mixin (JAVA_16 supports class version 60)
[18Apr2026 00:44:45.419] [modloading-worker-0/DEBUG] [net.minecraftforge.fml.javafmlmod.AutomaticEventSubscriber/LOADING]: Attempting to inject @EventBusSubscriber classes into the eventbus for ftblibrary
[18Apr2026 00:44:45.429] [modloading-worker-0/DEBUG] [net.minecraftforge.fml.javafmlmod.AutomaticEventSubscriber/LOADING]: Attempting to inject @EventBusSubscriber classes into the eventbus for octolib
[18Apr2026 00:44:45.438] [modloading-worker-0/DEBUG] [net.minecraftforge.fml.javafmlmod.AutomaticEventSubscriber/LOADING]: Attempting to inject @EventBusSubscriber classes into the eventbus for architectury
[18Apr2026 00:44:45.438] [modloading-worker-0/DEBUG] [net.minecraftforge.fml.javafmlmod.AutomaticEventSubscriber/LOADING]: Auto-subscribing dev.architectury.registry.level.entity.trade.forge.TradeRegistryImpl to FORGE
[18Apr2026 00:44:45.440] [modloading-worker-0/DEBUG] [net.minecraftforge.fml.javafmlmod.AutomaticEventSubscriber/LOADING]: Auto-subscribing dev.architectury.registry.forge.ReloadListenerRegistryImpl to FORGE
[18Apr2026 00:44:45.445] [modloading-worker-0/DEBUG] [net.minecraftforge.fml.javafmlmod.AutomaticEventSubscriber/LOADING]: Auto-subscribing dev.architectury.networking.forge.NetworkManagerImpl to FORGE
[18Apr2026 00:44:45.453] [modloading-worker-0/DEBUG] [net.minecraftforge.fml.config.ConfigTracker/CONFIG]: Config file alexsmobs.toml for alexsmobs tracking
[18Apr2026 00:44:45.461] [modloading-worker-0/DEBUG] [mixin/]: Mixing mobs.AMIBunfungus from alexsmobsinteraction.mixins.json into com.github.alexthe666.alexsmobs.entity.EntityBunfungus
[18Apr2026 00:44:45.461] [modloading-worker-0/DEBUG] [mixin/]: alexsmobsinteraction.mixins.json:mobs.AMIBunfungus: Class version 61 required is higher than the class version supported by the current version of Mixin (JAVA_8 supports class version 52)
[18Apr2026 00:44:45.461] [modloading-worker-0/DEBUG] [mixin/]: Renaming synthetic method lambda$registerGoals$0(Lnet/minecraft/world/entity/LivingEntity;)Z to md6e0ffb$lambda$registerGoals$0$0 in alexsmobsinteraction.mixins.json:mobs.AMIBunfungus
[18Apr2026 00:44:45.481] [modloading-worker-0/INFO] [dev.architectury.networking.forge.NetworkManagerImpl/]: Registering C2S receiver with id ftbteams:open_gui
[18Apr2026 00:44:45.494] [modloading-worker-0/INFO] [dev.architectury.networking.forge.NetworkManagerImpl/]: Registering C2S receiver with id ftbteams:update_settings
[18Apr2026 00:44:45.496] [modloading-worker-0/INFO] [dev.architectury.networking.forge.NetworkManagerImpl/]: Registering C2S receiver with id ftbteams:send_message
[18Apr2026 00:44:45.498] [modloading-worker-0/INFO] [dev.architectury.networking.forge.NetworkManagerImpl/]: Registering C2S receiver with id ftbteams:create_party
[18Apr2026 00:44:45.504] [modloading-worker-0/INFO] [dev.architectury.networking.forge.NetworkManagerImpl/]: Registering C2S receiver with id ftbteams:player_gui_operation
[18Apr2026 00:44:45.505] [modloading-worker-0/DEBUG] [net.minecraftforge.fml.javafmlmod.AutomaticEventSubscriber/LOADING]: Attempting to inject @EventBusSubscriber classes into the eventbus for ftbteams
[18Apr2026 00:44:45.506] [modloading-worker-0/INFO] [dev.architectury.networking.forge.NetworkManagerImpl/]: Registering C2S receiver with id itemfilters:main/14e7fa1454283aec8ae811ef844ada28
[18Apr2026 00:44:45.507] [modloading-worker-0/INFO] [dev.architectury.networking.forge.NetworkManagerImpl/]: Registering C2S receiver with id itemfilters:main/8f6a899247753217b9d86ab427a2b279
[18Apr2026 00:44:45.510] [modloading-worker-0/DEBUG] [net.minecraftforge.fml.javafmlmod.AutomaticEventSubscriber/LOADING]: Attempting to inject @EventBusSubscriber classes into the eventbus for itemfilters
[18Apr2026 00:44:45.513] [modloading-worker-0/DEBUG] [net.minecraftforge.fml.config.ConfigTracker/CONFIG]: Config file appleskin-client.toml for appleskin tracking
[18Apr2026 00:44:45.514] [modloading-worker-0/DEBUG] [net.minecraftforge.fml.javafmlmod.AutomaticEventSubscriber/LOADING]: Attempting to inject @EventBusSubscriber classes into the eventbus for alexsmobs
[18Apr2026 00:44:45.514] [modloading-worker-0/DEBUG] [net.minecraftforge.fml.javafmlmod.AutomaticEventSubscriber/LOADING]: Auto-subscribing com.github.alexthe666.alexsmobs.world.AMWorldRegistry to MOD
[18Apr2026 00:44:45.521] [modloading-worker-0/DEBUG] [net.minecraftforge.fml.javafmlmod.AutomaticEventSubscriber/LOADING]: Auto-subscribing com.github.alexthe666.alexsmobs.tileentity.AMTileEntityRegistry to MOD
[18Apr2026 00:44:45.521] [modloading-worker-0/DEBUG] [net.minecraftforge.fml.javafmlmod.AutomaticEventSubscriber/LOADING]: Auto-subscribing com.github.alexthe666.alexsmobs.event.ServerEvents to FORGE
[18Apr2026 00:44:45.526] [modloading-worker-0/DEBUG] [net.minecraftforge.fml.javafmlmod.AutomaticEventSubscriber/LOADING]: Attempting to inject @EventBusSubscriber classes into the eventbus for appleskin
[18Apr2026 00:44:45.528] [modloading-worker-0/DEBUG] [net.minecraftforge.fml.javafmlmod.AutomaticEventSubscriber/LOADING]: Auto-subscribing com.github.alexthe666.alexsmobs.entity.AMEntityRegistry to MOD
[18Apr2026 00:44:45.528] [modloading-worker-0/DEBUG] [net.minecraftforge.fml.javafmlmod.AutomaticEventSubscriber/LOADING]: Auto-subscribing com.github.alexthe666.alexsmobs.CommonProxy to MOD
[18Apr2026 00:44:45.532] [modloading-worker-0/DEBUG] [net.minecraftforge.fml.javafmlmod.AutomaticEventSubscriber/LOADING]: Auto-subscribing com.github.alexthe666.alexsmobs.AlexsMobs to FORGE
[18Apr2026 00:44:45.534] [modloading-worker-0/INFO] [com.cupboard.Cupboard/]: Loaded config for: cupboard.json
[18Apr2026 00:44:45.536] [modloading-worker-0/DEBUG] [net.minecraftforge.fml.javafmlmod.AutomaticEventSubscriber/LOADING]: Attempting to inject @EventBusSubscriber classes into the eventbus for cupboard
[18Apr2026 00:44:45.538] [modloading-worker-0/DEBUG] [net.minecraftforge.fml.javafmlmod.AutomaticEventSubscriber/LOADING]: Attempting to inject @EventBusSubscriber classes into the eventbus for alexsdelight
[18Apr2026 00:44:45.540] [modloading-worker-0/DEBUG] [net.minecraftforge.fml.javafmlmod.AutomaticEventSubscriber/LOADING]: Attempting to inject @EventBusSubscriber classes into the eventbus for wda_questline
[18Apr2026 00:44:45.541] [modloading-worker-0/DEBUG] [betterendisland/]: Loaded com.yungnickyoung.minecraft.betterendisland.services.ForgePlatformHelper@675e9534 for service interface com.yungnickyoung.minecraft.betterendisland.services.IPlatformHelper
[18Apr2026 00:44:45.542] [modloading-worker-0/DEBUG] [betterendisland/]: Loaded com.yungnickyoung.minecraft.betterendisland.services.ForgeModulesLoader@34de4f29 for service interface com.yungnickyoung.minecraft.betterendisland.services.IModulesLoader
[18Apr2026 00:44:45.547] [modloading-worker-0/DEBUG] [net.minecraftforge.fml.config.ConfigTracker/CONFIG]: Config file betterendisland-forge-1_20.toml for betterendisland tracking
[18Apr2026 00:44:45.547] [modloading-worker-0/DEBUG] [net.minecraftforge.fml.javafmlmod.AutomaticEventSubscriber/LOADING]: Attempting to inject @EventBusSubscriber classes into the eventbus for betterendisland
[18Apr2026 00:44:45.569] [modloading-worker-0/DEBUG] [Framework/]: Loaded com.mrcrayfish.framework.platform.ForgePlatformHelper@3f74c8d6 for service interface com.mrcrayfish.framework.platform.services.IPlatformHelper
[18Apr2026 00:44:45.575] [modloading-worker-0/DEBUG] [net.minecraftforge.fml.javafmlmod.AutomaticEventSubscriber/LOADING]: Attempting to inject @EventBusSubscriber classes into the eventbus for moogs_structures
[18Apr2026 00:44:45.576] [modloading-worker-0/DEBUG] [Framework/]: Loaded com.mrcrayfish.framework.platform.ForgeNetworkHelper@111b45d for service interface com.mrcrayfish.framework.platform.services.INetworkHelper
[18Apr2026 00:44:45.580] [modloading-worker-0/DEBUG] [Framework/]: Loaded com.mrcrayfish.framework.platform.ForgeRegistrationHelper@f835e96 for service interface com.mrcrayfish.framework.platform.services.IRegistrationHelper
[18Apr2026 00:44:45.581] [modloading-worker-0/DEBUG] [net.minecraftforge.fml.javafmlmod.AutomaticEventSubscriber/LOADING]: Attempting to inject @EventBusSubscriber classes into the eventbus for t_and_t
[18Apr2026 00:44:45.586] [modloading-worker-0/DEBUG] [Framework/]: Loaded com.mrcrayfish.framework.platform.ForgeEntityHelper@4816064e for service interface com.mrcrayfish.framework.platform.services.IEntityHelper
[18Apr2026 00:44:45.587] [modloading-worker-0/DEBUG] [Framework/]: Loaded com.mrcrayfish.framework.platform.ForgeItemHelper@d569b59 for service interface com.mrcrayfish.framework.platform.services.IItemHelper
[18Apr2026 00:44:45.589] [modloading-worker-0/DEBUG] [Framework/]: Loaded com.mrcrayfish.framework.platform.ForgeConfigHelper@aa11eac for service interface com.mrcrayfish.framework.platform.services.IConfigHelper
[18Apr2026 00:44:45.592] [modloading-worker-0/DEBUG] [bettermineshafts/]: Loaded com.yungnickyoung.minecraft.bettermineshafts.services.ForgePlatformHelper@37dc878c for service interface com.yungnickyoung.minecraft.bettermineshafts.services.IPlatformHelper
[18Apr2026 00:44:45.594] [modloading-worker-0/DEBUG] [bettermineshafts/]: Loaded com.yungnickyoung.minecraft.bettermineshafts.services.ForgeModulesLoader@4cf016f1 for service interface com.yungnickyoung.minecraft.bettermineshafts.services.IModulesLoader
[18Apr2026 00:44:45.601] [modloading-worker-0/DEBUG] [net.minecraftforge.fml.config.ConfigTracker/CONFIG]: Config file bettermineshafts-forge-1_20.toml for bettermineshafts tracking
[18Apr2026 00:44:45.603] [modloading-worker-0/DEBUG] [net.minecraftforge.fml.javafmlmod.AutomaticEventSubscriber/LOADING]: Attempting to inject @EventBusSubscriber classes into the eventbus for bettermineshafts
[18Apr2026 00:44:45.612] [modloading-worker-0/DEBUG] [betterjungletemples/]: Loaded com.yungnickyoung.minecraft.betterjungletemples.services.ForgePlatformHelper@4236743f for service interface com.yungnickyoung.minecraft.betterjungletemples.services.IPlatformHelper
[18Apr2026 00:44:45.612] [modloading-worker-0/DEBUG] [betterjungletemples/]: Loaded com.yungnickyoung.minecraft.betterjungletemples.services.ForgeModulesLoader@481d22e8 for service interface com.yungnickyoung.minecraft.betterjungletemples.services.IModulesLoader
[18Apr2026 00:44:45.614] [modloading-worker-0/DEBUG] [betterjungletemples/]: Loaded com.yungnickyoung.minecraft.betterjungletemples.services.ForgeProcessorProvider@6f3e82a9 for service interface com.yungnickyoung.minecraft.betterjungletemples.services.IProcessorProvider
[18Apr2026 00:44:45.616] [modloading-worker-0/DEBUG] [net.minecraftforge.fml.config.ConfigTracker/CONFIG]: Config file betterjungletemples-forge-1_20.toml for betterjungletemples tracking
[18Apr2026 00:44:45.620] [modloading-worker-0/DEBUG] [net.minecraftforge.fml.javafmlmod.AutomaticEventSubscriber/LOADING]: Attempting to inject @EventBusSubscriber classes into the eventbus for betterjungletemples
[18Apr2026 00:44:45.654] [modloading-worker-0/INFO] [dev.architectury.networking.forge.NetworkManagerImpl/]: Registering C2S receiver with id ftbquests:submit_task
[18Apr2026 00:44:45.657] [modloading-worker-0/INFO] [dev.architectury.networking.forge.NetworkManagerImpl/]: Registering C2S receiver with id ftbquests:claim_reward
[18Apr2026 00:44:45.661] [modloading-worker-0/INFO] [dev.architectury.networking.forge.NetworkManagerImpl/]: Registering C2S receiver with id ftbquests:get_emergency_items
[18Apr2026 00:44:45.663] [modloading-worker-0/INFO] [dev.architectury.networking.forge.NetworkManagerImpl/]: Registering C2S receiver with id ftbquests:claim_all_rewards
[18Apr2026 00:44:45.663] [modloading-worker-0/INFO] [dev.architectury.networking.forge.NetworkManagerImpl/]: Registering C2S receiver with id ftbquests:claim_choice_reward
[18Apr2026 00:44:45.672] [modloading-worker-0/INFO] [dev.architectury.networking.forge.NetworkManagerImpl/]: Registering C2S receiver with id ftbquests:toggle_pinned
[18Apr2026 00:44:45.673] [modloading-worker-0/INFO] [dev.architectury.networking.forge.NetworkManagerImpl/]: Registering C2S receiver with id ftbquests:toggle_chapter_pinned
[18Apr2026 00:44:45.676] [modloading-worker-0/INFO] [dev.architectury.networking.forge.NetworkManagerImpl/]: Registering C2S receiver with id ftbquests:toggle_editing_mode
[18Apr2026 00:44:45.677] [modloading-worker-0/INFO] [dev.architectury.networking.forge.NetworkManagerImpl/]: Registering C2S receiver with id ftbquests:force_save
[18Apr2026 00:44:45.682] [modloading-worker-0/INFO] [dev.architectury.networking.forge.NetworkManagerImpl/]: Registering C2S receiver with id ftbquests:set_custom_image
[18Apr2026 00:44:45.698] [modloading-worker-0/INFO] [dev.architectury.networking.forge.NetworkManagerImpl/]: Registering C2S receiver with id ftbquests:task_screen_config_resp
[18Apr2026 00:44:45.698] [modloading-worker-0/INFO] [dev.architectury.networking.forge.NetworkManagerImpl/]: Registering C2S receiver with id ftbquests:give_item_to_player
[18Apr2026 00:44:45.699] [modloading-worker-0/INFO] [dev.architectury.networking.forge.NetworkManagerImpl/]: Registering C2S receiver with id ftbquests:reorder_item
[18Apr2026 00:44:45.700] [modloading-worker-0/INFO] [dev.architectury.networking.forge.NetworkManagerImpl/]: Registering C2S receiver with id ftbquests:change_progress
[18Apr2026 00:44:45.701] [modloading-worker-0/INFO] [dev.architectury.networking.forge.NetworkManagerImpl/]: Registering C2S receiver with id ftbquests:create_object
[18Apr2026 00:44:45.705] [modloading-worker-0/INFO] [dev.architectury.networking.forge.NetworkManagerImpl/]: Registering C2S receiver with id ftbquests:create_task_at
[18Apr2026 00:44:45.706] [modloading-worker-0/INFO] [dev.architectury.networking.forge.NetworkManagerImpl/]: Registering C2S receiver with id ftbquests:delete_object
[18Apr2026 00:44:45.707] [modloading-worker-0/INFO] [dev.architectury.networking.forge.NetworkManagerImpl/]: Registering C2S receiver with id ftbquests:edit_object
[18Apr2026 00:44:45.708] [modloading-worker-0/INFO] [dev.architectury.networking.forge.NetworkManagerImpl/]: Registering C2S receiver with id ftbquests:move_chapter
[18Apr2026 00:44:45.712] [modloading-worker-0/INFO] [dev.architectury.networking.forge.NetworkManagerImpl/]: Registering C2S receiver with id ftbquests:move_quest
[18Apr2026 00:44:45.713] [modloading-worker-0/INFO] [dev.architectury.networking.forge.NetworkManagerImpl/]: Registering C2S receiver with id ftbquests:change_chapter_group
[18Apr2026 00:44:45.719] [modloading-worker-0/INFO] [dev.architectury.networking.forge.NetworkManagerImpl/]: Registering C2S receiver with id ftbquests:move_chapter_group
[18Apr2026 00:44:45.721] [modloading-worker-0/INFO] [dev.architectury.networking.forge.NetworkManagerImpl/]: Registering C2S receiver with id ftbquests:copy_quest
[18Apr2026 00:44:45.724] [modloading-worker-0/DEBUG] [Cristel Lib/]: Couldn't parse: "T&T Waystone Patch Pack" to a component
com.mojang.brigadier.exceptions.CommandSyntaxException: Invalid chat component: Use JsonReader.setLenient(true) to accept malformed JSON at line 1 column 1 path $ at position 0: <--[HERE]
[18Apr2026 00:44:45.726] [modloading-worker-0/INFO] [dev.architectury.networking.forge.NetworkManagerImpl/]: Registering C2S receiver with id ftbquests:copy_chapter_image
[18Apr2026 00:44:45.727] [modloading-worker-0/INFO] [dev.architectury.networking.forge.NetworkManagerImpl/]: Registering C2S receiver with id ftbquests:sync_structures_request
[18Apr2026 00:44:45.729] [modloading-worker-0/INFO] [dev.architectury.networking.forge.NetworkManagerImpl/]: Registering C2S receiver with id ftbquests:request_team_data
[18Apr2026 00:44:45.735] [modloading-worker-0/DEBUG] [Framework/]: Started watching config: /workspaces/servidor-de-gays/servidor_minecraft/config/goblintraders-entities.toml
[18Apr2026 00:44:45.769] [modloading-worker-0/DEBUG] [net.minecraftforge.fml.javafmlmod.AutomaticEventSubscriber/LOADING]: Attempting to inject @EventBusSubscriber classes into the eventbus for framework
[18Apr2026 00:44:45.769] [modloading-worker-0/DEBUG] [net.minecraftforge.fml.javafmlmod.AutomaticEventSubscriber/LOADING]: Auto-subscribing com.mrcrayfish.framework.entity.sync.ForgeSyncedEntityDataHandler to FORGE
[18Apr2026 00:44:45.770] [modloading-worker-0/DEBUG] [net.minecraftforge.fml.javafmlmod.AutomaticEventSubscriber/LOADING]: Attempting to inject @EventBusSubscriber classes into the eventbus for alexscaves
[18Apr2026 00:44:45.772] [modloading-worker-0/DEBUG] [net.minecraftforge.fml.javafmlmod.AutomaticEventSubscriber/LOADING]: Auto-subscribing com.github.alexmodguy.alexscaves.server.entity.ACEntityRegistry to MOD
[18Apr2026 00:44:45.823] [modloading-worker-0/DEBUG] [net.minecraftforge.fml.javafmlmod.AutomaticEventSubscriber/LOADING]: Attempting to inject @EventBusSubscriber classes into the eventbus for cristellib
[18Apr2026 00:44:45.839] [modloading-worker-0/DEBUG] [net.minecraftforge.fml.javafmlmod.AutomaticEventSubscriber/LOADING]: Attempting to inject @EventBusSubscriber classes into the eventbus for ftbquests
[18Apr2026 00:44:45.893] [main/DEBUG] [net.minecraftforge.common.capabilities.CapabilityManager/CAPABILITIES]: Attempting to automatically register: Lcom/tiviacz/travelersbackpack/capability/ITravelersBackpack;
[18Apr2026 00:44:45.893] [main/DEBUG] [net.minecraftforge.common.capabilities.CapabilityManager/CAPABILITIES]: Attempting to automatically register: Lnet/minecraftforge/energy/IEnergyStorage;
[18Apr2026 00:44:45.893] [main/DEBUG] [net.minecraftforge.common.capabilities.CapabilityManager/CAPABILITIES]: Attempting to automatically register: Lnet/minecraftforge/fluids/capability/IFluidHandler;
[18Apr2026 00:44:45.893] [main/DEBUG] [net.minecraftforge.common.capabilities.CapabilityManager/CAPABILITIES]: Attempting to automatically register: Lnet/minecraftforge/fluids/capability/IFluidHandlerItem;
[18Apr2026 00:44:45.893] [main/DEBUG] [net.minecraftforge.common.capabilities.CapabilityManager/CAPABILITIES]: Attempting to automatically register: Lnet/minecraftforge/items/IItemHandler;
[18Apr2026 00:44:47.114] [main/DEBUG] [mixin/]: Mixing mobs.AMIGust from alexsmobsinteraction.mixins.json into com.github.alexthe666.alexsmobs.entity.EntityGust
[18Apr2026 00:44:47.114] [main/DEBUG] [mixin/]: alexsmobsinteraction.mixins.json:mobs.AMIGust: Class version 61 required is higher than the class version supported by the current version of Mixin (JAVA_8 supports class version 52)
[18Apr2026 00:44:47.120] [main/DEBUG] [mixin/]: Mixing misc.AMITileCapsid from alexsmobsinteraction.mixins.json into com.github.alexthe666.alexsmobs.tileentity.TileEntityCapsid
[18Apr2026 00:44:47.121] [main/DEBUG] [mixin/]: alexsmobsinteraction.mixins.json:misc.AMITileCapsid: Class version 61 required is higher than the class version supported by the current version of Mixin (JAVA_8 supports class version 52)
[18Apr2026 00:44:47.127] [main/DEBUG] [mixin/]: Mixing mobs.terrapin.AMITerrapinMixin from alexsmobsinteraction.mixins.json into com.github.alexthe666.alexsmobs.entity.EntityTerrapin
[18Apr2026 00:44:47.127] [main/DEBUG] [mixin/]: alexsmobsinteraction.mixins.json:mobs.terrapin.AMITerrapinMixin: Class version 61 required is higher than the class version supported by the current version of Mixin (JAVA_8 supports class version 52)
[18Apr2026 00:44:47.159] [main/DEBUG] [mixin/]: Mixing mobs.AMITriops from alexsmobsinteraction.mixins.json into com.github.alexthe666.alexsmobs.entity.EntityTriops
[18Apr2026 00:44:47.159] [main/DEBUG] [mixin/]: alexsmobsinteraction.mixins.json:mobs.AMITriops: Class version 61 required is higher than the class version supported by the current version of Mixin (JAVA_8 supports class version 52)
[18Apr2026 00:44:47.176] [main/DEBUG] [mixin/]: Mixing mobs.AMIEnderiophage from alexsmobsinteraction.mixins.json into com.github.alexthe666.alexsmobs.entity.EntityEnderiophage
[18Apr2026 00:44:47.176] [main/DEBUG] [mixin/]: alexsmobsinteraction.mixins.json:mobs.AMIEnderiophage: Class version 61 required is higher than the class version supported by the current version of Mixin (JAVA_8 supports class version 52)
[18Apr2026 00:44:47.176] [main/DEBUG] [mixin/]: Renaming synthetic method lambda$registerGoals$1(Lnet/minecraft/world/entity/LivingEntity;)Z to md6e0ffb$lambda$registerGoals$1$0 in alexsmobsinteraction.mixins.json:mobs.AMIEnderiophage
[18Apr2026 00:44:47.177] [main/DEBUG] [mixin/]: Renaming synthetic method lambda$registerGoals$0(Lnet/minecraft/world/entity/LivingEntity;)Z to md6e0ffb$lambda$registerGoals$0$1 in alexsmobsinteraction.mixins.json:mobs.AMIEnderiophage
[18Apr2026 00:44:47.434] [main/DEBUG] [mixin/]: Mixing mobs.AMICrimsonSpit from alexsmobsinteraction.mixins.json into com.github.alexthe666.alexsmobs.entity.EntityMosquitoSpit
[18Apr2026 00:44:47.434] [main/DEBUG] [mixin/]: alexsmobsinteraction.mixins.json:mobs.AMICrimsonSpit: Class version 61 required is higher than the class version supported by the current version of Mixin (JAVA_8 supports class version 52)
[18Apr2026 00:44:47.444] [main/DEBUG] [mixin/]: Mixing mobs.AMIStraddleboardMixin from alexsmobsinteraction.mixins.json into com.github.alexthe666.alexsmobs.entity.EntityStraddleboard
[18Apr2026 00:44:47.444] [main/DEBUG] [mixin/]: alexsmobsinteraction.mixins.json:mobs.AMIStraddleboardMixin: Class version 61 required is higher than the class version supported by the current version of Mixin (JAVA_8 supports class version 52)
[18Apr2026 00:44:47.452] [main/DEBUG] [mixin/]: Mixing mobs.AMIVoidWorm from alexsmobsinteraction.mixins.json into com.github.alexthe666.alexsmobs.entity.EntityVoidWorm
[18Apr2026 00:44:47.453] [main/DEBUG] [mixin/]: alexsmobsinteraction.mixins.json:mobs.AMIVoidWorm: Class version 61 required is higher than the class version supported by the current version of Mixin (JAVA_8 supports class version 52)
[18Apr2026 00:44:47.480] [main/DEBUG] [Goblin Traders/]: Loaded com.mrcrayfish.goblintraders.platform.ForgePlatformHelper@3926be0d for service interface com.mrcrayfish.goblintraders.platform.services.IPlatformHelper
[18Apr2026 00:44:47.641] [main/DEBUG] [mixin/]: Mixing external_mobs.ac.AMIWatcher from alexsmobsinteraction.mixins.json into com.github.alexmodguy.alexscaves.server.entity.living.WatcherEntity
[18Apr2026 00:44:47.642] [main/DEBUG] [mixin/]: alexsmobsinteraction.mixins.json:external_mobs.ac.AMIWatcher: Class version 61 required is higher than the class version supported by the current version of Mixin (JAVA_8 supports class version 52)
[18Apr2026 00:44:47.719] [main/DEBUG] [mixin/]: Mixing mobs.grizzly_bear.AMIGrizzlyBear from alexsmobsinteraction.mixins.json into com.github.alexthe666.alexsmobs.entity.EntityGrizzlyBear
[18Apr2026 00:44:47.719] [main/DEBUG] [mixin/]: alexsmobsinteraction.mixins.json:mobs.grizzly_bear.AMIGrizzlyBear: Class version 61 required is higher than the class version supported by the current version of Mixin (JAVA_8 supports class version 52)
[18Apr2026 00:44:47.720] [main/DEBUG] [mixin/]: Renaming synthetic method lambda$alexsMobsInteraction$mobInteract$0(Lnet/minecraft/world/entity/player/Player;)V to md6e0ffb$lambda$alexsMobsInteraction$mobInteract$0$0 in alexsmobsinteraction.mixins.json:mobs.grizzly_bear.AMIGrizzlyBear
[18Apr2026 00:44:47.737] [main/DEBUG] [mixin/]: Generating mapped inner class com/github/alexthe666/alexsmobs/entity/EntityGrizzlyBear$Anonymous$fb5e7026ce55406e8f1fa8f935b65705 (originally com/crimsoncrips/alexsmobsinteraction/mixins/mobs/grizzly_bear/AMIGrizzlyBear$1)
[18Apr2026 00:44:47.738] [main/DEBUG] [mixin/]: Generating mapped inner class com/github/alexthe666/alexsmobs/entity/EntityGrizzlyBear$Anonymous$6d6c1162e34d45f79077cbefe14cb50a (originally com/crimsoncrips/alexsmobsinteraction/mixins/mobs/grizzly_bear/AMIGrizzlyBear$2)
[18Apr2026 00:44:47.744] [main/DEBUG] [mixin/]: Mixing mobs.AMIRoadrunner from alexsmobsinteraction.mixins.json into com.github.alexthe666.alexsmobs.entity.EntityRoadrunner
[18Apr2026 00:44:47.744] [main/DEBUG] [mixin/]: alexsmobsinteraction.mixins.json:mobs.AMIRoadrunner: Class version 61 required is higher than the class version supported by the current version of Mixin (JAVA_8 supports class version 52)
[18Apr2026 00:44:47.745] [main/DEBUG] [mixin/]: Renaming synthetic method lambda$registerGoals$0(Lnet/minecraft/world/entity/LivingEntity;)Z to md6e0ffb$lambda$registerGoals$0$0 in alexsmobsinteraction.mixins.json:mobs.AMIRoadrunner
[18Apr2026 00:44:47.750] [main/DEBUG] [mixin/]: Generating mapped inner class com/github/alexthe666/alexsmobs/entity/EntityRoadrunner$Anonymous$4945ad01ffd94ada9173ab1e6575e21c (originally com/crimsoncrips/alexsmobsinteraction/mixins/mobs/AMIRoadrunner$1)
[18Apr2026 00:44:47.751] [main/DEBUG] [mixin/]: Generating mapped inner class com/github/alexthe666/alexsmobs/entity/EntityRoadrunner$Anonymous$91edb1635a7d4ab3824b9ac023feca14 (originally com/crimsoncrips/alexsmobsinteraction/mixins/mobs/AMIRoadrunner$2)
[18Apr2026 00:44:47.753] [main/DEBUG] [mixin/]: Mixing mobs.AMIBoneSerpent from alexsmobsinteraction.mixins.json into com.github.alexthe666.alexsmobs.entity.EntityBoneSerpent
[18Apr2026 00:44:47.753] [main/DEBUG] [mixin/]: alexsmobsinteraction.mixins.json:mobs.AMIBoneSerpent: Class version 61 required is higher than the class version supported by the current version of Mixin (JAVA_8 supports class version 52)
[18Apr2026 00:44:47.767] [main/DEBUG] [mixin/]: Mixing mobs.crocodile.AMICrocodileMixin from alexsmobsinteraction.mixins.json into com.github.alexthe666.alexsmobs.entity.EntityCrocodile
[18Apr2026 00:44:47.767] [main/DEBUG] [mixin/]: alexsmobsinteraction.mixins.json:mobs.crocodile.AMICrocodileMixin: Class version 61 required is higher than the class version supported by the current version of Mixin (JAVA_8 supports class version 52)
[18Apr2026 00:44:47.780] [main/DEBUG] [mixin/]: Generating mapped inner class com/github/alexthe666/alexsmobs/entity/EntityCrocodile$Anonymous$a3ffecd9947e4192a8f05136349a100c (originally com/crimsoncrips/alexsmobsinteraction/mixins/mobs/crocodile/AMICrocodileMixin$1)
[18Apr2026 00:44:47.781] [main/DEBUG] [mixin/]: Generating mapped inner class com/github/alexthe666/alexsmobs/entity/EntityCrocodile$Anonymous$ba2d9e4fd13542298080b249dadef372 (originally com/crimsoncrips/alexsmobsinteraction/mixins/mobs/crocodile/AMICrocodileMixin$2)
[18Apr2026 00:44:47.781] [main/DEBUG] [mixin/]: Generating mapped inner class com/github/alexthe666/alexsmobs/entity/EntityCrocodile$Anonymous$e7dc045b4e8f4c0a8babf0fee827985b (originally com/crimsoncrips/alexsmobsinteraction/mixins/mobs/crocodile/AMICrocodileMixin$3)
[18Apr2026 00:44:47.783] [main/DEBUG] [mixin/]: Mixing mobs.AMIFly from alexsmobsinteraction.mixins.json into com.github.alexthe666.alexsmobs.entity.EntityFly
[18Apr2026 00:44:47.783] [main/DEBUG] [mixin/]: alexsmobsinteraction.mixins.json:mobs.AMIFly: Class version 61 required is higher than the class version supported by the current version of Mixin (JAVA_8 supports class version 52)
[18Apr2026 00:44:47.784] [main/DEBUG] [mixin/]: Renaming synthetic method lambda$registerGoals$0(Lcom/github/alexthe666/alexsmobs/entity/EntityFly;Lnet/minecraft/core/BlockPos;)Z to md6e0ffb$lambda$registerGoals$0$0 in alexsmobsinteraction.mixins.json:mobs.AMIFly
[18Apr2026 00:44:47.794] [main/DEBUG] [mixin/]: Mixing mobs.AMICrimsonMosquitoMixin from alexsmobsinteraction.mixins.json into com.github.alexthe666.alexsmobs.entity.EntityCrimsonMosquito
[18Apr2026 00:44:47.794] [main/DEBUG] [mixin/]: alexsmobsinteraction.mixins.json:mobs.AMICrimsonMosquitoMixin: Class version 61 required is higher than the class version supported by the current version of Mixin (JAVA_8 supports class version 52)
[18Apr2026 00:44:47.794] [main/DEBUG] [mixin/]: Renaming synthetic method lambda$alexsMobsInteraction$registerGoals$0(Lnet/minecraft/world/entity/LivingEntity;)Z to md6e0ffb$lambda$alexsMobsInteraction$registerGoals$0$0 in alexsmobsinteraction.mixins.json:mobs.AMICrimsonMosquitoMixin
[18Apr2026 00:44:47.805] [main/DEBUG] [mixin/]: Mixing mobs.AMIHummingbird from alexsmobsinteraction.mixins.json into com.github.alexthe666.alexsmobs.entity.EntityHummingbird
[18Apr2026 00:44:47.805] [main/DEBUG] [mixin/]: alexsmobsinteraction.mixins.json:mobs.AMIHummingbird: Class version 61 required is higher than the class version supported by the current version of Mixin (JAVA_8 supports class version 52)
[18Apr2026 00:44:47.811] [main/DEBUG] [mixin/]: Generating mapped inner class com/github/alexthe666/alexsmobs/entity/EntityHummingbird$Anonymous$2e24f58e94c348388f648140022ae72c (originally com/crimsoncrips/alexsmobsinteraction/mixins/mobs/AMIHummingbird$1)
[18Apr2026 00:44:47.812] [main/DEBUG] [mixin/]: Generating mapped inner class com/github/alexthe666/alexsmobs/entity/EntityHummingbird$Anonymous$e4ae8967b2da4ff0be07e95735f60c03 (originally com/crimsoncrips/alexsmobsinteraction/mixins/mobs/AMIHummingbird$2)
[18Apr2026 00:44:47.814] [main/DEBUG] [mixin/]: Mixing mobs.AMIOrca from alexsmobsinteraction.mixins.json into com.github.alexthe666.alexsmobs.entity.EntityOrca
[18Apr2026 00:44:47.814] [main/DEBUG] [mixin/]: alexsmobsinteraction.mixins.json:mobs.AMIOrca: Class version 61 required is higher than the class version supported by the current version of Mixin (JAVA_8 supports class version 52)
[18Apr2026 00:44:47.823] [main/DEBUG] [mixin/]: Mixing mobs.AMIGorilla from alexsmobsinteraction.mixins.json into com.github.alexthe666.alexsmobs.entity.EntityGorilla
[18Apr2026 00:44:47.823] [main/DEBUG] [mixin/]: alexsmobsinteraction.mixins.json:mobs.AMIGorilla: Class version 61 required is higher than the class version supported by the current version of Mixin (JAVA_8 supports class version 52)
[18Apr2026 00:44:47.832] [main/DEBUG] [mixin/]: Mixing mobs.AMIWarpedMosco from alexsmobsinteraction.mixins.json into com.github.alexthe666.alexsmobs.entity.EntityWarpedMosco
[18Apr2026 00:44:47.832] [main/DEBUG] [mixin/]: alexsmobsinteraction.mixins.json:mobs.AMIWarpedMosco: Class version 61 required is higher than the class version supported by the current version of Mixin (JAVA_8 supports class version 52)
[18Apr2026 00:44:47.832] [main/DEBUG] [mixin/]: Renaming synthetic method lambda$registerGoals$0(Lnet/minecraft/world/entity/LivingEntity;)Z to md6e0ffb$lambda$registerGoals$0$0 in alexsmobsinteraction.mixins.json:mobs.AMIWarpedMosco
[18Apr2026 00:44:47.839] [main/DEBUG] [mixin/]: Mixing mobs.AMIRattlesnake from alexsmobsinteraction.mixins.json into com.github.alexthe666.alexsmobs.entity.EntityRattlesnake
[18Apr2026 00:44:47.839] [main/DEBUG] [mixin/]: alexsmobsinteraction.mixins.json:mobs.AMIRattlesnake: Class version 61 required is higher than the class version supported by the current version of Mixin (JAVA_8 supports class version 52)
[18Apr2026 00:44:47.839] [main/DEBUG] [mixin/]: Renaming synthetic method lambda$registerGoals$1(Lnet/minecraft/world/entity/LivingEntity;)Z to md6e0ffb$lambda$registerGoals$1$0 in alexsmobsinteraction.mixins.json:mobs.AMIRattlesnake
[18Apr2026 00:44:47.840] [main/DEBUG] [mixin/]: Renaming synthetic method lambda$registerGoals$0(Lnet/minecraft/world/entity/LivingEntity;)Z to md6e0ffb$lambda$registerGoals$0$1 in alexsmobsinteraction.mixins.json:mobs.AMIRattlesnake
[18Apr2026 00:44:47.847] [main/DEBUG] [mixin/]: Generating mapped inner class com/github/alexthe666/alexsmobs/entity/EntityRattlesnake$Anonymous$b9ef8eab74614198b4b4d13357a692aa (originally com/crimsoncrips/alexsmobsinteraction/mixins/mobs/AMIRattlesnake$1)
[18Apr2026 00:44:47.849] [main/DEBUG] [mixin/]: Mixing mobs.AMIEndergradeMixin from alexsmobsinteraction.mixins.json into com.github.alexthe666.alexsmobs.entity.EntityEndergrade
[18Apr2026 00:44:47.849] [main/DEBUG] [mixin/]: alexsmobsinteraction.mixins.json:mobs.AMIEndergradeMixin: Class version 61 required is higher than the class version supported by the current version of Mixin (JAVA_8 supports class version 52)
[18Apr2026 00:44:47.856] [main/DEBUG] [mixin/]: Mixing mobs.AMIHammerheadShark from alexsmobsinteraction.mixins.json into com.github.alexthe666.alexsmobs.entity.EntityHammerheadShark
[18Apr2026 00:44:47.856] [main/DEBUG] [mixin/]: alexsmobsinteraction.mixins.json:mobs.AMIHammerheadShark: Class version 61 required is higher than the class version supported by the current version of Mixin (JAVA_8 supports class version 52)
[18Apr2026 00:44:47.864] [main/DEBUG] [mixin/]: Mixing mobs.AMIKomodoDragon from alexsmobsinteraction.mixins.json into com.github.alexthe666.alexsmobs.entity.EntityKomodoDragon
[18Apr2026 00:44:47.864] [main/DEBUG] [mixin/]: alexsmobsinteraction.mixins.json:mobs.AMIKomodoDragon: Class version 61 required is higher than the class version supported by the current version of Mixin (JAVA_8 supports class version 52)
[18Apr2026 00:44:47.864] [main/DEBUG] [mixin/]: Renaming synthetic method lambda$registerGoals$0(Lnet/minecraft/world/entity/LivingEntity;)Z to md6e0ffb$lambda$registerGoals$0$0 in alexsmobsinteraction.mixins.json:mobs.AMIKomodoDragon
[18Apr2026 00:44:47.873] [main/DEBUG] [mixin/]: Generating mapped inner class com/github/alexthe666/alexsmobs/entity/EntityKomodoDragon$Anonymous$2b1869e8c4a64f549bce5576ba42c3f9 (originally com/crimsoncrips/alexsmobsinteraction/mixins/mobs/AMIKomodoDragon$1)
[18Apr2026 00:44:47.874] [main/DEBUG] [mixin/]: Generating mapped inner class com/github/alexthe666/alexsmobs/entity/EntityKomodoDragon$Anonymous$516747b0001f46bcba8b0cbd1e3a27f2 (originally com/crimsoncrips/alexsmobsinteraction/mixins/mobs/AMIKomodoDragon$2)
[18Apr2026 00:44:47.876] [main/DEBUG] [mixin/]: Mixing mobs.capuchin.AMICapuchinMixin from alexsmobsinteraction.mixins.json into com.github.alexthe666.alexsmobs.entity.EntityCapuchinMonkey
[18Apr2026 00:44:47.876] [main/DEBUG] [mixin/]: alexsmobsinteraction.mixins.json:mobs.capuchin.AMICapuchinMixin: Class version 61 required is higher than the class version supported by the current version of Mixin (JAVA_8 supports class version 52)
[18Apr2026 00:44:47.893] [main/DEBUG] [mixin/]: Mixing mobs.capuchin.AMITossedItemMixin from alexsmobsinteraction.mixins.json into com.github.alexthe666.alexsmobs.entity.EntityTossedItem
[18Apr2026 00:44:47.894] [main/DEBUG] [mixin/]: alexsmobsinteraction.mixins.json:mobs.capuchin.AMITossedItemMixin: Class version 61 required is higher than the class version supported by the current version of Mixin (JAVA_8 supports class version 52)
[18Apr2026 00:44:47.903] [main/DEBUG] [mixin/]: Generating mapped inner class com/github/alexthe666/alexsmobs/entity/EntityCapuchinMonkey$Anonymous$dc9d5fe3af704209b9b333aa0214d2ad (originally com/crimsoncrips/alexsmobsinteraction/mixins/mobs/capuchin/AMICapuchinMixin$1)
[18Apr2026 00:44:47.905] [main/DEBUG] [mixin/]: Mixing mobs.AMICentipede from alexsmobsinteraction.mixins.json into com.github.alexthe666.alexsmobs.entity.EntityCentipedeHead
[18Apr2026 00:44:47.906] [main/DEBUG] [mixin/]: alexsmobsinteraction.mixins.json:mobs.AMICentipede: Class version 61 required is higher than the class version supported by the current version of Mixin (JAVA_8 supports class version 52)
[18Apr2026 00:44:47.906] [main/DEBUG] [mixin/]: Renaming synthetic method lambda$alexsMobsInteraction$registerGoals$1(Lcom/github/alexthe666/alexsmobs/entity/EntityCentipedeHead;Lnet/minecraft/world/entity/LivingEntity;)Z to md6e0ffb$lambda$alexsMobsInteraction$registerGoals$1$0 in alexsmobsinteraction.mixins.json:mobs.AMICentipede
[18Apr2026 00:44:47.906] [main/DEBUG] [mixin/]: Renaming synthetic method lambda$alexsMobsInteraction$registerGoals$0(Lcom/github/alexthe666/alexsmobs/entity/EntityCentipedeHead;Lnet/minecraft/world/entity/LivingEntity;)Z to md6e0ffb$lambda$alexsMobsInteraction$registerGoals$0$1 in alexsmobsinteraction.mixins.json:mobs.AMICentipede
[18Apr2026 00:44:47.917] [main/DEBUG] [mixin/]: Mixing mobs.AMIWarpedToad from alexsmobsinteraction.mixins.json into com.github.alexthe666.alexsmobs.entity.EntityWarpedToad
[18Apr2026 00:44:47.917] [main/DEBUG] [mixin/]: alexsmobsinteraction.mixins.json:mobs.AMIWarpedToad: Class version 61 required is higher than the class version supported by the current version of Mixin (JAVA_8 supports class version 52)
[18Apr2026 00:44:47.925] [main/DEBUG] [mixin/]: Generating mapped inner class com/github/alexthe666/alexsmobs/entity/EntityWarpedToad$Anonymous$0b1c591c26e44e84b8139771c58783e6 (originally com/crimsoncrips/alexsmobsinteraction/mixins/mobs/AMIWarpedToad$1)
[18Apr2026 00:44:47.932] [main/DEBUG] [mixin/]: Mixing mobs.AMIRaccoon from alexsmobsinteraction.mixins.json into com.github.alexthe666.alexsmobs.entity.EntityRaccoon
[18Apr2026 00:44:47.933] [main/DEBUG] [mixin/]: alexsmobsinteraction.mixins.json:mobs.AMIRaccoon: Class version 61 required is higher than the class version supported by the current version of Mixin (JAVA_8 supports class version 52)
[18Apr2026 00:44:47.942] [main/DEBUG] [mixin/]: Generating mapped inner class com/github/alexthe666/alexsmobs/entity/EntityRaccoon$Anonymous$57a555702708427999e748ffbe32ab74 (originally com/crimsoncrips/alexsmobsinteraction/mixins/mobs/AMIRaccoon$1)
[18Apr2026 00:44:47.944] [main/DEBUG] [mixin/]: Mixing mobs.AMIBlobfish from alexsmobsinteraction.mixins.json into com.github.alexthe666.alexsmobs.entity.EntityBlobfish
[18Apr2026 00:44:47.945] [main/DEBUG] [mixin/]: alexsmobsinteraction.mixins.json:mobs.AMIBlobfish: Class version 61 required is higher than the class version supported by the current version of Mixin (JAVA_8 supports class version 52)
[18Apr2026 00:44:47.949] [main/DEBUG] [mixin/]: Mixing mobs.AMISeal from alexsmobsinteraction.mixins.json into com.github.alexthe666.alexsmobs.entity.EntitySeal
[18Apr2026 00:44:47.950] [main/DEBUG] [mixin/]: alexsmobsinteraction.mixins.json:mobs.AMISeal: Class version 61 required is higher than the class version supported by the current version of Mixin (JAVA_8 supports class version 52)
[18Apr2026 00:44:47.957] [main/DEBUG] [mixin/]: Mixing mobs.cockroach.AMICockroach from alexsmobsinteraction.mixins.json into com.github.alexthe666.alexsmobs.entity.EntityCockroach
[18Apr2026 00:44:47.957] [main/DEBUG] [mixin/]: alexsmobsinteraction.mixins.json:mobs.cockroach.AMICockroach: Class version 61 required is higher than the class version supported by the current version of Mixin (JAVA_8 supports class version 52)
[18Apr2026 00:44:47.976] [main/DEBUG] [mixin/]: Generating mapped inner class com/github/alexthe666/alexsmobs/entity/EntityCockroach$Anonymous$02c565867a664de5a5a89271d48bd9ab (originally com/crimsoncrips/alexsmobsinteraction/mixins/mobs/cockroach/AMICockroach$1)
[18Apr2026 00:44:47.976] [main/DEBUG] [mixin/]: Generating mapped inner class com/github/alexthe666/alexsmobs/entity/EntityCockroach$Anonymous$65dbbed09b42436f9496f124131db8dc (originally com/crimsoncrips/alexsmobsinteraction/mixins/mobs/cockroach/AMICockroach$2)
[18Apr2026 00:44:47.977] [main/DEBUG] [mixin/]: Generating mapped inner class com/github/alexthe666/alexsmobs/entity/EntityCockroach$Anonymous$40ef92ee61294aa7ba7e7ee0d0feb982 (originally com/crimsoncrips/alexsmobsinteraction/mixins/mobs/cockroach/AMICockroach$3)
[18Apr2026 00:44:47.980] [main/DEBUG] [mixin/]: Mixing mobs.AMIShoebill from alexsmobsinteraction.mixins.json into com.github.alexthe666.alexsmobs.entity.EntityShoebill
[18Apr2026 00:44:47.980] [main/DEBUG] [mixin/]: alexsmobsinteraction.mixins.json:mobs.AMIShoebill: Class version 61 required is higher than the class version supported by the current version of Mixin (JAVA_8 supports class version 52)
[18Apr2026 00:44:47.980] [main/DEBUG] [mixin/]: Renaming synthetic method lambda$registerGoals$0(Lnet/minecraft/world/entity/LivingEntity;)Z to md6e0ffb$lambda$registerGoals$0$0 in alexsmobsinteraction.mixins.json:mobs.AMIShoebill
[18Apr2026 00:44:47.987] [main/DEBUG] [mixin/]: Generating mapped inner class com/github/alexthe666/alexsmobs/entity/EntityElephant$Anonymous$b57a8fca43a44e1f9aeeaefc2a4b043a (originally com/crimsoncrips/alexsmobsinteraction/mixins/mobs/AMIElephant$1)
[18Apr2026 00:44:47.991] [main/DEBUG] [mixin/]: Mixing mobs.AMISoulVulture from alexsmobsinteraction.mixins.json into com.github.alexthe666.alexsmobs.entity.EntitySoulVulture
[18Apr2026 00:44:47.991] [main/DEBUG] [mixin/]: alexsmobsinteraction.mixins.json:mobs.AMISoulVulture: Class version 61 required is higher than the class version supported by the current version of Mixin (JAVA_8 supports class version 52)
[18Apr2026 00:44:47.991] [main/DEBUG] [mixin/]: Renaming synthetic method lambda$registerGoals$0(Lnet/minecraft/world/entity/LivingEntity;)Z to md6e0ffb$lambda$registerGoals$0$0 in alexsmobsinteraction.mixins.json:mobs.AMISoulVulture
[18Apr2026 00:44:47.997] [main/DEBUG] [mixin/]: Mixing mobs.AMISnowLeopard from alexsmobsinteraction.mixins.json into com.github.alexthe666.alexsmobs.entity.EntitySnowLeopard
[18Apr2026 00:44:47.997] [main/DEBUG] [mixin/]: alexsmobsinteraction.mixins.json:mobs.AMISnowLeopard: Class version 61 required is higher than the class version supported by the current version of Mixin (JAVA_8 supports class version 52)
[18Apr2026 00:44:47.997] [main/DEBUG] [mixin/]: Renaming synthetic method lambda$registerGoals$1(Lnet/minecraft/world/entity/LivingEntity;)Z to md6e0ffb$lambda$registerGoals$1$0 in alexsmobsinteraction.mixins.json:mobs.AMISnowLeopard
[18Apr2026 00:44:47.997] [main/DEBUG] [mixin/]: Renaming synthetic method lambda$registerGoals$0(Lnet/minecraft/world/entity/LivingEntity;)Z to md6e0ffb$lambda$registerGoals$0$1 in alexsmobsinteraction.mixins.json:mobs.AMISnowLeopard
[18Apr2026 00:44:48.006] [main/DEBUG] [mixin/]: Mixing mobs.AMICrow from alexsmobsinteraction.mixins.json into com.github.alexthe666.alexsmobs.entity.EntityCrow
[18Apr2026 00:44:48.007] [main/DEBUG] [mixin/]: alexsmobsinteraction.mixins.json:mobs.AMICrow: Class version 61 required is higher than the class version supported by the current version of Mixin (JAVA_8 supports class version 52)
[18Apr2026 00:44:48.007] [main/DEBUG] [mixin/]: Renaming synthetic method lambda$alexsMobsInteraction$registerGoals$0(Lnet/minecraft/world/entity/LivingEntity;)Z to md6e0ffb$lambda$alexsMobsInteraction$registerGoals$0$0 in alexsmobsinteraction.mixins.json:mobs.AMICrow
[18Apr2026 00:44:48.013] [main/DEBUG] [mixin/]: Generating mapped inner class com/github/alexthe666/alexsmobs/entity/EntityCrow$Anonymous$76936091fe7d4c9abd8e7d942d2ad2bc (originally com/crimsoncrips/alexsmobsinteraction/mixins/mobs/AMICrow$1)
[18Apr2026 00:44:48.014] [main/DEBUG] [mixin/]: Generating mapped inner class com/github/alexthe666/alexsmobs/entity/EntityCrow$Anonymous$eb51e4522ed345ab914dd196544dabdb (originally com/crimsoncrips/alexsmobsinteraction/mixins/mobs/AMICrow$2)
[18Apr2026 00:44:48.019] [main/DEBUG] [mixin/]: Mixing mobs.snapping_turtle.AMISnappingTurtleMixin from alexsmobsinteraction.mixins.json into com.github.alexthe666.alexsmobs.entity.EntityAlligatorSnappingTurtle
[18Apr2026 00:44:48.020] [main/DEBUG] [mixin/]: alexsmobsinteraction.mixins.json:mobs.snapping_turtle.AMISnappingTurtleMixin: Class version 61 required is higher than the class version supported by the current version of Mixin (JAVA_8 supports class version 52)
[18Apr2026 00:44:48.031] [main/DEBUG] [mixin/]: Generating mapped inner class com/github/alexthe666/alexsmobs/entity/EntityAlligatorSnappingTurtle$Anonymous$4fa35cd79efb40e2a1de0b91233b3ba3 (originally com/crimsoncrips/alexsmobsinteraction/mixins/mobs/snapping_turtle/AMISnappingTurtleMixin$1)
[18Apr2026 00:44:48.032] [main/DEBUG] [mixin/]: Generating mapped inner class com/github/alexthe666/alexsmobs/entity/EntityAlligatorSnappingTurtle$Anonymous$3396147e98ee48d8813c142e7a3e5a4b (originally com/crimsoncrips/alexsmobsinteraction/mixins/mobs/snapping_turtle/AMISnappingTurtleMixin$2)
[18Apr2026 00:44:48.033] [main/DEBUG] [mixin/]: Generating mapped inner class com/github/alexthe666/alexsmobs/entity/EntityAlligatorSnappingTurtle$Anonymous$6dd6fb689d5640db995d6581e39dabd8 (originally com/crimsoncrips/alexsmobsinteraction/mixins/mobs/snapping_turtle/AMISnappingTurtleMixin$3)
[18Apr2026 00:44:48.035] [main/DEBUG] [mixin/]: Mixing mobs.AMIMungus from alexsmobsinteraction.mixins.json into com.github.alexthe666.alexsmobs.entity.EntityMungus
[18Apr2026 00:44:48.035] [main/DEBUG] [mixin/]: alexsmobsinteraction.mixins.json:mobs.AMIMungus: Class version 61 required is higher than the class version supported by the current version of Mixin (JAVA_8 supports class version 52)
[18Apr2026 00:44:48.043] [main/DEBUG] [mixin/]: Mixing mobs.AMIMantisShrimp from alexsmobsinteraction.mixins.json into com.github.alexthe666.alexsmobs.entity.EntityMantisShrimp
[18Apr2026 00:44:48.043] [main/DEBUG] [mixin/]: alexsmobsinteraction.mixins.json:mobs.AMIMantisShrimp: Class version 61 required is higher than the class version supported by the current version of Mixin (JAVA_8 supports class version 52)
[18Apr2026 00:44:48.043] [main/DEBUG] [mixin/]: Renaming synthetic method lambda$registerGoals$0(Lnet/minecraft/world/entity/LivingEntity;)Z to md6e0ffb$lambda$registerGoals$0$0 in alexsmobsinteraction.mixins.json:mobs.AMIMantisShrimp
[18Apr2026 00:44:48.051] [main/DEBUG] [mixin/]: Generating mapped inner class com/github/alexthe666/alexsmobs/entity/EntityMantisShrimp$Anonymous$7be60f1906fc4de4a73cab5ae6769ea9 (originally com/crimsoncrips/alexsmobsinteraction/mixins/mobs/AMIMantisShrimp$1)
[18Apr2026 00:44:48.052] [main/DEBUG] [mixin/]: Generating mapped inner class com/github/alexthe666/alexsmobs/entity/EntityMantisShrimp$Anonymous$90b98a2cb70a4a428bf6bcd68b9cda92 (originally com/crimsoncrips/alexsmobsinteraction/mixins/mobs/AMIMantisShrimp$2)
[18Apr2026 00:44:48.053] [main/DEBUG] [mixin/]: Mixing mobs.AMIGuster from alexsmobsinteraction.mixins.json into com.github.alexthe666.alexsmobs.entity.EntityGuster
[18Apr2026 00:44:48.053] [main/DEBUG] [mixin/]: alexsmobsinteraction.mixins.json:mobs.AMIGuster: Class version 61 required is higher than the class version supported by the current version of Mixin (JAVA_8 supports class version 52)
[18Apr2026 00:44:48.067] [main/DEBUG] [mixin/]: Mixing mobs.AMIStraddlerMixin from alexsmobsinteraction.mixins.json into com.github.alexthe666.alexsmobs.entity.EntityStraddler
[18Apr2026 00:44:48.067] [main/DEBUG] [mixin/]: alexsmobsinteraction.mixins.json:mobs.AMIStraddlerMixin: Class version 61 required is higher than the class version supported by the current version of Mixin (JAVA_8 supports class version 52)
[18Apr2026 00:44:48.078] [main/DEBUG] [mixin/]: Mixing mobs.AMIStradpole from alexsmobsinteraction.mixins.json into com.github.alexthe666.alexsmobs.entity.EntityStradpole
[18Apr2026 00:44:48.078] [main/DEBUG] [mixin/]: alexsmobsinteraction.mixins.json:mobs.AMIStradpole: Class version 61 required is higher than the class version supported by the current version of Mixin (JAVA_8 supports class version 52)
[18Apr2026 00:44:48.088] [main/DEBUG] [mixin/]: Mixing mobs.AMIEmu from alexsmobsinteraction.mixins.json into com.github.alexthe666.alexsmobs.entity.EntityEmu
[18Apr2026 00:44:48.088] [main/DEBUG] [mixin/]: alexsmobsinteraction.mixins.json:mobs.AMIEmu: Class version 61 required is higher than the class version supported by the current version of Mixin (JAVA_8 supports class version 52)
[18Apr2026 00:44:48.093] [main/DEBUG] [mixin/]: Generating mapped inner class com/github/alexthe666/alexsmobs/entity/EntityEmu$Anonymous$0f25195cccb546be96aff469ca5acf6e (originally com/crimsoncrips/alexsmobsinteraction/mixins/mobs/AMIEmu$1)
[18Apr2026 00:44:48.095] [main/DEBUG] [mixin/]: Mixing mobs.AMIPlatypus from alexsmobsinteraction.mixins.json into com.github.alexthe666.alexsmobs.entity.EntityPlatypus
[18Apr2026 00:44:48.095] [main/DEBUG] [mixin/]: alexsmobsinteraction.mixins.json:mobs.AMIPlatypus: Class version 61 required is higher than the class version supported by the current version of Mixin (JAVA_8 supports class version 52)
[18Apr2026 00:44:48.102] [main/DEBUG] [mixin/]: Mixing mobs.AMIDropbear from alexsmobsinteraction.mixins.json into com.github.alexthe666.alexsmobs.entity.EntityDropBear
[18Apr2026 00:44:48.102] [main/DEBUG] [mixin/]: alexsmobsinteraction.mixins.json:mobs.AMIDropbear: Class version 61 required is higher than the class version supported by the current version of Mixin (JAVA_8 supports class version 52)
[18Apr2026 00:44:48.105] [main/DEBUG] [mixin/]: Generating mapped inner class com/github/alexthe666/alexsmobs/entity/EntityDropBear$Anonymous$09c947cd82e8447798cd30818fb13c4f (originally com/crimsoncrips/alexsmobsinteraction/mixins/mobs/AMIDropbear$1)
[18Apr2026 00:44:48.106] [main/DEBUG] [mixin/]: Mixing mobs.AMITasmanianDevil from alexsmobsinteraction.mixins.json into com.github.alexthe666.alexsmobs.entity.EntityTasmanianDevil
[18Apr2026 00:44:48.106] [main/DEBUG] [mixin/]: alexsmobsinteraction.mixins.json:mobs.AMITasmanianDevil: Class version 61 required is higher than the class version supported by the current version of Mixin (JAVA_8 supports class version 52)
[18Apr2026 00:44:48.111] [main/DEBUG] [mixin/]: Mixing mobs.kangaroo.AMIKangaroo from alexsmobsinteraction.mixins.json into com.github.alexthe666.alexsmobs.entity.EntityKangaroo
[18Apr2026 00:44:48.111] [main/DEBUG] [mixin/]: alexsmobsinteraction.mixins.json:mobs.kangaroo.AMIKangaroo: Class version 61 required is higher than the class version supported by the current version of Mixin (JAVA_8 supports class version 52)
[18Apr2026 00:44:48.122] [main/DEBUG] [mixin/]: Mixing mobs.AMICachalotWhale from alexsmobsinteraction.mixins.json into com.github.alexthe666.alexsmobs.entity.EntityCachalotWhale
[18Apr2026 00:44:48.122] [main/DEBUG] [mixin/]: alexsmobsinteraction.mixins.json:mobs.AMICachalotWhale: Class version 61 required is higher than the class version supported by the current version of Mixin (JAVA_8 supports class version 52)
[18Apr2026 00:44:48.132] [main/DEBUG] [mixin/]: Mixing mobs.leafcutter.AMILeafcutterAntMixin from alexsmobsinteraction.mixins.json into com.github.alexthe666.alexsmobs.entity.EntityLeafcutterAnt
[18Apr2026 00:44:48.132] [main/DEBUG] [mixin/]: alexsmobsinteraction.mixins.json:mobs.leafcutter.AMILeafcutterAntMixin: Class version 61 required is higher than the class version supported by the current version of Mixin (JAVA_8 supports class version 52)
[18Apr2026 00:44:48.133] [main/DEBUG] [mixin/]: Renaming synthetic method lambda$registerGoals$0(Lnet/minecraft/world/entity/LivingEntity;)Z to md6e0ffb$lambda$registerGoals$0$0 in alexsmobsinteraction.mixins.json:mobs.leafcutter.AMILeafcutterAntMixin
[18Apr2026 00:44:48.140] [main/DEBUG] [mixin/]: Generating mapped inner class com/github/alexthe666/alexsmobs/entity/EntityLeafcutterAnt$Anonymous$7acc65aa511a4db0a30109e043f8a377 (originally com/crimsoncrips/alexsmobsinteraction/mixins/mobs/leafcutter/AMILeafcutterAntMixin$1)
[18Apr2026 00:44:48.143] [main/DEBUG] [mixin/]: Generating mapped inner class com/github/alexthe666/alexsmobs/entity/EntityEnderiophage$Anonymous$d5ab928b187e40e1bebffe557897f00b (originally com/crimsoncrips/alexsmobsinteraction/mixins/mobs/AMIEnderiophage$1)
[18Apr2026 00:44:48.144] [main/DEBUG] [mixin/]: Generating mapped inner class com/github/alexthe666/alexsmobs/entity/EntityEnderiophage$Anonymous$f53d9316f6204ce38191acc70dd22a59 (originally com/crimsoncrips/alexsmobsinteraction/mixins/mobs/AMIEnderiophage$2)
[18Apr2026 00:44:48.146] [main/DEBUG] [mixin/]: Mixing mobs.bald_eagle.AMIBaldEagle from alexsmobsinteraction.mixins.json into com.github.alexthe666.alexsmobs.entity.EntityBaldEagle
[18Apr2026 00:44:48.147] [main/DEBUG] [mixin/]: alexsmobsinteraction.mixins.json:mobs.bald_eagle.AMIBaldEagle: Class version 61 required is higher than the class version supported by the current version of Mixin (JAVA_8 supports class version 52)
[18Apr2026 00:44:48.147] [main/DEBUG] [mixin/]: Renaming synthetic method lambda$alexsMobsInteraction$registerGoals$0(Lnet/minecraft/world/entity/LivingEntity;)Z to md6e0ffb$lambda$alexsMobsInteraction$registerGoals$0$0 in alexsmobsinteraction.mixins.json:mobs.bald_eagle.AMIBaldEagle
[18Apr2026 00:44:48.160] [main/DEBUG] [mixin/]: Generating mapped inner class com/github/alexthe666/alexsmobs/entity/EntityBaldEagle$Anonymous$aa69dcf2a97b43429b5684eec4a448dc (originally com/crimsoncrips/alexsmobsinteraction/mixins/mobs/bald_eagle/AMIBaldEagle$1)
[18Apr2026 00:44:48.162] [main/DEBUG] [mixin/]: Mixing mobs.AMITiger from alexsmobsinteraction.mixins.json into com.github.alexthe666.alexsmobs.entity.EntityTiger
[18Apr2026 00:44:48.162] [main/DEBUG] [mixin/]: alexsmobsinteraction.mixins.json:mobs.AMITiger: Class version 61 required is higher than the class version supported by the current version of Mixin (JAVA_8 supports class version 52)
[18Apr2026 00:44:48.177] [main/DEBUG] [mixin/]: Mixing mobs.AMIFrilledShark from alexsmobsinteraction.mixins.json into com.github.alexthe666.alexsmobs.entity.EntityFrilledShark
[18Apr2026 00:44:48.177] [main/DEBUG] [mixin/]: alexsmobsinteraction.mixins.json:mobs.AMIFrilledShark: Class version 61 required is higher than the class version supported by the current version of Mixin (JAVA_8 supports class version 52)
[18Apr2026 00:44:48.177] [main/DEBUG] [mixin/]: Renaming synthetic method lambda$registerGoals$1(Lnet/minecraft/world/entity/LivingEntity;)Z to md6e0ffb$lambda$registerGoals$1$0 in alexsmobsinteraction.mixins.json:mobs.AMIFrilledShark
[18Apr2026 00:44:48.178] [main/DEBUG] [mixin/]: Renaming synthetic method lambda$registerGoals$0(Lnet/minecraft/world/entity/LivingEntity;)Z to md6e0ffb$lambda$registerGoals$0$1 in alexsmobsinteraction.mixins.json:mobs.AMIFrilledShark
[18Apr2026 00:44:48.188] [main/DEBUG] [mixin/]: Mixing mobs.AMISeagull from alexsmobsinteraction.mixins.json into com.github.alexthe666.alexsmobs.entity.EntitySeagull
[18Apr2026 00:44:48.188] [main/DEBUG] [mixin/]: alexsmobsinteraction.mixins.json:mobs.AMISeagull: Class version 61 required is higher than the class version supported by the current version of Mixin (JAVA_8 supports class version 52)
[18Apr2026 00:44:48.192] [main/DEBUG] [mixin/]: Generating mapped inner class com/github/alexthe666/alexsmobs/entity/EntitySeagull$Anonymous$7b0eb66daf814af5b5d93c984c4e3b5c (originally com/crimsoncrips/alexsmobsinteraction/mixins/mobs/AMISeagull$1)
[18Apr2026 00:44:48.201] [main/DEBUG] [mixin/]: Mixing mobs.AMITusklinMixin from alexsmobsinteraction.mixins.json into com.github.alexthe666.alexsmobs.entity.EntityTusklin
[18Apr2026 00:44:48.201] [main/DEBUG] [mixin/]: alexsmobsinteraction.mixins.json:mobs.AMITusklinMixin: Class version 61 required is higher than the class version supported by the current version of Mixin (JAVA_8 supports class version 52)
[18Apr2026 00:44:48.201] [main/DEBUG] [mixin/]: Renaming synthetic method lambda$registerGoals$0(Lcom/github/alexthe666/alexsmobs/entity/EntityTusklin;Lnet/minecraft/core/BlockPos;)Z to md6e0ffb$lambda$registerGoals$0$0 in alexsmobsinteraction.mixins.json:mobs.AMITusklinMixin
[18Apr2026 00:44:48.209] [main/DEBUG] [mixin/]: Mixing mobs.laviathan.AMILaviathan from alexsmobsinteraction.mixins.json into com.github.alexthe666.alexsmobs.entity.EntityLaviathan
[18Apr2026 00:44:48.209] [main/DEBUG] [mixin/]: alexsmobsinteraction.mixins.json:mobs.laviathan.AMILaviathan: Class version 61 required is higher than the class version supported by the current version of Mixin (JAVA_8 supports class version 52)
[18Apr2026 00:44:48.210] [main/DEBUG] [mixin/]: Renaming synthetic method lambda$mobInteract$0(Lcom/github/alexthe666/alexsmobs/entity/EntityLaviathan;)V to md6e0ffb$lambda$mobInteract$0$0 in alexsmobsinteraction.mixins.json:mobs.laviathan.AMILaviathan
[18Apr2026 00:44:48.224] [main/DEBUG] [mixin/]: Mixing mobs.AMICosmaw from alexsmobsinteraction.mixins.json into com.github.alexthe666.alexsmobs.entity.EntityCosmaw
[18Apr2026 00:44:48.224] [main/DEBUG] [mixin/]: alexsmobsinteraction.mixins.json:mobs.AMICosmaw: Class version 61 required is higher than the class version supported by the current version of Mixin (JAVA_8 supports class version 52)
[18Apr2026 00:44:48.232] [main/DEBUG] [mixin/]: Mixing mobs.AMIToucan from alexsmobsinteraction.mixins.json into com.github.alexthe666.alexsmobs.entity.EntityToucan
[18Apr2026 00:44:48.232] [main/DEBUG] [mixin/]: alexsmobsinteraction.mixins.json:mobs.AMIToucan: Class version 61 required is higher than the class version supported by the current version of Mixin (JAVA_8 supports class version 52)
[18Apr2026 00:44:48.240] [main/DEBUG] [mixin/]: Mixing mobs.AMIManedWolf from alexsmobsinteraction.mixins.json into com.github.alexthe666.alexsmobs.entity.EntityManedWolf
[18Apr2026 00:44:48.240] [main/DEBUG] [mixin/]: alexsmobsinteraction.mixins.json:mobs.AMIManedWolf: Class version 61 required is higher than the class version supported by the current version of Mixin (JAVA_8 supports class version 52)
[18Apr2026 00:44:48.246] [main/DEBUG] [mixin/]: Mixing mobs.AMIAnaconda from alexsmobsinteraction.mixins.json into com.github.alexthe666.alexsmobs.entity.EntityAnaconda
[18Apr2026 00:44:48.246] [main/DEBUG] [mixin/]: alexsmobsinteraction.mixins.json:mobs.AMIAnaconda: Class version 61 required is higher than the class version supported by the current version of Mixin (JAVA_8 supports class version 52)
[18Apr2026 00:44:48.246] [main/DEBUG] [mixin/]: Renaming synthetic method lambda$registerGoals$0(Lnet/minecraft/world/entity/LivingEntity;)Z to md6e0ffb$lambda$registerGoals$0$0 in alexsmobsinteraction.mixins.json:mobs.AMIAnaconda
[18Apr2026 00:44:48.258] [main/DEBUG] [mixin/]: Mixing mobs.AMIAnteater from alexsmobsinteraction.mixins.json into com.github.alexthe666.alexsmobs.entity.EntityAnteater
[18Apr2026 00:44:48.258] [main/DEBUG] [mixin/]: alexsmobsinteraction.mixins.json:mobs.AMIAnteater: Class version 61 required is higher than the class version supported by the current version of Mixin (JAVA_8 supports class version 52)
[18Apr2026 00:44:48.268] [main/DEBUG] [mixin/]: Mixing mobs.AMIFlutterMixin from alexsmobsinteraction.mixins.json into com.github.alexthe666.alexsmobs.entity.EntityFlutter
[18Apr2026 00:44:48.268] [main/DEBUG] [mixin/]: alexsmobsinteraction.mixins.json:mobs.AMIFlutterMixin: Class version 61 required is higher than the class version supported by the current version of Mixin (JAVA_8 supports class version 52)
[18Apr2026 00:44:48.268] [main/DEBUG] [mixin/]: Renaming synthetic method lambda$alexsMobsInteraction$mobInteract$1(Lcom/github/alexthe666/alexsmobs/entity/EntityFlutter;)V to md6e0ffb$lambda$alexsMobsInteraction$mobInteract$1$0 in alexsmobsinteraction.mixins.json:mobs.AMIFlutterMixin
[18Apr2026 00:44:48.268] [main/DEBUG] [mixin/]: Renaming synthetic method lambda$alexsMobsInteraction$mobInteract$0(Lcom/github/alexthe666/alexsmobs/entity/EntityFlutter;)V to md6e0ffb$lambda$alexsMobsInteraction$mobInteract$0$1 in alexsmobsinteraction.mixins.json:mobs.AMIFlutterMixin
[18Apr2026 00:44:48.273] [main/DEBUG] [mixin/]: Mixing mobs.AMIPollenBall from alexsmobsinteraction.mixins.json into com.github.alexthe666.alexsmobs.entity.EntityPollenBall
[18Apr2026 00:44:48.274] [main/DEBUG] [mixin/]: alexsmobsinteraction.mixins.json:mobs.AMIPollenBall: Class version 61 required is higher than the class version supported by the current version of Mixin (JAVA_8 supports class version 52)
[18Apr2026 00:44:48.278] [main/DEBUG] [mixin/]: Mixing mobs.AMIGeladaMonkey from alexsmobsinteraction.mixins.json into com.github.alexthe666.alexsmobs.entity.EntityGeladaMonkey
[18Apr2026 00:44:48.278] [main/DEBUG] [mixin/]: alexsmobsinteraction.mixins.json:mobs.AMIGeladaMonkey: Class version 61 required is higher than the class version supported by the current version of Mixin (JAVA_8 supports class version 52)
[18Apr2026 00:44:48.283] [main/DEBUG] [mixin/]: Mixing mobs.AMIJerboa from alexsmobsinteraction.mixins.json into com.github.alexthe666.alexsmobs.entity.EntityJerboa
[18Apr2026 00:44:48.283] [main/DEBUG] [mixin/]: alexsmobsinteraction.mixins.json:mobs.AMIJerboa: Class version 61 required is higher than the class version supported by the current version of Mixin (JAVA_8 supports class version 52)
[18Apr2026 00:44:48.297] [main/DEBUG] [mixin/]: Mixing mobs.AMIBison from alexsmobsinteraction.mixins.json into com.github.alexthe666.alexsmobs.entity.EntityBison
[18Apr2026 00:44:48.297] [main/DEBUG] [mixin/]: alexsmobsinteraction.mixins.json:mobs.AMIBison: Class version 61 required is higher than the class version supported by the current version of Mixin (JAVA_8 supports class version 52)
[18Apr2026 00:44:48.309] [main/DEBUG] [mixin/]: Mixing mobs.AMICatfish from alexsmobsinteraction.mixins.json into com.github.alexthe666.alexsmobs.entity.EntityCatfish
[18Apr2026 00:44:48.309] [main/DEBUG] [mixin/]: alexsmobsinteraction.mixins.json:mobs.AMICatfish: Class version 61 required is higher than the class version supported by the current version of Mixin (JAVA_8 supports class version 52)
[18Apr2026 00:44:48.317] [main/DEBUG] [mixin/]: Mixing mobs.AMIFlyingFishMixin from alexsmobsinteraction.mixins.json into com.github.alexthe666.alexsmobs.entity.EntityFlyingFish
[18Apr2026 00:44:48.317] [main/DEBUG] [mixin/]: alexsmobsinteraction.mixins.json:mobs.AMIFlyingFishMixin: Class version 61 required is higher than the class version supported by the current version of Mixin (JAVA_8 supports class version 52)
[18Apr2026 00:44:48.321] [main/DEBUG] [mixin/]: Mixing mobs.skelewag.AMISkelewag from alexsmobsinteraction.mixins.json into com.github.alexthe666.alexsmobs.entity.EntitySkelewag
[18Apr2026 00:44:48.321] [main/DEBUG] [mixin/]: alexsmobsinteraction.mixins.json:mobs.skelewag.AMISkelewag: Class version 61 required is higher than the class version supported by the current version of Mixin (JAVA_8 supports class version 52)
[18Apr2026 00:44:48.322] [main/DEBUG] [mixin/]: Renaming synthetic method lambda$mobInteract$1(Lnet/minecraft/world/entity/player/Player;)V to md6e0ffb$lambda$mobInteract$1$0 in alexsmobsinteraction.mixins.json:mobs.skelewag.AMISkelewag
[18Apr2026 00:44:48.322] [main/DEBUG] [mixin/]: Renaming synthetic method lambda$alexsMobsInteraction$registerGoals$0(Lnet/minecraft/world/entity/LivingEntity;)Z to md6e0ffb$lambda$alexsMobsInteraction$registerGoals$0$1 in alexsmobsinteraction.mixins.json:mobs.skelewag.AMISkelewag
[18Apr2026 00:44:48.341] [main/DEBUG] [mixin/]: Mixing mobs.AMIRainfrog from alexsmobsinteraction.mixins.json into com.github.alexthe666.alexsmobs.entity.EntityRainFrog
[18Apr2026 00:44:48.341] [main/DEBUG] [mixin/]: alexsmobsinteraction.mixins.json:mobs.AMIRainfrog: Class version 61 required is higher than the class version supported by the current version of Mixin (JAVA_8 supports class version 52)
[18Apr2026 00:44:48.353] [main/DEBUG] [mixin/]: Mixing mobs.AMIPotoo from alexsmobsinteraction.mixins.json into com.github.alexthe666.alexsmobs.entity.EntityPotoo
[18Apr2026 00:44:48.353] [main/DEBUG] [mixin/]: alexsmobsinteraction.mixins.json:mobs.AMIPotoo: Class version 61 required is higher than the class version supported by the current version of Mixin (JAVA_8 supports class version 52)
[18Apr2026 00:44:48.361] [main/DEBUG] [mixin/]: Mixing mobs.AMIMudskipper from alexsmobsinteraction.mixins.json into com.github.alexthe666.alexsmobs.entity.EntityMudskipper
[18Apr2026 00:44:48.361] [main/DEBUG] [mixin/]: alexsmobsinteraction.mixins.json:mobs.AMIMudskipper: Class version 61 required is higher than the class version supported by the current version of Mixin (JAVA_8 supports class version 52)
[18Apr2026 00:44:48.367] [main/DEBUG] [mixin/]: Mixing mobs.AMIRhino from alexsmobsinteraction.mixins.json into com.github.alexthe666.alexsmobs.entity.EntityRhinoceros
[18Apr2026 00:44:48.368] [main/DEBUG] [mixin/]: alexsmobsinteraction.mixins.json:mobs.AMIRhino: Class version 61 required is higher than the class version supported by the current version of Mixin (JAVA_8 supports class version 52)
[18Apr2026 00:44:48.368] [main/DEBUG] [mixin/]: Renaming synthetic method lambda$registerGoals$0(Lcom/github/alexthe666/alexsmobs/entity/EntityRhinoceros;Lnet/minecraft/world/entity/LivingEntity;)Z to md6e0ffb$lambda$registerGoals$0$0 in alexsmobsinteraction.mixins.json:mobs.AMIRhino
[18Apr2026 00:44:48.373] [main/DEBUG] [mixin/]: Generating mapped inner class com/github/alexthe666/alexsmobs/entity/EntityRhinoceros$Anonymous$7f2a8dddf0e248218f6b683f4b8d2874 (originally com/crimsoncrips/alexsmobsinteraction/mixins/mobs/AMIRhino$1)
[18Apr2026 00:44:48.374] [main/DEBUG] [mixin/]: Mixing mobs.AMISugarGlider from alexsmobsinteraction.mixins.json into com.github.alexthe666.alexsmobs.entity.EntitySugarGlider
[18Apr2026 00:44:48.374] [main/DEBUG] [mixin/]: alexsmobsinteraction.mixins.json:mobs.AMISugarGlider: Class version 61 required is higher than the class version supported by the current version of Mixin (JAVA_8 supports class version 52)
[18Apr2026 00:44:48.380] [main/DEBUG] [mixin/]: Mixing mobs.AMIFarseer from alexsmobsinteraction.mixins.json into com.github.alexthe666.alexsmobs.entity.EntityFarseer
[18Apr2026 00:44:48.381] [main/DEBUG] [mixin/]: alexsmobsinteraction.mixins.json:mobs.AMIFarseer: Class version 61 required is higher than the class version supported by the current version of Mixin (JAVA_8 supports class version 52)
[18Apr2026 00:44:48.393] [main/DEBUG] [mixin/]: Mixing mobs.AMIMurmurBody from alexsmobsinteraction.mixins.json into com.github.alexthe666.alexsmobs.entity.EntityMurmur
[18Apr2026 00:44:48.393] [main/DEBUG] [mixin/]: alexsmobsinteraction.mixins.json:mobs.AMIMurmurBody: Class version 61 required is higher than the class version supported by the current version of Mixin (JAVA_8 supports class version 52)
[18Apr2026 00:44:48.396] [main/DEBUG] [mixin/]: Generating mapped inner class com/github/alexthe666/alexsmobs/entity/EntityMurmur$Anonymous$7d0d0847e6284c9aae8b065625293f10 (originally com/crimsoncrips/alexsmobsinteraction/mixins/mobs/AMIMurmurBody$1)
[18Apr2026 00:44:48.396] [main/DEBUG] [mixin/]: Mixing mobs.AMIMurmur from alexsmobsinteraction.mixins.json into com.github.alexthe666.alexsmobs.entity.EntityMurmurHead
[18Apr2026 00:44:48.397] [main/DEBUG] [mixin/]: alexsmobsinteraction.mixins.json:mobs.AMIMurmur: Class version 61 required is higher than the class version supported by the current version of Mixin (JAVA_8 supports class version 52)
[18Apr2026 00:44:48.405] [main/DEBUG] [mixin/]: Mixing mobs.AMIBananaSlug from alexsmobsinteraction.mixins.json into com.github.alexthe666.alexsmobs.entity.EntityBananaSlug
[18Apr2026 00:44:48.405] [main/DEBUG] [mixin/]: alexsmobsinteraction.mixins.json:mobs.AMIBananaSlug: Class version 61 required is higher than the class version supported by the current version of Mixin (JAVA_8 supports class version 52)
[18Apr2026 00:44:48.406] [main/DEBUG] [mixin/]: Renaming synthetic method lambda$mobInteract$0(Lnet/minecraft/world/entity/player/Player;)V to md6e0ffb$lambda$mobInteract$0$0 in alexsmobsinteraction.mixins.json:mobs.AMIBananaSlug
[18Apr2026 00:44:48.410] [main/DEBUG] [mixin/]: Mixing mobs.AMIBluejay from alexsmobsinteraction.mixins.json into com.github.alexthe666.alexsmobs.entity.EntityBlueJay
[18Apr2026 00:44:48.410] [main/DEBUG] [mixin/]: alexsmobsinteraction.mixins.json:mobs.AMIBluejay: Class version 61 required is higher than the class version supported by the current version of Mixin (JAVA_8 supports class version 52)
[18Apr2026 00:44:48.418] [main/DEBUG] [mixin/]: Mixing mobs.AMICaiman from alexsmobsinteraction.mixins.json into com.github.alexthe666.alexsmobs.entity.EntityCaiman
[18Apr2026 00:44:48.418] [main/DEBUG] [mixin/]: alexsmobsinteraction.mixins.json:mobs.AMICaiman: Class version 61 required is higher than the class version supported by the current version of Mixin (JAVA_8 supports class version 52)
[18Apr2026 00:44:48.422] [main/DEBUG] [mixin/]: Generating mapped inner class com/github/alexthe666/alexsmobs/entity/EntityCaiman$Anonymous$714d13b1467446c7bf588f98d654a41e (originally com/crimsoncrips/alexsmobsinteraction/mixins/mobs/AMICaiman$1)
[18Apr2026 00:44:48.729] [main/WARN] [net.minecraft.network.syncher.SynchedEntityData/]: defineId called for: class com.github.alexmodguy.alexscaves.server.entity.living.TremorzillaEntity from class com.github.alexmodguy.alexscaves.server.entity.living.LicowitchEntity
[18Apr2026 00:44:48.730] [main/DEBUG] [mixin/]: Mixing PotionUtilsMixin from alexscaves.mixins.json into net.minecraft.world.item.alchemy.PotionUtils
[18Apr2026 00:44:48.731] [main/DEBUG] [mixin/]: Renaming synthetic method lambda$ac_getColor$0(Lnet/minecraft/world/effect/MobEffectInstance;)Z to md6e0ffb$lambda$ac_getColor$0$0 in alexscaves.mixins.json:PotionUtilsMixin
[18Apr2026 00:44:48.736] [main/DEBUG] [mixin/]: Mixing SpawnRestrictionAccessor from graveyard-common.mixins.json into net.minecraft.world.entity.SpawnPlacements
[18Apr2026 00:44:48.736] [main/DEBUG] [mixin/]: Renaming @Invoker method callRegister(Lnet/minecraft/world/entity/EntityType;Lnet/minecraft/world/entity/SpawnPlacements$Type;Lnet/minecraft/world/level/levelgen/Heightmap$Types;Lnet/minecraft/world/entity/SpawnPlacements$SpawnPredicate;)V to callRegister_$md$6e0ffb$0 in graveyard-common.mixins.json:SpawnRestrictionAccessor
[18Apr2026 00:44:48.795] [main/DEBUG] [net.minecraftforge.fml.config.ConfigTracker/CONFIG]: Loading configs type COMMON
[18Apr2026 00:44:48.796] [main/DEBUG] [net.minecraftforge.fml.config.ConfigFileTypeHandler/CONFIG]: Built TOML config for /workspaces/servidor-de-gays/servidor_minecraft/config/betterwitchhuts-forge-1_20.toml
[18Apr2026 00:44:48.797] [main/DEBUG] [net.minecraftforge.fml.config.ConfigFileTypeHandler/CONFIG]: Loaded TOML config file /workspaces/servidor-de-gays/servidor_minecraft/config/betterwitchhuts-forge-1_20.toml
[18Apr2026 00:44:48.798] [main/DEBUG] [net.minecraftforge.fml.config.ConfigFileTypeHandler/CONFIG]: Watching TOML config file /workspaces/servidor-de-gays/servidor_minecraft/config/betterwitchhuts-forge-1_20.toml for changes
[18Apr2026 00:44:48.799] [Thread-2/DEBUG] [net.minecraftforge.fml.config.ConfigFileTypeHandler/CONFIG]: Config file betterwitchhuts-forge-1_20.toml changed, sending notifies
[18Apr2026 00:44:48.800] [main/DEBUG] [net.minecraftforge.fml.config.ConfigFileTypeHandler/CONFIG]: Built TOML config for /workspaces/servidor-de-gays/servidor_minecraft/config/betterdungeons-forge-1_20.toml
[18Apr2026 00:44:48.800] [main/DEBUG] [net.minecraftforge.fml.config.ConfigFileTypeHandler/CONFIG]: Loaded TOML config file /workspaces/servidor-de-gays/servidor_minecraft/config/betterdungeons-forge-1_20.toml
[18Apr2026 00:44:48.800] [main/DEBUG] [net.minecraftforge.fml.config.ConfigFileTypeHandler/CONFIG]: Watching TOML config file /workspaces/servidor-de-gays/servidor_minecraft/config/betterdungeons-forge-1_20.toml for changes
[18Apr2026 00:44:48.801] [Thread-2/DEBUG] [net.minecraftforge.fml.config.ConfigFileTypeHandler/CONFIG]: Config file betterwitchhuts-forge-1_20.toml changed, sending notifies
[18Apr2026 00:44:48.801] [Thread-2/DEBUG] [net.minecraftforge.fml.config.ConfigFileTypeHandler/CONFIG]: Config file betterdungeons-forge-1_20.toml changed, sending notifies
[18Apr2026 00:44:48.802] [main/DEBUG] [net.minecraftforge.fml.config.ConfigFileTypeHandler/CONFIG]: Built TOML config for /workspaces/servidor-de-gays/servidor_minecraft/config/betteroceanmonuments-forge-1_20.toml
[18Apr2026 00:44:48.803] [main/DEBUG] [net.minecraftforge.fml.config.ConfigFileTypeHandler/CONFIG]: Loaded TOML config file /workspaces/servidor-de-gays/servidor_minecraft/config/betteroceanmonuments-forge-1_20.toml
[18Apr2026 00:44:48.803] [main/DEBUG] [net.minecraftforge.fml.config.ConfigFileTypeHandler/CONFIG]: Watching TOML config file /workspaces/servidor-de-gays/servidor_minecraft/config/betteroceanmonuments-forge-1_20.toml for changes
[18Apr2026 00:44:48.803] [Thread-2/DEBUG] [net.minecraftforge.fml.config.ConfigFileTypeHandler/CONFIG]: Config file betterdungeons-forge-1_20.toml changed, sending notifies
[18Apr2026 00:44:48.803] [Thread-2/DEBUG] [net.minecraftforge.fml.config.ConfigFileTypeHandler/CONFIG]: Config file betteroceanmonuments-forge-1_20.toml changed, sending notifies
[18Apr2026 00:44:48.804] [main/DEBUG] [net.minecraftforge.fml.config.ConfigFileTypeHandler/CONFIG]: Built TOML config for /workspaces/servidor-de-gays/servidor_minecraft/config/citadel-common.toml
[18Apr2026 00:44:48.804] [Thread-2/DEBUG] [net.minecraftforge.fml.config.ConfigFileTypeHandler/CONFIG]: Config file betteroceanmonuments-forge-1_20.toml changed, sending notifies
[18Apr2026 00:44:48.804] [main/DEBUG] [net.minecraftforge.fml.config.ConfigFileTypeHandler/CONFIG]: Loaded TOML config file /workspaces/servidor-de-gays/servidor_minecraft/config/citadel-common.toml
[18Apr2026 00:44:48.804] [main/DEBUG] [net.minecraftforge.fml.config.ConfigFileTypeHandler/CONFIG]: Watching TOML config file /workspaces/servidor-de-gays/servidor_minecraft/config/citadel-common.toml for changes
[18Apr2026 00:44:48.805] [Thread-2/DEBUG] [net.minecraftforge.fml.config.ConfigFileTypeHandler/CONFIG]: Config file citadel-common.toml changed, sending notifies
[18Apr2026 00:44:48.805] [main/DEBUG] [net.minecraftforge.fml.config.ConfigFileTypeHandler/CONFIG]: Built TOML config for /workspaces/servidor-de-gays/servidor_minecraft/config/travelersbackpack-common.toml
[18Apr2026 00:44:48.805] [Thread-2/DEBUG] [net.minecraftforge.fml.config.ConfigFileTypeHandler/CONFIG]: Config file citadel-common.toml changed, sending notifies
[18Apr2026 00:44:48.805] [main/DEBUG] [net.minecraftforge.fml.config.ConfigFileTypeHandler/CONFIG]: Loaded TOML config file /workspaces/servidor-de-gays/servidor_minecraft/config/travelersbackpack-common.toml
[18Apr2026 00:44:48.806] [main/DEBUG] [net.minecraftforge.fml.config.ConfigFileTypeHandler/CONFIG]: Watching TOML config file /workspaces/servidor-de-gays/servidor_minecraft/config/travelersbackpack-common.toml for changes
[18Apr2026 00:44:48.806] [Thread-2/DEBUG] [net.minecraftforge.fml.config.ConfigFileTypeHandler/CONFIG]: Config file travelersbackpack-common.toml changed, sending notifies
[18Apr2026 00:44:48.806] [main/DEBUG] [net.minecraftforge.fml.config.ConfigFileTypeHandler/CONFIG]: Built TOML config for /workspaces/servidor-de-gays/servidor_minecraft/config/betterdeserttemples-forge-1_20.toml
[18Apr2026 00:44:48.806] [main/DEBUG] [net.minecraftforge.fml.config.ConfigFileTypeHandler/CONFIG]: Loaded TOML config file /workspaces/servidor-de-gays/servidor_minecraft/config/betterdeserttemples-forge-1_20.toml
[18Apr2026 00:44:48.806] [Thread-2/DEBUG] [net.minecraftforge.fml.config.ConfigFileTypeHandler/CONFIG]: Config file travelersbackpack-common.toml changed, sending notifies
[18Apr2026 00:44:48.806] [main/DEBUG] [net.minecraftforge.fml.config.ConfigFileTypeHandler/CONFIG]: Watching TOML config file /workspaces/servidor-de-gays/servidor_minecraft/config/betterdeserttemples-forge-1_20.toml for changes
[18Apr2026 00:44:48.808] [Thread-2/DEBUG] [net.minecraftforge.fml.config.ConfigFileTypeHandler/CONFIG]: Config file betterdeserttemples-forge-1_20.toml changed, sending notifies
[18Apr2026 00:44:48.808] [main/DEBUG] [net.minecraftforge.fml.config.ConfigFileTypeHandler/CONFIG]: Built TOML config for /workspaces/servidor-de-gays/servidor_minecraft/config/takesapillage-common.toml
[18Apr2026 00:44:48.808] [main/DEBUG] [net.minecraftforge.fml.config.ConfigFileTypeHandler/CONFIG]: Loaded TOML config file /workspaces/servidor-de-gays/servidor_minecraft/config/takesapillage-common.toml
[18Apr2026 00:44:48.808] [main/DEBUG] [net.minecraftforge.fml.config.ConfigFileTypeHandler/CONFIG]: Watching TOML config file /workspaces/servidor-de-gays/servidor_minecraft/config/takesapillage-common.toml for changes
[18Apr2026 00:44:48.809] [Thread-2/DEBUG] [net.minecraftforge.fml.config.ConfigFileTypeHandler/CONFIG]: Config file betterdeserttemples-forge-1_20.toml changed, sending notifies
[18Apr2026 00:44:48.809] [main/DEBUG] [net.minecraftforge.fml.config.ConfigFileTypeHandler/CONFIG]: Built TOML config for /workspaces/servidor-de-gays/servidor_minecraft/config/betterfortresses-forge-1_20.toml
[18Apr2026 00:44:48.809] [main/DEBUG] [net.minecraftforge.fml.config.ConfigFileTypeHandler/CONFIG]: Loaded TOML config file /workspaces/servidor-de-gays/servidor_minecraft/config/betterfortresses-forge-1_20.toml
[18Apr2026 00:44:48.809] [main/DEBUG] [net.minecraftforge.fml.config.ConfigFileTypeHandler/CONFIG]: Watching TOML config file /workspaces/servidor-de-gays/servidor_minecraft/config/betterfortresses-forge-1_20.toml for changes
[18Apr2026 00:44:48.810] [Thread-2/DEBUG] [net.minecraftforge.fml.config.ConfigFileTypeHandler/CONFIG]: Config file betterfortresses-forge-1_20.toml changed, sending notifies
[18Apr2026 00:44:48.810] [main/DEBUG] [net.minecraftforge.fml.config.ConfigFileTypeHandler/CONFIG]: Built TOML config for /workspaces/servidor-de-gays/servidor_minecraft/config/farmersdelight-common.toml
[18Apr2026 00:44:48.811] [Thread-2/DEBUG] [net.minecraftforge.fml.config.ConfigFileTypeHandler/CONFIG]: Config file betterfortresses-forge-1_20.toml changed, sending notifies
[18Apr2026 00:44:48.811] [main/DEBUG] [net.minecraftforge.fml.config.ConfigFileTypeHandler/CONFIG]: Loaded TOML config file /workspaces/servidor-de-gays/servidor_minecraft/config/farmersdelight-common.toml
[18Apr2026 00:44:48.811] [main/DEBUG] [net.minecraftforge.fml.config.ConfigFileTypeHandler/CONFIG]: Watching TOML config file /workspaces/servidor-de-gays/servidor_minecraft/config/farmersdelight-common.toml for changes
[18Apr2026 00:44:48.812] [Thread-2/DEBUG] [net.minecraftforge.fml.config.ConfigFileTypeHandler/CONFIG]: Config file farmersdelight-common.toml changed, sending notifies
[18Apr2026 00:44:48.813] [main/DEBUG] [net.minecraftforge.fml.config.ConfigFileTypeHandler/CONFIG]: Built TOML config for /workspaces/servidor-de-gays/servidor_minecraft/config/alexscaves-general.toml
[18Apr2026 00:44:48.814] [Thread-2/DEBUG] [net.minecraftforge.fml.config.ConfigFileTypeHandler/CONFIG]: Config file farmersdelight-common.toml changed, sending notifies
[18Apr2026 00:44:48.814] [main/DEBUG] [net.minecraftforge.fml.config.ConfigFileTypeHandler/CONFIG]: Loaded TOML config file /workspaces/servidor-de-gays/servidor_minecraft/config/alexscaves-general.toml
[18Apr2026 00:44:48.814] [main/DEBUG] [net.minecraftforge.fml.config.ConfigFileTypeHandler/CONFIG]: Watching TOML config file /workspaces/servidor-de-gays/servidor_minecraft/config/alexscaves-general.toml for changes
[18Apr2026 00:44:48.828] [Thread-2/DEBUG] [net.minecraftforge.fml.config.ConfigFileTypeHandler/CONFIG]: Config file alexscaves-general.toml changed, sending notifies
[18Apr2026 00:44:48.829] [main/DEBUG] [net.minecraftforge.fml.config.ConfigFileTypeHandler/CONFIG]: Built TOML config for /workspaces/servidor-de-gays/servidor_minecraft/config/morevillagers-common.toml
[18Apr2026 00:44:48.829] [main/DEBUG] [net.minecraftforge.fml.config.ConfigFileTypeHandler/CONFIG]: Loaded TOML config file /workspaces/servidor-de-gays/servidor_minecraft/config/morevillagers-common.toml
[18Apr2026 00:44:48.829] [main/DEBUG] [net.minecraftforge.fml.config.ConfigFileTypeHandler/CONFIG]: Watching TOML config file /workspaces/servidor-de-gays/servidor_minecraft/config/morevillagers-common.toml for changes
[18Apr2026 00:44:48.830] [main/DEBUG] [net.minecraftforge.fml.config.ConfigFileTypeHandler/CONFIG]: Built TOML config for /workspaces/servidor-de-gays/servidor_minecraft/config/fantasy_armor-common.toml
[18Apr2026 00:44:48.830] [main/DEBUG] [net.minecraftforge.fml.config.ConfigFileTypeHandler/CONFIG]: Loaded TOML config file /workspaces/servidor-de-gays/servidor_minecraft/config/fantasy_armor-common.toml
[18Apr2026 00:44:48.830] [main/DEBUG] [net.minecraftforge.fml.config.ConfigFileTypeHandler/CONFIG]: Watching TOML config file /workspaces/servidor-de-gays/servidor_minecraft/config/fantasy_armor-common.toml for changes
[18Apr2026 00:44:48.831] [Thread-2/DEBUG] [net.minecraftforge.fml.config.ConfigFileTypeHandler/CONFIG]: Config file alexscaves-general.toml changed, sending notifies
[18Apr2026 00:44:48.831] [main/DEBUG] [net.minecraftforge.fml.config.ConfigFileTypeHandler/CONFIG]: Built TOML config for /workspaces/servidor-de-gays/servidor_minecraft/config/alexsmobsinteraction-general.toml
[18Apr2026 00:44:48.832] [main/DEBUG] [net.minecraftforge.fml.config.ConfigFileTypeHandler/CONFIG]: Loaded TOML config file /workspaces/servidor-de-gays/servidor_minecraft/config/alexsmobsinteraction-general.toml
[18Apr2026 00:44:48.832] [main/DEBUG] [net.minecraftforge.fml.config.ConfigFileTypeHandler/CONFIG]: Watching TOML config file /workspaces/servidor-de-gays/servidor_minecraft/config/alexsmobsinteraction-general.toml for changes
[18Apr2026 00:44:48.835] [Thread-2/DEBUG] [net.minecraftforge.fml.config.ConfigFileTypeHandler/CONFIG]: Config file alexsmobsinteraction-general.toml changed, sending notifies
[18Apr2026 00:44:48.835] [main/DEBUG] [net.minecraftforge.fml.config.ConfigFileTypeHandler/CONFIG]: Built TOML config for /workspaces/servidor-de-gays/servidor_minecraft/config/fantasy_armor-armor_attributes.toml
[18Apr2026 00:44:48.836] [Thread-2/DEBUG] [net.minecraftforge.fml.config.ConfigFileTypeHandler/CONFIG]: Config file alexsmobsinteraction-general.toml changed, sending notifies
[18Apr2026 00:44:48.838] [Thread-2/DEBUG] [net.minecraftforge.fml.config.ConfigFileTypeHandler/CONFIG]: Config file alexsmobsinteraction-general.toml changed, sending notifies
[18Apr2026 00:44:48.843] [main/DEBUG] [net.minecraftforge.fml.config.ConfigFileTypeHandler/CONFIG]: Loaded TOML config file /workspaces/servidor-de-gays/servidor_minecraft/config/fantasy_armor-armor_attributes.toml
[18Apr2026 00:44:48.844] [main/DEBUG] [net.minecraftforge.fml.config.ConfigFileTypeHandler/CONFIG]: Watching TOML config file /workspaces/servidor-de-gays/servidor_minecraft/config/fantasy_armor-armor_attributes.toml for changes
[18Apr2026 00:44:48.851] [Thread-2/DEBUG] [net.minecraftforge.fml.config.ConfigFileTypeHandler/CONFIG]: Config file fantasy_armor-armor_attributes.toml changed, sending notifies
[18Apr2026 00:44:48.855] [Thread-2/DEBUG] [net.minecraftforge.fml.config.ConfigFileTypeHandler/CONFIG]: Config file fantasy_armor-armor_attributes.toml changed, sending notifies
[18Apr2026 00:44:48.855] [main/DEBUG] [net.minecraftforge.fml.config.ConfigFileTypeHandler/CONFIG]: Built TOML config for /workspaces/servidor-de-gays/servidor_minecraft/config/fantasy_armor-armor_effects.toml
[18Apr2026 00:44:48.855] [main/DEBUG] [net.minecraftforge.fml.config.ConfigFileTypeHandler/CONFIG]: Loaded TOML config file /workspaces/servidor-de-gays/servidor_minecraft/config/fantasy_armor-armor_effects.toml
[18Apr2026 00:44:48.856] [main/DEBUG] [net.minecraftforge.fml.config.ConfigFileTypeHandler/CONFIG]: Watching TOML config file /workspaces/servidor-de-gays/servidor_minecraft/config/fantasy_armor-armor_effects.toml for changes
[18Apr2026 00:44:48.856] [Thread-2/DEBUG] [net.minecraftforge.fml.config.ConfigFileTypeHandler/CONFIG]: Config file fantasy_armor-armor_effects.toml changed, sending notifies
[18Apr2026 00:44:48.857] [Thread-2/DEBUG] [net.minecraftforge.fml.config.ConfigFileTypeHandler/CONFIG]: Config file fantasy_armor-armor_effects.toml changed, sending notifies
[18Apr2026 00:44:48.857] [main/DEBUG] [net.minecraftforge.fml.config.ConfigFileTypeHandler/CONFIG]: Built TOML config for /workspaces/servidor-de-gays/servidor_minecraft/config/curios-common.toml
[18Apr2026 00:44:48.857] [main/DEBUG] [net.minecraftforge.fml.config.ConfigFileTypeHandler/CONFIG]: Loaded TOML config file /workspaces/servidor-de-gays/servidor_minecraft/config/curios-common.toml
[18Apr2026 00:44:48.857] [main/DEBUG] [net.minecraftforge.fml.config.ConfigFileTypeHandler/CONFIG]: Watching TOML config file /workspaces/servidor-de-gays/servidor_minecraft/config/curios-common.toml for changes
[18Apr2026 00:44:48.858] [Thread-2/DEBUG] [net.minecraftforge.fml.config.ConfigFileTypeHandler/CONFIG]: Config file curios-common.toml changed, sending notifies
[18Apr2026 00:44:48.858] [main/DEBUG] [net.minecraftforge.fml.config.ConfigFileTypeHandler/CONFIG]: Built TOML config for /workspaces/servidor-de-gays/servidor_minecraft/config/betterstrongholds-forge-1_20.toml
[18Apr2026 00:44:48.858] [Thread-2/DEBUG] [net.minecraftforge.fml.config.ConfigFileTypeHandler/CONFIG]: Config file curios-common.toml changed, sending notifies
[18Apr2026 00:44:48.858] [main/DEBUG] [net.minecraftforge.fml.config.ConfigFileTypeHandler/CONFIG]: Loaded TOML config file /workspaces/servidor-de-gays/servidor_minecraft/config/betterstrongholds-forge-1_20.toml
[18Apr2026 00:44:48.858] [main/DEBUG] [net.minecraftforge.fml.config.ConfigFileTypeHandler/CONFIG]: Watching TOML config file /workspaces/servidor-de-gays/servidor_minecraft/config/betterstrongholds-forge-1_20.toml for changes
[18Apr2026 00:44:48.860] [Thread-2/DEBUG] [net.minecraftforge.fml.config.ConfigFileTypeHandler/CONFIG]: Config file betterstrongholds-forge-1_20.toml changed, sending notifies
[18Apr2026 00:44:48.860] [main/DEBUG] [net.minecraftforge.fml.config.ConfigFileTypeHandler/CONFIG]: Built TOML config for /workspaces/servidor-de-gays/servidor_minecraft/config/alexsmobs.toml
[18Apr2026 00:44:48.861] [Thread-2/DEBUG] [net.minecraftforge.fml.config.ConfigFileTypeHandler/CONFIG]: Config file betterstrongholds-forge-1_20.toml changed, sending notifies
[18Apr2026 00:44:48.863] [main/DEBUG] [net.minecraftforge.fml.config.ConfigFileTypeHandler/CONFIG]: Loaded TOML config file /workspaces/servidor-de-gays/servidor_minecraft/config/alexsmobs.toml
[18Apr2026 00:44:48.864] [main/DEBUG] [net.minecraftforge.fml.config.ConfigFileTypeHandler/CONFIG]: Watching TOML config file /workspaces/servidor-de-gays/servidor_minecraft/config/alexsmobs.toml for changes
[18Apr2026 00:44:48.909] [main/DEBUG] [net.minecraftforge.fml.config.ConfigFileTypeHandler/CONFIG]: Built TOML config for /workspaces/servidor-de-gays/servidor_minecraft/config/betterendisland-forge-1_20.toml
[18Apr2026 00:44:48.910] [main/DEBUG] [net.minecraftforge.fml.config.ConfigFileTypeHandler/CONFIG]: Loaded TOML config file /workspaces/servidor-de-gays/servidor_minecraft/config/betterendisland-forge-1_20.toml
[18Apr2026 00:44:48.910] [main/DEBUG] [net.minecraftforge.fml.config.ConfigFileTypeHandler/CONFIG]: Watching TOML config file /workspaces/servidor-de-gays/servidor_minecraft/config/betterendisland-forge-1_20.toml for changes
[18Apr2026 00:44:48.911] [main/DEBUG] [net.minecraftforge.fml.config.ConfigFileTypeHandler/CONFIG]: Built TOML config for /workspaces/servidor-de-gays/servidor_minecraft/config/bettermineshafts-forge-1_20.toml
[18Apr2026 00:44:48.911] [Thread-2/DEBUG] [net.minecraftforge.fml.config.ConfigFileTypeHandler/CONFIG]: Config file alexsmobs.toml changed, sending notifies
[18Apr2026 00:44:48.911] [main/DEBUG] [net.minecraftforge.fml.config.ConfigFileTypeHandler/CONFIG]: Loaded TOML config file /workspaces/servidor-de-gays/servidor_minecraft/config/bettermineshafts-forge-1_20.toml
[18Apr2026 00:44:48.912] [main/DEBUG] [net.minecraftforge.fml.config.ConfigFileTypeHandler/CONFIG]: Watching TOML config file /workspaces/servidor-de-gays/servidor_minecraft/config/bettermineshafts-forge-1_20.toml for changes
[18Apr2026 00:44:48.913] [main/DEBUG] [net.minecraftforge.fml.config.ConfigFileTypeHandler/CONFIG]: Built TOML config for /workspaces/servidor-de-gays/servidor_minecraft/config/betterjungletemples-forge-1_20.toml
[18Apr2026 00:44:48.913] [main/DEBUG] [net.minecraftforge.fml.config.ConfigFileTypeHandler/CONFIG]: Loaded TOML config file /workspaces/servidor-de-gays/servidor_minecraft/config/betterjungletemples-forge-1_20.toml
[18Apr2026 00:44:48.913] [main/DEBUG] [net.minecraftforge.fml.config.ConfigFileTypeHandler/CONFIG]: Watching TOML config file /workspaces/servidor-de-gays/servidor_minecraft/config/betterjungletemples-forge-1_20.toml for changes
[18Apr2026 00:44:48.918] [modloading-worker-0/INFO] [xaero.lib.XaeroLib/]: Loading XaeroLib common 1/2!
[18Apr2026 00:44:48.926] [modloading-worker-0/INFO] [com.lootintegrations.LootintegrationsMod/]: lootintegrations mod initialized
[18Apr2026 00:44:48.930] [modloading-worker-0/INFO] [Dungeon Crawl/]: Common Setup
[18Apr2026 00:44:48.949] [Forge Version Check/INFO] [net.minecraftforge.fml.VersionChecker/]: [travelersbackpack] Starting version check at https://gist.githubusercontent.com/Tiviacz1337/906937677aa472285dff9d6c2a189d5e/raw
[18Apr2026 00:44:48.966] [modloading-worker-0/DEBUG] [mixin/]: Mixing MixinSlotAttribute from curios.mixins.json into top.theillusivec4.curios.api.SlotAttribute
[18Apr2026 00:44:48.975] [modloading-worker-0/DEBUG] [mixin/]: Mixing MixinCuriosApi from curios.mixins.json into top.theillusivec4.curios.api.CuriosApi
[18Apr2026 00:44:48.997] [modloading-worker-0/DEBUG] [mixin/]: Mixing MixinPlayerList from xaerolib.mixins.json into net.minecraft.server.players.PlayerList
[18Apr2026 00:44:48.998] [modloading-worker-0/DEBUG] [mixin/]: Mixing MixinPlayerList from xaeroworldmap.mixins.json into net.minecraft.server.players.PlayerList
[18Apr2026 00:44:48.999] [modloading-worker-0/DEBUG] [mixin/]: Mixing MixinPlayerList from xaerohud.mixins.json into net.minecraft.server.players.PlayerList
[18Apr2026 00:44:49.031] [Forge Version Check/DEBUG] [net.minecraftforge.fml.VersionChecker/]: [travelersbackpack] Received version check data:
{ 
        "homepage": "https://www.curseforge.com/minecraft/mc-mods/travelers-backpack", 
        "promos": {
		"1.20.4-recommended": "9.4.2",
		"1.20.4-latest": "9.4.2",
		"1.20.2-recommended": "9.2.4",
		"1.20.2-latest": "9.2.4",
		"1.20.1-recommended": "9.1.16",
		"1.20.1-latest": "9.1.16",
		"1.20-recommended": "9.0.2",
		"1.20-latest": "9.0.2",
		"1.19.4-recommended": "8.4.20",
		"1.19.4-latest": "8.4.20",
		"1.19.3-recommended": "8.3.9",
		"1.19.3-latest": "8.3.9",
		"1.19.2-recommended": "8.2.40",
		"1.19.2-latest": "8.2.40",
		"1.19.1-recommended": "8.1.1",
		"1.19.1-latest": "8.1.1",
		"1.19-recommended": "8.0.8",
		"1.19-latest": "8.0.8",
		"1.18.2-recommended": "7.1.48",
		"1.18.2-latest": "7.1.48",
		"1.18.1-recommended": "7.0.4",
		"1.18.1-latest": "7.0.5",
		"1.17.1-recommended": "6.0.52",
		"1.17.1-latest": "6.0.52",
		"1.16.5-recommended": "5.4.51",
		"1.16.5-latest": "5.4.51",
		"1.16.4-recommended": "5.3.8",
		"1.16.4-latest": "5.3.8",
		"1.16.3-recommended": "5.2.1",
		"1.16.3-latest": "5.2.1",
		"1.16.2-recommended": "5.1.1",
		"1.16.2-latest": "5.1.1",
		"1.16.1-recommended": "5.0.1",
		"1.16.1-latest": "5.0.1",
		"1.15.2-recommended": "4.0.8",
		"1.15.2-latest": "4.0.8",
		"1.14.4-recommended": "3.0.8",
		"1.14.4-latest": "3.0.8",
                "1.12.2-recommended": "1.0.34",
		"1.12.2-latest": "1.0.34"
        }, 
        "1.12.2": {
			"0.0.3a": "Added sleeping bag",
			"0.0.4a": "Added ability to wear backpack on player's back!",
			"0.0.5a": "Implemented swapping between tools!",
			"0.0.6a": "Added missing recipe for sleeping bag",
			"0.0.7a": "Fixes for server",
			"0.0.8a": "Added backpack renderer on player's back!",
			"0.0.9a": "Added tools render on backpack",
			"0.1.0a": "Fixed tile entity data loading",
			"0.1.1a": "Added hose, bug fixes",
			"0.1.2a": "Fixed server crash",
			"0.1.3a": "Added more backpack types!",
			"0.1.4a": "Added fluid render to block and wearable model",
			"0.1.5a": "Fixed some bugs and added more custom backpacks",
			"0.1.6a": "Added potions as fluids!",
			"0.1.7a": "Fixed rendering-thing on server",
			"0.1.8a": "Fixed some minor issues",
			"1.0.19.19": "First beta release",
			"1.0.20.20": "Mainly bug fixes",
			"1.0.21.21": "Bug fixes",
			"1.0.22.22": "Added backpack abilities",
			"1.0.23.23": "Bug fixes",
			"1.0.24.24": "Bug fixes",
			"1.0.25.25": "Bug fixes",
			"1.0.26.26": "Fixed NPE",
			"1.0.27": "Capability code clean-up, bug fix",
			"1.0.28": "Mod ID change, see note in 1.0.28 on the site",
			"1.0.29": "Mod ID change, see note in 1.0.29 on the site",
			"1.0.30": "Bug fixes, standard backpack texture improvements",
			"1.0.31": "Fixed bug that causes buckets to dissapear",
			"1.0.32": "Added in-game warning about modid change and method to keep backpacks after updating to newer version",
			"1.0.33": "Fixed backpack dissapear in explosions",
			"1.0.34": "Mainly bug fixes",
			"1.0.35": "Misc bug fixes"
        },
	"1.14.4":  { 
			"3.0.7": "Initial port",
			"3.0.8": "Compatibility for modded tools"
	},
	"1.15.2":  {
      			"4.0.0": "Initial port",
			"4.0.1": "FPS bug fix",
			"4.0.2": "Fixed unwanted backpack placement after death",
			"4.0.3": "Fixed NPE while using sleeping bag",
			"4.0.4": "Fixed crash, updated few textures",
			"4.0.5": "Bug fixes",
			"4.0.6": "Fixed backpack dissapear in explosions",
			"4.0.7": "Keybind for tool cycle",
			"4.0.8": "Compatibility for modded tools"
	},
	"1.16.1":  { 
			"5.0.0": "Initial port",
			"5.0.1": "Fixed backpack not saving contents, compatibility for modded tools"
	},
	"1.16.2":  { 
			"5.1.0": "Initial port",
			"5.1.1": "Fixed server crashes, backpack not saving contents, compatibility for modded tools"
	},
	"1.16.3":  { 
			"5.2.1": "Initial port"
	},
	"1.16.4":  { 
			"5.3.1": "Initial port",
			"5.3.2": "Bug fixes, game-breaking change",
			"5.3.3": "A lot of bug fixes",
			"5.3.4": "Dupe bug fix",
			"5.3.5": "Curios integration",
			"5.3.6": "Crafting grid dupe bug fix",
			"5.3.7": "Crash fix, curiosIntegration option migration",
			"5.3.8": "Fixed item saving bug"
	},
	"1.16.5":  { 
			"5.3.8": "Fixed item saving bug",
			"5.4.0": "Few new custom backpacks",
			"5.4.1": "Fixed villager trades",
			"5.4.2": "Fixed crash with turkish language and small tweaks",
			"5.4.3": "Fixed dupe bug",
			"5.4.4": "JEI dupe bug fix and more",
			"5.4.5": "Dyeable backpacks update! :>",
			"5.4.6": "More backpacks and bug fixes",
			"5.4.7": "Exploit and bug fixes",
			"5.4.8": "Fixed spawn point setting",
			"5.4.9": "20 new backpacks",
			"5.4.10": "Added backpack abilties",
			"5.4.11": "Code cleanup",
			"5.4.12": "Fixed crash",
			"5.4.13": "Added sorting buttons",
			"5.4.14": "Fixed LAN crash",
			"5.4.15": "Fixed few bugs",
			"5.4.16": "Fixed crash",
			"5.4.17": "Fixed bugs",
			"5.4.18": "Fixed crash",
			"5.4.19": "Fixed curio dupe bug",
			"5.4.20": "Added 9 new abilities",
			"5.4.21": "Added too many backpacks slowness effect",
			"5.4.22": "Fixed abilities",
			"5.4.23": "Added colorable sleeping bags",
			"5.4.24": "Bug fixes",
			"5.4.25": "Added slot memory",
			"5.4.26": "Added dedicated settings menu",
			"5.4.28": "Added milk and milk effect",
			"5.4.29": "Mobs can spawn with backpack equipped",
			"5.4.31": "Added /restore command",
			"5.4.32": "Added void protection config option",
			"5.4.33": "Fixed bad coded coordinates",
			"5.4.35": "Tweaked config and commands",
			"5.4.36": "Added backpack tiers",
			"5.4.37": "Changed tier upgrades recipes",
			"5.4.38": "Added enableTierUpgrades config option",
			"5.4.39": "Added Crafting widget",
			"5.4.40": "Fixed dupe bug",
			"5.4.41": "Backpack can be placed in fluids after death",
			"5.4.42": "Added compat with gravestone mods",
			"5.4.43": "Tweaked some recipes",
			"5.4.44": "Misc",
			"5.4.45": "Misc",
			"5.4.46": "Misc",
			"5.4.47": "Added tool slots widget",
			"5.4.48": "Fixed few bugs",
			"5.4.49": "Shift + Right Click with Empty Hand allows to place backpack on the ground",
			"5.4.50": "Sleeping bag can be used without backpack",
			"5.4.51": "Added loot to chests and fixed bugs"
	},
	"1.17.1":  { 
			"6.0.0": "Initial Release",
			"6.0.1": "Fixed datapack issue",
			"6.0.2": "Fixed crash with newest Forge",
			"6.0.3": "Fixed backpack disappearing on death",
			"6.0.4": "JEI integration and more",
			"6.0.5": "Dyeable backpacks update! :>",
			"6.0.6": "More backpacks and bug fixes",
			"6.0.7": "Fixed significant FPS drop",
			"6.0.8": "Fixed dupe bug",
			"6.0.9": "Fixed spawn point setting",
			"6.0.10": "20 new backpacks",
			"6.0.11": "Added backpack abilties",
			"6.0.12": "Code cleanup",
			"6.0.13": "Fixed crash",
			"6.0.14": "Added sorting buttons",
			"6.0.15": "Fixed LAN crash",
			"6.0.16": "Fixed few bugs",
			"6.0.17": "Fixed crash",
			"6.0.18": "Fixed bugs",
			"6.0.19": "Fixed crash",
			"6.0.20": "Fixed curio dupe bug",
			"6.0.21": "Added 9 new abilities",
			"6.0.22": "Added too many backpacks slowness effect",
			"6.0.23": "Fixed abilities",
			"6.0.24": "Added colorable sleeping bags",
			"6.0.25": "Bug fixes",
			"6.0.26": "Added slot memory",
			"6.0.27": "Added dedicated settings menu",
			"6.0.29": "Added milk and milk effect",
			"6.0.30": "Mobs can spawn with backpack equipped",
			"6.0.32": "Added /restore command",
			"6.0.33": "Added void protection config option",
			"6.0.34": "Fixed bad coded coordinates",
			"6.0.36": "Tweaked config and commands",
			"6.0.37": "Added backpack Tiers",
			"6.0.38": "Changed tier upgrades recipes",
			"6.0.39": "Added enableTierUpgrades config option",
			"6.0.40": "Added Crafting widget",
			"6.0.41": "Fixed dupe bug",
			"6.0.42": "Backpack can be placed in fluids after death",
			"6.0.43": "Added compat with gravestone mods",
			"6.0.44": "Added inventory tooltip in preview",
			"6.0.45": "Misc",
			"6.0.46": "Misc",
			"6.0.47": "Misc",
			"6.0.48": "Added tool slots widget",
			"6.0.49": "Fixed few bugs",
			"6.0.50": "Shift + Right Click with Empty Hand allows to place backpack on the ground",
			"6.0.51": "Sleeping bag can be used without backpack",
			"6.0.52": "Added loot to chests and fixed bugs"
	},
	"1.18.1":  { 
			"7.0.0": "Initial Release",
			"7.0.1": "Backpack lose items bug fix",
			"7.0.2": "New backpacks",
			"7.0.3": "Fixed dupe bug",
			"7.0.4": "Fixed spawn point setting"
	},
	"1.18.2":  { 
			"7.1.0": "Initial Release",
			"7.1.1": "Fixed spawn point setting",
			"7.1.2": "20 new backpacks",
			"7.1.3": "Added backpack abilties",
			"7.1.4": "Code cleanup",
			"7.1.5": "Fixed bug with duplicating buckets",
			"7.1.6": "Fixed crash",
			"7.1.7": "Added sorting buttons",
			"7.1.8": "Fixed LAN crash",
			"7.1.9": "Fixed few bugs",
			"7.1.10": "Fixed crash",
			"7.1.11": "Fixed bugs",
			"7.1.12": "Fixed crash",
			"7.1.13": "Fixed curio dupe bug",
			"7.1.14": "Added 9 new abilities",
			"7.1.15": "Added too many backpacks slowness effect",
			"7.1.16": "Fixed abilities",
			"7.1.17": "Added colorable sleeping bags",
			"7.1.18": "Bug fixes",
			"7.1.20": "Added slot memory",
			"7.1.21": "Added dedicated settings menu",
			"7.1.23": "Added milk and milk effect",
			"7.1.24": "Mobs can spawn with backpack equipped",
			"7.1.26": "Added /restore command",
			"7.1.27": "Added void protection config option",
			"7.1.28": "Fixed bad coded coordinates",
			"7.1.30": "Tweaked config and commands",
			"7.1.31": "Added backpack Tiers",
			"7.1.32": "Changed tier upgrades recipes",
			"7.1.33": "Added enableTierUpgrades config option",
			"7.1.34": "Added Crafting widget",
			"7.1.35": "Fixed dupe bug",
			"7.1.36": "Backpack can be placed in fluids after death",
			"7.1.37": "Added compat with gravestone mods",
			"7.1.38": "Added inventory preview in tooltip",
			"7.1.39": "Misc",
			"7.1.40": "Misc",
			"7.1.41": "Misc",
			"7.1.42": "Added tool slots widget",
			"7.1.43": "Fixed few bugs",
			"7.1.44": "Shift + Right Click with Empty Hand allows to place backpack on the ground",
			"7.1.45": "Sleeping bag can be used without backpack",
			"7.1.46": "Added loot to chests and fixed bugs",
			"7.1.47": "Configuration for backpack slots",
			"7.1.48": "Added recipes to recipe book"
			
	},
	"1.19":  { 
			"8.0.0": "Initial Release",
			"8.0.1": "Fixed crashes",
			"8.0.2": "20 new backpacks",
			"8.0.3": "Added backpack abilties",
			"8.0.4": "Updated Forge",
			"8.0.5": "Fixed few bugs",
			"8.0.6": "Code cleanup",
			"8.0.7": "Fixed crash",
			"8.0.8": "Added sorting buttons"
	},
	"1.19.1":  { 
			"8.1.0": "Initial Release",
			"8.1.1": "Fixed LAN crash"
	},
	"1.19.2":  { 
			"8.2.0": "Initial Release",
			"8.2.1": "Fixed few bugs",
			"8.2.2": "Fixed crash",
			"8.2.3": "Fixed bugs",
			"8.2.4": "Fixed crash",
			"8.2.5": "Fixed curio dupe bug",
			"8.2.6": "Added 9 new abilities",
			"8.2.7": "Added too many backpacks slowness effect",
			"8.2.8": "Fixed abilities",
			"8.2.9": "Added colorable sleeping bags",
			"8.2.10": "Bug fixes",
			"8.2.11": "Added slot memory",
			"8.2.12": "Added dedicated settings menu",
			"8.2.14": "Added milk and milk effect",
			"8.2.15": "Mobs can spawn with backpack equipped",
			"8.2.17": "Added /restore command",
			"8.2.18": "Added void protection config option",
			"8.2.19": "Fixed bad coded coordinates",
			"8.2.21": "Tweaked config and commands",
			"8.2.22": "Added backpack tiers",
			"8.2.23": "Changed tier upgrades recipes",
			"8.2.24": "Missing texture hotfix",
			"8.2.25": "Added enableTierUpgrades config option",
			"8.2.26": "Added Crafting widget",
			"8.2.27": "Fixed dupe bug",
			"8.2.28": "Backpack can be placed in fluids after death",
			"8.2.29": "Added compat with gravestone mods",
			"8.2.30": "Added inventory preview in tooltip",
			"8.2.31": "Misc",
			"8.2.32": "Misc",
			"8.2.33": "Misc",
			"8.2.34": "Added tool slots widget",
			"8.2.35": "Fixed few bugs",
			"8.2.36": "Shift + Right Click with Empty Hand allows to place backpack on the ground",
			"8.2.37": "Sleeping bag can be used without backpack",
			"8.2.38": "Added loot to chests and fixed bugs",
			"8.2.39": "Configuration for backpack slots",
			"8.2.40": "Added recipes to recipe book"
	},
	"1.19.3":  { 
			"8.3.0": "Initial Release",
			"8.3.2": "Added milk and milk effect",
			"8.3.3": "Mobs can spawn with backpack equipped",
			"8.3.5": "Added /restore command",
			"8.2.6": "Added void protection config option",
			"8.2.7": "Fixed bad coded coordinates",
			"8.2.9": "Tweaked config and commands"
	},
	"1.19.4":  { 
			"8.4.2": "Tweaked config and commands",
			"8.4.3": "Added backpack tiers",
			"8.4.4": "Changed tier upgrades recipes",
			"8.4.5": "Added enableTierUpgrades config option",
			"8.4.6": "Added support for new smithing table",
			"8.4.7": "Added support for new smithing table",
			"8.4.8": "Added Crafting widget",
			"8.4.9": "Fixed dupe bug",
			"8.4.10": "Backpack can be placed in fluids after death",
			"8.4.11": "Added compat with gravestone mods",
			"8.4.12": "Added inventory preview in tooltip",
			"8.4.13": "Misc",
			"8.4.14": "Misc",
			"8.4.15": "Misc",
			"8.4.16": "Added tool slots widget",
			"8.4.17": "Fixed few bugs",
			"8.4.18": "Shift + Right Click with Empty Hand allows to place backpack on the ground",
			"8.4.19": "Sleeping bag can be used without backpack",
			"8.4.20": "Added loot to chests and fixed bugs"
	},
	"1.20":  { 
			"9.0.0": "Initial update",
			"9.0.1": "Fixed disappearing backpack on contact with water",
			"9.0.2": "Fixed smithing bug and restored Curios compat"
	},
	"1.20.1":  { 
			"9.1.0": "Initial update",
			"9.1.1": "Initial update",
			"9.1.2": "Fixed dupe bug",
			"9.1.3": "Added compat with gravestone mods",
			"9.1.4": "Added inventory preview in tooltip",
			"9.1.5": "Misc",
			"9.1.6": "Misc",
			"9.1.7": "Misc",
			"9.1.8": "Added tool slots widget",
			"9.1.9": "Fixed few bugs",
			"9.1.10": "Shift + Right Click with Empty Hand allows to place backpack on the ground",
			"9.1.11": "Sleeping bag can be used without backpack",
			"9.1.12": "Configuration for backpack slots",
			"9.1.13": "Added loot to chests and fixed bugs",
			"9.1.14": "Added recipes to recipe book",
			"9.1.15": "Improvements",
			"9.1.16": "Stopped excessive drops of backpack from mob farms, added visibility button, fixed some bugs"
	},
	"1.20.2":  { 
			"9.2.0": "Initial update",
			"9.2.1": "Fixed few bugs",
			"9.2.2": "Shift + Right Click with Empty Hand allows to place backpack on the ground",
			"9.2.3": "Sleeping bag can be used without backpack",
			"9.2.4": "Added loot to chests and fixed bugs"
	},
	"1.20.4":  { 
			"9.4.0": "Initial update",
			"9.4.1": "Configuration for backpack slots",
			"9.4.2": "Added recipes to recipe book"
	}
}
[18Apr2026 00:44:49.034] [Forge Version Check/INFO] [net.minecraftforge.fml.VersionChecker/]: [travelersbackpack] Found status: AHEAD Current: 9.1.53 Target: null
[18Apr2026 00:44:49.035] [Forge Version Check/INFO] [net.minecraftforge.fml.VersionChecker/]: [forge] Starting version check at https://files.minecraftforge.net/net/minecraftforge/forge/promotions_slim.json
[18Apr2026 00:44:49.083] [modloading-worker-0/DEBUG] [patchouli/]: Instantiating xplat impl: vazkii.patchouli.forge.xplat.ForgeXplatImpl
[18Apr2026 00:44:49.192] [main/DEBUG] [net.minecraftforge.fml.DeferredWorkQueue/LOADING]: Dispatching synchronous work for work queue COMMON_SETUP: 23 jobs
[18Apr2026 00:44:49.223] [Forge Version Check/DEBUG] [net.minecraftforge.fml.VersionChecker/]: [forge] Received version check data:
{
  "homepage": "https://files.minecraftforge.net/net/minecraftforge/forge/",
  "promos": {
    "1.1-latest": "1.3.4.29",
    "1.2.3-latest": "1.4.1.64",
    "1.2.4-latest": "2.0.0.68",
    "1.2.5-latest": "3.4.9.171",
    "1.3.2-latest": "4.3.5.318",
    "1.4.0-latest": "5.0.0.326",
    "1.4.1-latest": "6.0.0.329",
    "1.4.2-latest": "6.0.1.355",
    "1.4.3-latest": "6.2.1.358",
    "1.4.4-latest": "6.3.0.378",
    "1.4.5-latest": "6.4.2.448",
    "1.4.6-latest": "6.5.0.489",
    "1.4.7-latest": "6.6.2.534",
    "1.5-latest": "7.7.0.598",
    "1.5.1-latest": "7.7.2.682",
    "1.5.2-latest": "7.8.1.738",
    "1.5.2-recommended": "7.8.1.738",
    "1.6.1-latest": "8.9.0.775",
    "1.6.2-latest": "9.10.1.871",
    "1.6.2-recommended": "9.10.1.871",
    "1.6.3-latest": "9.11.0.878",
    "1.6.4-latest": "9.11.1.1345",
    "1.6.4-recommended": "9.11.1.1345",
    "1.7.2-latest": "10.12.2.1161",
    "1.7.2-recommended": "10.12.2.1161",
    "1.7.10-latest": "10.13.4.1614",
    "1.7.10-recommended": "10.13.4.1614",
    "1.8-latest": "11.14.4.1577",
    "1.8-recommended": "11.14.4.1563",
    "1.8.8-latest": "11.15.0.1655",
    "1.8.9-latest": "11.15.1.2318",
    "1.8.9-recommended": "11.15.1.2318",
    "1.9-latest": "12.16.1.1938",
    "1.9-recommended": "12.16.1.1887",
    "1.9.4-latest": "12.17.0.2317",
    "1.9.4-recommended": "12.17.0.2317",
    "1.10-latest": "12.18.0.2000",
    "1.10.2-latest": "12.18.3.2511",
    "1.10.2-recommended": "12.18.3.2511",
    "1.11-latest": "13.19.1.2199",
    "1.11-recommended": "13.19.1.2189",
    "1.11.2-latest": "13.20.1.2588",
    "1.11.2-recommended": "13.20.1.2588",
    "1.12-latest": "14.21.1.2443",
    "1.12-recommended": "14.21.1.2387",
    "1.12.1-latest": "14.22.1.2485",
    "1.12.1-recommended": "14.22.1.2478",
    "1.12.2-latest": "14.23.5.2864",
    "1.12.2-recommended": "14.23.5.2859",
    "1.13.2-latest": "25.0.223",
    "1.14.2-latest": "26.0.63",
    "1.14.3-latest": "27.0.60",
    "1.14.4-latest": "28.2.28",
    "1.14.4-recommended": "28.2.26",
    "1.15-latest": "29.0.4",
    "1.15.1-latest": "30.0.51",
    "1.15.2-latest": "31.2.60",
    "1.15.2-recommended": "31.2.57",
    "1.16.1-latest": "32.0.108",
    "1.16.2-latest": "33.0.61",
    "1.16.3-latest": "34.1.42",
    "1.16.3-recommended": "34.1.0",
    "1.16.4-latest": "35.1.37",
    "1.16.4-recommended": "35.1.4",
    "1.16.5-latest": "36.2.42",
    "1.16.5-recommended": "36.2.34",
    "1.17.1-latest": "37.1.1",
    "1.17.1-recommended": "37.1.1",
    "1.18-latest": "38.0.17",
    "1.18.1-latest": "39.1.2",
    "1.18.1-recommended": "39.1.0",
    "1.18.2-recommended": "40.3.0",
    "1.18.2-latest": "40.3.12",
    "1.19-latest": "41.1.0",
    "1.19-recommended": "41.1.0",
    "1.19.1-latest": "42.0.9",
    "1.19.2-recommended": "43.5.0",
    "1.19.2-latest": "43.5.2",
    "1.19.3-latest": "44.1.23",
    "1.19.3-recommended": "44.1.0",
    "1.19.4-recommended": "45.4.0",
    "1.19.4-latest": "45.4.3",
    "1.20-latest": "46.0.14",
    "1.20.1-recommended": "47.4.10",
    "1.20.1-latest": "47.4.20",
    "1.20.2-latest": "48.1.0",
    "1.20.2-recommended": "48.1.0",
    "1.20.3-latest": "49.0.2",
    "1.20.4-latest": "49.2.7",
    "1.20.4-recommended": "49.2.0",
    "1.20.6-latest": "50.2.8",
    "1.20.6-recommended": "50.2.0",
    "1.21-latest": "51.0.33",
    "1.21.1-latest": "52.1.14",
    "1.21.1-recommended": "52.1.0",
    "1.21.3-latest": "53.1.10",
    "1.21.3-recommended": "53.1.0",
    "1.21.4-latest": "54.1.16",
    "1.21.4-recommended": "54.1.14",
    "1.21.5-latest": "55.1.10",
    "1.21.5-recommended": "55.1.0",
    "1.21.6-latest": "56.0.9",
    "1.21.7-latest": "57.0.3",
    "1.21.8-latest": "58.1.18",
    "1.21.8-recommended": "58.1.0",
    "1.21.9-latest": "59.0.5",
    "1.21.10-latest": "60.1.9",
    "1.21.10-recommended": "60.1.0",
    "1.21.11-latest": "61.1.5",
    "1.21.11-recommended": "61.1.0",
    "26.1-latest": "62.0.9",
    "26.1.1-latest": "63.0.2",
    "26.1.2-latest": "64.0.4"
  }
}
[18Apr2026 00:44:49.224] [Forge Version Check/INFO] [net.minecraftforge.fml.VersionChecker/]: [forge] Found status: OUTDATED Current: 47.3.7 Target: 47.4.10
[18Apr2026 00:44:49.247] [main/INFO] [com.tiviacz.travelersbackpack.TravelersBackpack/]: Registered the FluidEffect with Unique ID of minecraft:water for Water (Fluid Amount Required: 1000) with the ID 0
[18Apr2026 00:44:49.247] [main/INFO] [com.tiviacz.travelersbackpack.TravelersBackpack/]: Registered the FluidEffect with Unique ID of minecraft:lava for Lava (Fluid Amount Required: 1000) with the ID 1
[18Apr2026 00:44:49.248] [main/INFO] [com.tiviacz.travelersbackpack.TravelersBackpack/]: Registered the FluidEffect with Unique ID of travelersbackpack:potion for Uncraftable Potion (Fluid Amount Required: 250) with the ID 2
[18Apr2026 00:44:49.248] [main/INFO] [com.tiviacz.travelersbackpack.TravelersBackpack/]: Registered the FluidEffect with Unique ID of minecraft:milk for Milk (Fluid Amount Required: 1000) with the ID 3
[18Apr2026 00:44:49.277] [main/DEBUG] [mixin/]: Mixing MapDecorationTypeMixin from alexscaves.mixins.json into net.minecraft.world.level.saveddata.maps.MapDecoration$Type
[18Apr2026 00:44:49.278] [main/DEBUG] [mixin/]: Renaming @Invoker method ac_invokeInit(Ljava/lang/String;IZIZ)Lnet/minecraft/world/level/saveddata/maps/MapDecoration$Type; to ac_invokeInit_$md$6e0ffb$0 in alexscaves.mixins.json:MapDecorationTypeMixin
[18Apr2026 00:44:49.340] [main/DEBUG] [net.minecraftforge.fml.DeferredWorkQueue/LOADING]: Synchronous work queue completed in 146.5 ms
[18Apr2026 00:44:49.343] [modloading-worker-0/INFO] [xaero.lib.XaeroLib/]: Loading XaeroLib server 1/2!
[18Apr2026 00:44:49.344] [modloading-worker-0/INFO] [xaero.map.server.WorldMapServer/]: Loading Xaero's World Map - Stage 1/2 (Server)
[18Apr2026 00:44:49.357] [modloading-worker-0/INFO] [xaero.minimap.XaeroMinimap/]: Loading Xaero's Minimap - Stage 1/2 (Server)
[18Apr2026 00:44:49.361] [main/DEBUG] [net.minecraftforge.fml.DeferredWorkQueue/LOADING]: Dispatching synchronous work for work queue SIDED_SETUP: 3 jobs
[18Apr2026 00:44:49.362] [main/INFO] [xaero.lib.XaeroLib/]: Loading XaeroLib common 2/2!
[18Apr2026 00:44:49.362] [main/INFO] [xaero.lib.XaeroLib/]: Loading XaeroLib server 2/2!
[18Apr2026 00:44:49.365] [main/INFO] [xaero.map.server.WorldMapServer/]: Loading Xaero's World Map - Stage 2/2 (Server)
[18Apr2026 00:44:49.368] [main/INFO] [xaero.minimap.XaeroMinimap/]: Loading Xaero's Minimap - Stage 2/2 (Server)
[18Apr2026 00:44:49.373] [main/DEBUG] [net.minecraftforge.fml.DeferredWorkQueue/LOADING]: Synchronous work queue completed in 11.82 ms
[18Apr2026 00:44:49.515] [main/DEBUG] [net.minecraftforge.fml.DeferredWorkQueue/LOADING]: Dispatching synchronous work for work queue COMPLETE: 2 jobs
[18Apr2026 00:44:49.521] [main/DEBUG] [net.minecraftforge.fml.DeferredWorkQueue/LOADING]: Synchronous work queue completed in 5.621 ms
[18Apr2026 00:44:51.714] [main/INFO] [com.mojang.authlib.yggdrasil.YggdrasilAuthenticationService/]: Environment: authHost='https://authserver.mojang.com', accountsHost='https://api.mojang.com', sessionHost='https://sessionserver.mojang.com', servicesHost='https://api.minecraftservices.com', name='PROD'
[18Apr2026 00:44:53.219] [main/WARN] [net.minecraft.server.packs.VanillaPackResourcesBuilder/]: Assets URL 'union:/workspaces/servidor-de-gays/servidor_minecraft/libraries/net/minecraft/server/1.20.1-20230612.114412/server-1.20.1-20230612.114412-srg.jar%23247!/assets/.mcassetsroot' uses unexpected schema
[18Apr2026 00:44:53.219] [main/WARN] [net.minecraft.server.packs.VanillaPackResourcesBuilder/]: Assets URL 'union:/workspaces/servidor-de-gays/servidor_minecraft/libraries/net/minecraft/server/1.20.1-20230612.114412/server-1.20.1-20230612.114412-srg.jar%23247!/data/.mcassetsroot' uses unexpected schema
[18Apr2026 00:44:53.273] [main/DEBUG] [net.minecraftforge.server.ServerLifecycleHooks/CORE]: Generating PackInfo named mod:betterdungeons for mod file /workspaces/servidor-de-gays/servidor_minecraft/mods/YungsBetterDungeons-1.20-Forge-4.0.4.jar
[18Apr2026 00:44:53.274] [main/DEBUG] [net.minecraftforge.server.ServerLifecycleHooks/CORE]: Generating PackInfo named mod:villagesandpillages for mod file /workspaces/servidor-de-gays/servidor_minecraft/mods/villagesandpillages-forge-mc1.20.1-1.0.2.jar
[18Apr2026 00:44:53.274] [main/DEBUG] [net.minecraftforge.server.ServerLifecycleHooks/CORE]: Generating PackInfo named mod:lootintegration_townsandtowers for mod file /workspaces/servidor-de-gays/servidor_minecraft/mods/lootintegration_townsandtowers-1.2.jar
[18Apr2026 00:44:53.274] [main/DEBUG] [net.minecraftforge.server.ServerLifecycleHooks/CORE]: Generating PackInfo named mod:raccompat for mod file /workspaces/servidor-de-gays/servidor_minecraft/mods/raccompat-1.20.1-0.1.3.jar
[18Apr2026 00:44:53.274] [main/DEBUG] [net.minecraftforge.server.ServerLifecycleHooks/CORE]: Generating PackInfo named mod:betterwitchhuts for mod file /workspaces/servidor-de-gays/servidor_minecraft/mods/YungsBetterWitchHuts-1.20-Forge-3.0.3.jar
[18Apr2026 00:44:53.274] [main/DEBUG] [net.minecraftforge.server.ServerLifecycleHooks/CORE]: Generating PackInfo named mod:fantasy_weapons for mod file /workspaces/servidor-de-gays/servidor_minecraft/mods/fantasy_weapons-forge-0.4-1.20.1.jar
[18Apr2026 00:44:53.275] [main/DEBUG] [net.minecraftforge.server.ServerLifecycleHooks/CORE]: Generating PackInfo named mod:geckolib for mod file /workspaces/servidor-de-gays/servidor_minecraft/mods/geckolib-forge-1.20.1-4.8.3.jar
[18Apr2026 00:44:53.275] [main/DEBUG] [net.minecraftforge.server.ServerLifecycleHooks/CORE]: Generating PackInfo named mod:mss for mod file /workspaces/servidor-de-gays/servidor_minecraft/mods/mss-1.2.7-1.20.jar
[18Apr2026 00:44:53.275] [main/DEBUG] [net.minecraftforge.server.ServerLifecycleHooks/CORE]: Generating PackInfo named mod:jei for mod file /workspaces/servidor-de-gays/servidor_minecraft/mods/jei-1.20.1-forge-15.20.0.129.jar
[18Apr2026 00:44:53.275] [main/DEBUG] [net.minecraftforge.server.ServerLifecycleHooks/CORE]: Generating PackInfo named mod:graveyard for mod file /workspaces/servidor-de-gays/servidor_minecraft/mods/The_Graveyard_3.1_(FORGE)_for_1.20.1.jar
[18Apr2026 00:44:53.275] [main/DEBUG] [net.minecraftforge.server.ServerLifecycleHooks/CORE]: Generating PackInfo named mod:xaerolib for mod file 
[18Apr2026 00:44:53.275] [main/DEBUG] [net.minecraftforge.server.ServerLifecycleHooks/CORE]: Generating PackInfo named mod:betteroceanmonuments for mod file /workspaces/servidor-de-gays/servidor_minecraft/mods/YungsBetterOceanMonuments-1.20-Forge-3.0.4.jar
[18Apr2026 00:44:53.276] [main/DEBUG] [net.minecraftforge.server.ServerLifecycleHooks/CORE]: Generating PackInfo named mod:libraryferret for mod file /workspaces/servidor-de-gays/servidor_minecraft/mods/libraryferret-forge-1.20.1-4.0.0.jar
[18Apr2026 00:44:53.276] [main/DEBUG] [net.minecraftforge.server.ServerLifecycleHooks/CORE]: Generating PackInfo named mod:goblintraders for mod file /workspaces/servidor-de-gays/servidor_minecraft/mods/goblintraders-forge-1.20.1-1.11.5.jar
[18Apr2026 00:44:53.276] [main/DEBUG] [net.minecraftforge.server.ServerLifecycleHooks/CORE]: Generating PackInfo named mod:dynamiclights for mod file /workspaces/servidor-de-gays/servidor_minecraft/mods/dynamiclights-1.20.1.2.jar
[18Apr2026 00:44:53.276] [main/DEBUG] [net.minecraftforge.server.ServerLifecycleHooks/CORE]: Generating PackInfo named mod:chloride for mod file /workspaces/servidor-de-gays/servidor_minecraft/mods/chloride-FORGE-mc1.20.1-v1.7.5.jar
[18Apr2026 00:44:53.276] [main/DEBUG] [net.minecraftforge.server.ServerLifecycleHooks/CORE]: Generating PackInfo named mod:xaeroworldmap for mod file /workspaces/servidor-de-gays/servidor_minecraft/mods/xaeroworldmap-forge-1.20.1-1.40.11.jar
[18Apr2026 00:44:53.276] [main/DEBUG] [net.minecraftforge.server.ServerLifecycleHooks/CORE]: Generating PackInfo named mod:citadel for mod file /workspaces/servidor-de-gays/servidor_minecraft/mods/citadel-2.6.3-1.20.1.jar
[18Apr2026 00:44:53.277] [main/DEBUG] [net.minecraftforge.server.ServerLifecycleHooks/CORE]: Generating PackInfo named mod:travelersbackpack for mod file /workspaces/servidor-de-gays/servidor_minecraft/mods/travelersbackpack-forge-1.20.1-9.1.53.jar
[18Apr2026 00:44:53.277] [main/DEBUG] [net.minecraftforge.server.ServerLifecycleHooks/CORE]: Generating PackInfo named mod:lootintegrations for mod file /workspaces/servidor-de-gays/servidor_minecraft/mods/lootintegrations-1.20.1-4.7.jar
[18Apr2026 00:44:53.277] [main/DEBUG] [net.minecraftforge.server.ServerLifecycleHooks/CORE]: Generating PackInfo named mod:yungsapi for mod file /workspaces/servidor-de-gays/servidor_minecraft/mods/YungsApi-1.20-Forge-4.0.6.jar
[18Apr2026 00:44:53.277] [main/DEBUG] [net.minecraftforge.server.ServerLifecycleHooks/CORE]: Generating PackInfo named mod:mixinextras for mod file 
[18Apr2026 00:44:53.277] [main/DEBUG] [net.minecraftforge.server.ServerLifecycleHooks/CORE]: Generating PackInfo named mod:dungeoncrawl for mod file /workspaces/servidor-de-gays/servidor_minecraft/mods/Dungeon Crawl-1.20.1-2.3.15.jar
[18Apr2026 00:44:53.277] [main/DEBUG] [net.minecraftforge.server.ServerLifecycleHooks/CORE]: Generating PackInfo named mod:relics for mod file /workspaces/servidor-de-gays/servidor_minecraft/mods/relics-1.20.1-0.8.0.13.jar
[18Apr2026 00:44:53.278] [main/DEBUG] [net.minecraftforge.server.ServerLifecycleHooks/CORE]: Generating PackInfo named mod:betterdeserttemples for mod file /workspaces/servidor-de-gays/servidor_minecraft/mods/YungsBetterDesertTemples-1.20-Forge-3.0.3.jar
[18Apr2026 00:44:53.278] [main/DEBUG] [net.minecraftforge.server.ServerLifecycleHooks/CORE]: Generating PackInfo named mod:takesapillage for mod file /workspaces/servidor-de-gays/servidor_minecraft/mods/takesapillage-1.0.3-1.20.1.jar
[18Apr2026 00:44:53.278] [main/DEBUG] [net.minecraftforge.server.ServerLifecycleHooks/CORE]: Generating PackInfo named mod:bygonenether for mod file /workspaces/servidor-de-gays/servidor_minecraft/mods/bygonenether-1.3.2-1.20.x.jar
[18Apr2026 00:44:53.278] [main/DEBUG] [net.minecraftforge.server.ServerLifecycleHooks/CORE]: Generating PackInfo named mod:ramcompat for mod file /workspaces/servidor-de-gays/servidor_minecraft/mods/ramcompat-1.20.1-0.1.4.jar
[18Apr2026 00:44:53.278] [main/DEBUG] [net.minecraftforge.server.ServerLifecycleHooks/CORE]: Generating PackInfo named mod:betterfortresses for mod file /workspaces/servidor-de-gays/servidor_minecraft/mods/YungsBetterNetherFortresses-1.20-Forge-2.0.6.jar
[18Apr2026 00:44:53.278] [main/DEBUG] [net.minecraftforge.server.ServerLifecycleHooks/CORE]: Generating PackInfo named mod:dungeons_arise_seven_seas for mod file /workspaces/servidor-de-gays/servidor_minecraft/mods/DungeonsAriseSevenSeas-1.20.x-1.0.2-forge.jar
[18Apr2026 00:44:53.279] [main/DEBUG] [net.minecraftforge.server.ServerLifecycleHooks/CORE]: Generating PackInfo named mod:forge for mod file /workspaces/servidor-de-gays/servidor_minecraft/libraries/net/minecraftforge/forge/1.20.1-47.3.7/forge-1.20.1-47.3.7-universal.jar
[18Apr2026 00:44:53.279] [main/DEBUG] [net.minecraftforge.server.ServerLifecycleHooks/CORE]: Generating PackInfo named mod:more_villager_trades for mod file /workspaces/servidor-de-gays/servidor_minecraft/mods/More Villager Trades 1.0.0 - 1.20.1.jar
[18Apr2026 00:44:53.279] [main/DEBUG] [net.minecraftforge.server.ServerLifecycleHooks/CORE]: Generating PackInfo named mod:lootintegrations_bygonepillage for mod file /workspaces/servidor-de-gays/servidor_minecraft/mods/lootintegrations_lootintegrations_bygonepillage-1.2.jar
[18Apr2026 00:44:53.279] [main/DEBUG] [net.minecraftforge.server.ServerLifecycleHooks/CORE]: Generating PackInfo named mod:dungeons_arise for mod file /workspaces/servidor-de-gays/servidor_minecraft/mods/DungeonsArise-1.20.x-2.1.58-release.jar
[18Apr2026 00:44:53.279] [main/DEBUG] [net.minecraftforge.server.ServerLifecycleHooks/CORE]: Generating PackInfo named mod:farmersdelight for mod file /workspaces/servidor-de-gays/servidor_minecraft/mods/FarmersDelight-1.20.1-1.2.11.jar
[18Apr2026 00:44:53.279] [main/DEBUG] [net.minecraftforge.server.ServerLifecycleHooks/CORE]: Generating PackInfo named mod:alexscaves for mod file /workspaces/servidor-de-gays/servidor_minecraft/mods/alexscaves-2.0.2.jar
[18Apr2026 00:44:53.280] [main/DEBUG] [net.minecraftforge.server.ServerLifecycleHooks/CORE]: Generating PackInfo named mod:morevillagers for mod file /workspaces/servidor-de-gays/servidor_minecraft/mods/morevillagers-forge-1.20.1-5.0.0.jar
[18Apr2026 00:44:53.280] [main/DEBUG] [net.minecraftforge.server.ServerLifecycleHooks/CORE]: Generating PackInfo named mod:lootintegrations_vanilla for mod file /workspaces/servidor-de-gays/servidor_minecraft/mods/lootintegrations_vanilla-1.5.jar
[18Apr2026 00:44:53.280] [main/DEBUG] [net.minecraftforge.server.ServerLifecycleHooks/CORE]: Generating PackInfo named mod:mousetweaks for mod file /workspaces/servidor-de-gays/servidor_minecraft/mods/MouseTweaks-forge-mc1.20.1-2.25.1.jar
[18Apr2026 00:44:53.280] [main/DEBUG] [net.minecraftforge.server.ServerLifecycleHooks/CORE]: Generating PackInfo named mod:lootintegration_wda for mod file /workspaces/servidor-de-gays/servidor_minecraft/mods/lootintegration_wda-1.7.jar
[18Apr2026 00:44:53.280] [main/DEBUG] [net.minecraftforge.server.ServerLifecycleHooks/CORE]: Generating PackInfo named mod:fantasy_armor for mod file /workspaces/servidor-de-gays/servidor_minecraft/mods/fantasy_armor-forge-1.2.4-1.20.1.jar
[18Apr2026 00:44:53.280] [main/DEBUG] [net.minecraftforge.server.ServerLifecycleHooks/CORE]: Generating PackInfo named mod:yungsbridges for mod file /workspaces/servidor-de-gays/servidor_minecraft/mods/YungsBridges-1.20-Forge-4.0.3.jar
[18Apr2026 00:44:53.281] [main/DEBUG] [net.minecraftforge.server.ServerLifecycleHooks/CORE]: Generating PackInfo named mod:lootintegrations_yungs for mod file /workspaces/servidor-de-gays/servidor_minecraft/mods/lootintegrations_yungs-1.4.jar
[18Apr2026 00:44:53.281] [main/DEBUG] [net.minecraftforge.server.ServerLifecycleHooks/CORE]: Generating PackInfo named mod:lootintegrations_dungeoncrawl for mod file /workspaces/servidor-de-gays/servidor_minecraft/mods/lootintegrations_dungeoncrawl-1.2.jar
[18Apr2026 00:44:53.281] [main/DEBUG] [net.minecraftforge.server.ServerLifecycleHooks/CORE]: Generating PackInfo named mod:alexsmobsinteraction for mod file /workspaces/servidor-de-gays/servidor_minecraft/mods/alexsmobsinteraction-5.4-all.jar
[18Apr2026 00:44:53.281] [main/DEBUG] [net.minecraftforge.server.ServerLifecycleHooks/CORE]: Generating PackInfo named mod:alexsmobs for mod file /workspaces/servidor-de-gays/servidor_minecraft/mods/alexsmobs-1.22.9.jar
[18Apr2026 00:44:53.281] [main/DEBUG] [net.minecraftforge.server.ServerLifecycleHooks/CORE]: Generating PackInfo named mod:curios for mod file /workspaces/servidor-de-gays/servidor_minecraft/mods/curios-forge-5.14.1+1.20.1.jar
[18Apr2026 00:44:53.281] [main/DEBUG] [net.minecraftforge.server.ServerLifecycleHooks/CORE]: Generating PackInfo named mod:patchouli for mod file /workspaces/servidor-de-gays/servidor_minecraft/mods/Patchouli-1.20.1-85-FORGE.jar
[18Apr2026 00:44:53.281] [main/DEBUG] [net.minecraftforge.server.ServerLifecycleHooks/CORE]: Generating PackInfo named mod:xaerominimap for mod file /workspaces/servidor-de-gays/servidor_minecraft/mods/xaerominimap-forge-1.20.1-25.3.10.jar
[18Apr2026 00:44:53.282] [main/DEBUG] [net.minecraftforge.server.ServerLifecycleHooks/CORE]: Generating PackInfo named mod:mes for mod file /workspaces/servidor-de-gays/servidor_minecraft/mods/mes-1.4.6-1.20.jar
[18Apr2026 00:44:53.282] [main/DEBUG] [net.minecraftforge.server.ServerLifecycleHooks/CORE]: Generating PackInfo named mod:goblins for mod file /workspaces/servidor-de-gays/servidor_minecraft/mods/goblins-0.9-forge-1.20.1.jar
[18Apr2026 00:44:53.282] [main/DEBUG] [net.minecraftforge.server.ServerLifecycleHooks/CORE]: Generating PackInfo named mod:yungsextras for mod file /workspaces/servidor-de-gays/servidor_minecraft/mods/YungsExtras-1.20-Forge-4.0.3.jar
[18Apr2026 00:44:53.282] [main/DEBUG] [net.minecraftforge.server.ServerLifecycleHooks/CORE]: Generating PackInfo named mod:bettervillage for mod file /workspaces/servidor-de-gays/servidor_minecraft/mods/bettervillage-forge-1.20.1-3.3.1-all.jar
[18Apr2026 00:44:53.282] [main/DEBUG] [net.minecraftforge.server.ServerLifecycleHooks/CORE]: Generating PackInfo named mod:betterstrongholds for mod file /workspaces/servidor-de-gays/servidor_minecraft/mods/YungsBetterStrongholds-1.20-Forge-4.0.3.jar
[18Apr2026 00:44:53.282] [main/DEBUG] [net.minecraftforge.server.ServerLifecycleHooks/CORE]: Generating PackInfo named mod:farmers_structures for mod file /workspaces/servidor-de-gays/servidor_minecraft/mods/FarmersStructures-1.0.4-1.20.jar
[18Apr2026 00:44:53.283] [main/DEBUG] [net.minecraftforge.server.ServerLifecycleHooks/CORE]: Generating PackInfo named mod:mvs for mod file /workspaces/servidor-de-gays/servidor_minecraft/mods/MoogsVoyagerStructures-1.20-5.0.4.jar
[18Apr2026 00:44:53.283] [main/DEBUG] [net.minecraftforge.server.ServerLifecycleHooks/CORE]: Generating PackInfo named mod:architectury for mod file /workspaces/servidor-de-gays/servidor_minecraft/mods/architectury-9.2.14-forge.jar
[18Apr2026 00:44:53.283] [main/DEBUG] [net.minecraftforge.server.ServerLifecycleHooks/CORE]: Generating PackInfo named mod:ftblibrary for mod file /workspaces/servidor-de-gays/servidor_minecraft/mods/ftb-library-forge-2001.2.12.jar
[18Apr2026 00:44:53.283] [main/DEBUG] [net.minecraftforge.server.ServerLifecycleHooks/CORE]: Generating PackInfo named mod:octolib for mod file /workspaces/servidor-de-gays/servidor_minecraft/mods/OctoLib-FORGE-0.5.0.1+1.20.1.jar
[18Apr2026 00:44:53.283] [main/DEBUG] [net.minecraftforge.server.ServerLifecycleHooks/CORE]: Generating PackInfo named mod:itemfilters for mod file /workspaces/servidor-de-gays/servidor_minecraft/mods/item-filters-forge-2001.1.0-build.59.jar
[18Apr2026 00:44:53.283] [main/DEBUG] [net.minecraftforge.server.ServerLifecycleHooks/CORE]: Generating PackInfo named mod:ftbteams for mod file /workspaces/servidor-de-gays/servidor_minecraft/mods/ftb-teams-forge-2001.3.2.jar
[18Apr2026 00:44:53.284] [main/DEBUG] [net.minecraftforge.server.ServerLifecycleHooks/CORE]: Generating PackInfo named mod:ftbquests for mod file /workspaces/servidor-de-gays/servidor_minecraft/mods/ftb-quests-forge-2001.4.21.jar
[18Apr2026 00:44:53.284] [main/DEBUG] [net.minecraftforge.server.ServerLifecycleHooks/CORE]: Generating PackInfo named mod:appleskin for mod file /workspaces/servidor-de-gays/servidor_minecraft/mods/appleskin-forge-mc1.20.1-2.5.1.jar
[18Apr2026 00:44:53.284] [main/DEBUG] [net.minecraftforge.server.ServerLifecycleHooks/CORE]: Generating PackInfo named mod:alexsdelight for mod file /workspaces/servidor-de-gays/servidor_minecraft/mods/alexsdelight-1.5.jar
[18Apr2026 00:44:53.284] [main/DEBUG] [net.minecraftforge.server.ServerLifecycleHooks/CORE]: Generating PackInfo named mod:cupboard for mod file /workspaces/servidor-de-gays/servidor_minecraft/mods/cupboard-1.20.1-3.7.jar
[18Apr2026 00:44:53.284] [main/DEBUG] [net.minecraftforge.server.ServerLifecycleHooks/CORE]: Generating PackInfo named mod:betterendisland for mod file /workspaces/servidor-de-gays/servidor_minecraft/mods/YungsBetterEndIsland-1.20-Forge-2.0.6.jar
[18Apr2026 00:44:53.284] [main/DEBUG] [net.minecraftforge.server.ServerLifecycleHooks/CORE]: Generating PackInfo named mod:wda_questline for mod file /workspaces/servidor-de-gays/servidor_minecraft/mods/wda-questline-1.20.1-1.0.0.jar
[18Apr2026 00:44:53.284] [main/DEBUG] [net.minecraftforge.server.ServerLifecycleHooks/CORE]: Generating PackInfo named mod:lootintegrations_moog for mod file /workspaces/servidor-de-gays/servidor_minecraft/mods/lootintegrations_moog-1.8.jar
[18Apr2026 00:44:53.285] [main/DEBUG] [net.minecraftforge.server.ServerLifecycleHooks/CORE]: Generating PackInfo named mod:moogs_structures for mod file /workspaces/servidor-de-gays/servidor_minecraft/mods/moogs_structure_lib-1.1.0-1.20-1.20.4-forge.jar
[18Apr2026 00:44:53.285] [main/DEBUG] [net.minecraftforge.server.ServerLifecycleHooks/CORE]: Generating PackInfo named mod:mns for mod file /workspaces/servidor-de-gays/servidor_minecraft/mods/MoogsNetherStructures-1.20-2.0.2.jar
[18Apr2026 00:44:53.285] [main/DEBUG] [net.minecraftforge.server.ServerLifecycleHooks/CORE]: Generating PackInfo named mod:framework for mod file /workspaces/servidor-de-gays/servidor_minecraft/mods/framework-forge-1.20.1-0.8.0.jar
[18Apr2026 00:44:53.285] [main/DEBUG] [net.minecraftforge.server.ServerLifecycleHooks/CORE]: Generating PackInfo named mod:t_and_t for mod file /workspaces/servidor-de-gays/servidor_minecraft/mods/Towns-and-Towers-1.12-Fabric+Forge.jar
[18Apr2026 00:44:53.285] [main/DEBUG] [net.minecraftforge.server.ServerLifecycleHooks/CORE]: Generating PackInfo named mod:bettermineshafts for mod file /workspaces/servidor-de-gays/servidor_minecraft/mods/YungsBetterMineshafts-1.20-Forge-4.0.4.jar
[18Apr2026 00:44:53.285] [main/DEBUG] [net.minecraftforge.server.ServerLifecycleHooks/CORE]: Generating PackInfo named mod:betterjungletemples for mod file /workspaces/servidor-de-gays/servidor_minecraft/mods/YungsBetterJungleTemples-1.20-Forge-2.0.5.jar
[18Apr2026 00:44:53.286] [main/DEBUG] [net.minecraftforge.server.ServerLifecycleHooks/CORE]: Generating PackInfo named mod:lootintegrations_graveyard for mod file /workspaces/servidor-de-gays/servidor_minecraft/mods/lootintegrations_graveyard-1.1.jar
[18Apr2026 00:44:53.286] [main/DEBUG] [net.minecraftforge.server.ServerLifecycleHooks/CORE]: Generating PackInfo named mod:cristellib for mod file /workspaces/servidor-de-gays/servidor_minecraft/mods/cristellib-1.1.6-forge.jar
[18Apr2026 00:44:53.299] [main/DEBUG] [mixin/]: Mixing resources.NamespaceResourceManagerAccessor from mss-common.mixins.json into net.minecraft.server.packs.resources.FallbackResourceManager
[18Apr2026 00:44:53.300] [main/DEBUG] [mixin/]: Mixing resources.NamespaceResourceManagerAccessor from mes-common.mixins.json into net.minecraft.server.packs.resources.FallbackResourceManager
[18Apr2026 00:44:53.300] [main/DEBUG] [mixin/]: Mixing resources.NamespaceResourceManagerAccessor from moogs_structures-common.mixins.json into net.minecraft.server.packs.resources.FallbackResourceManager
[18Apr2026 00:44:53.983] [main/INFO] [bettervillage/]: StructureSet modified for minecraft:village : Now using custom village configuration (can be disabled in the better villages config: boolean.villages.enabled_custom_config).
[18Apr2026 00:44:55.952] [main/DEBUG] [mixin/]: Mixing PrimaryLevelDataMixin from betterendisland.mixins.json into net.minecraft.world.level.storage.PrimaryLevelData
[18Apr2026 00:44:55.958] [main/DEBUG] [mixin/]: Mixing PrimaryLevelDataMixin from citadel.mixins.json into net.minecraft.world.level.storage.PrimaryLevelData
[18Apr2026 00:44:55.978] [main/DEBUG] [mixin/]: Mixing EndDragonFightMixin from betterendisland.mixins.json into net.minecraft.world.level.dimension.end.EndDragonFight
[18Apr2026 00:44:55.979] [main/DEBUG] [mixin/]: Renaming synthetic method lambda$betterendisland$setDragonRespawnStage$6(Lnet/minecraft/util/RandomSource;FLnet/minecraft/core/BlockPos;)V to md6e0ffb$lambda$betterendisland$setDragonRespawnStage$6$0 in betterendisland.mixins.json:EndDragonFightMixin
[18Apr2026 00:44:55.979] [main/DEBUG] [mixin/]: Renaming synthetic method lambda$betterendisland$setDragonRespawnStage$5(FLjava/lang/Integer;)V to md6e0ffb$lambda$betterendisland$setDragonRespawnStage$5$1 in betterendisland.mixins.json:EndDragonFightMixin
[18Apr2026 00:44:55.979] [main/DEBUG] [mixin/]: Renaming synthetic method lambda$betterendisland$setDragonRespawnStage$4(Lnet/minecraft/util/RandomSource;FLnet/minecraft/core/BlockPos;)V to md6e0ffb$lambda$betterendisland$setDragonRespawnStage$4$2 in betterendisland.mixins.json:EndDragonFightMixin
[18Apr2026 00:44:55.979] [main/DEBUG] [mixin/]: Renaming synthetic method lambda$betterendisland$setDragonRespawnStage$3(Lnet/minecraft/server/level/ServerPlayer;)V to md6e0ffb$lambda$betterendisland$setDragonRespawnStage$3$3 in betterendisland.mixins.json:EndDragonFightMixin
[18Apr2026 00:44:55.980] [main/DEBUG] [mixin/]: Renaming synthetic method lambda$betterendisland_setDragonKilled$2(ILnet/minecraft/world/level/levelgen/feature/SpikeFeature$EndSpike;)V to md6e0ffb$lambda$betterendisland_setDragonKilled$2$4 in betterendisland.mixins.json:EndDragonFightMixin
[18Apr2026 00:44:55.980] [main/DEBUG] [mixin/]: Renaming synthetic method lambda$betterendisland$reset$1(Lnet/minecraft/core/BlockPos;)V to md6e0ffb$lambda$betterendisland$reset$1$5 in betterendisland.mixins.json:EndDragonFightMixin
[18Apr2026 00:44:55.980] [main/DEBUG] [mixin/]: Renaming synthetic method lambda$betterendisland$reset$0(Lnet/minecraft/world/level/levelgen/feature/SpikeFeature$EndSpike;)V to md6e0ffb$lambda$betterendisland$reset$0$6 in betterendisland.mixins.json:EndDragonFightMixin
[18Apr2026 00:44:56.038] [main/DEBUG] [mixin/]: Mixing LootdataManagerMixin from lootintegrations.mixins.json into net.minecraft.world.level.storage.loot.LootDataManager
[18Apr2026 00:44:56.038] [main/DEBUG] [mixin/]: lootintegrations.mixins.json:LootdataManagerMixin: Class version 61 required is higher than the class version supported by the current version of Mixin (JAVA_16 supports class version 60)
[18Apr2026 00:44:56.038] [main/DEBUG] [mixin/]: Mixing MixinLootDataManager from architectury.mixins.json into net.minecraft.world.level.storage.loot.LootDataManager
[18Apr2026 00:44:56.057] [main/DEBUG] [mixin/]: Mixing CommandExceptionLoggingMixin from cupboard.mixins.json into net.minecraft.commands.Commands
[18Apr2026 00:44:56.169] [main/DEBUG] [mixin/]: Mixing LocateSmallNetherDungeonCommandMixin from betterdungeons.mixins.json into net.minecraft.server.commands.LocateCommand
[18Apr2026 00:44:56.170] [main/DEBUG] [mixin/]: Mixing LocateVanillaWitchHutCommandMixin from betterwitchhuts.mixins.json into net.minecraft.server.commands.LocateCommand
[18Apr2026 00:44:56.171] [main/DEBUG] [mixin/]: Mixing structures.LocateCommandMixin from mss-common.mixins.json into net.minecraft.server.commands.LocateCommand
[18Apr2026 00:44:56.171] [main/DEBUG] [mixin/]: Renaming synthetic method lambda$mss_increaseLocateRadius$0(Lnet/minecraft/core/Holder;)Z to md6e0ffb$lambda$mss_increaseLocateRadius$0$0 in mss-common.mixins.json:structures.LocateCommandMixin
[18Apr2026 00:44:56.172] [main/DEBUG] [mixin/]: Mixing LocateVanillaMonumentCommandMixin from betteroceanmonuments.mixins.json into net.minecraft.server.commands.LocateCommand
[18Apr2026 00:44:56.173] [main/DEBUG] [mixin/]: Mixing LocateVanillaPyramidCommandMixin from betterdeserttemples.mixins.json into net.minecraft.server.commands.LocateCommand
[18Apr2026 00:44:56.173] [main/DEBUG] [mixin/]: Mixing LocateVanillaFortressCommandMixin from betterfortresses.mixins.json into net.minecraft.server.commands.LocateCommand
[18Apr2026 00:44:56.173] [main/DEBUG] [mixin/]: Mixing structures.LocateCommandMixin from mes-common.mixins.json into net.minecraft.server.commands.LocateCommand
[18Apr2026 00:44:56.174] [main/DEBUG] [mixin/]: Renaming synthetic method lambda$mes_increaseLocateRadius$0(Lnet/minecraft/core/Holder;)Z to md6e0ffb$lambda$mes_increaseLocateRadius$0$1 in mes-common.mixins.json:structures.LocateCommandMixin
[18Apr2026 00:44:56.174] [main/DEBUG] [mixin/]: Mixing LocateStrongholdCommandMixin from betterstrongholds.mixins.json into net.minecraft.server.commands.LocateCommand
[18Apr2026 00:44:56.175] [main/DEBUG] [mixin/]: Mixing structures.LocateCommandMixin from moogs_structures-common.mixins.json into net.minecraft.server.commands.LocateCommand
[18Apr2026 00:44:56.175] [main/DEBUG] [mixin/]: Renaming synthetic method lambda$moogs_structures_increaseLocateRadius$0(Lnet/minecraft/core/Holder;)Z to md6e0ffb$lambda$moogs_structures_increaseLocateRadius$0$2 in moogs_structures-common.mixins.json:structures.LocateCommandMixin
[18Apr2026 00:44:56.175] [main/DEBUG] [mixin/]: Mixing LocateVanillaMineshaftCommandMixin from bettermineshafts.mixins.json into net.minecraft.server.commands.LocateCommand
[18Apr2026 00:44:56.176] [main/DEBUG] [mixin/]: Mixing LocateVanillaJungleTempleCommandMixin from betterjungletemples.mixins.json into net.minecraft.server.commands.LocateCommand
[18Apr2026 00:44:56.226] [main/DEBUG] [net.minecraftforge.coremod.transformer.CoreModBaseTransformer/COREMOD]: Transforming net/minecraft/server/commands/SummonCommand
[18Apr2026 00:44:56.434] [main/DEBUG] [mixin/]: Mixing accessor.RecipeManagerAccessor from farmersdelight.mixins.json into net.minecraft.world.item.crafting.RecipeManager
[18Apr2026 00:44:56.439] [main/DEBUG] [atomicstryker.dynamiclights.server.DynamicLights/]: Adding reload listener for light level cache
[18Apr2026 00:44:56.446] [main/INFO] [com.github.alexthe666.alexsmobs.AlexsMobs/]: Adding datapack listener capsid_recipes
[18Apr2026 00:44:56.543] [Worker-Main-3/ERROR] [net.minecraft.tags.TagLoader/]: Couldn't load tag quark:vertical_slab as it is missing following references: bygonenether:withered_blackstone_vertical_slab (from bygonenether-1.3.2-1.20.x.jar), 
	bygonenether:cracked_withered_blackstone_vertical_slab (from bygonenether-1.3.2-1.20.x.jar), 
	bygonenether:warped_nether_brick_vertical_slab (from bygonenether-1.3.2-1.20.x.jar)
[18Apr2026 00:44:56.558] [Worker-Main-1/ERROR] [net.minecraft.tags.TagLoader/]: Couldn't load tag quark:wraith_spawnable as it is missing following references: quark:soul_stone (from bygonenether-1.3.2-1.20.x.jar)
[18Apr2026 00:44:56.562] [Worker-Main-1/ERROR] [net.minecraft.tags.TagLoader/]: Couldn't load tag quark:vertical_slab as it is missing following references: bygonenether:withered_blackstone_vertical_slab (from bygonenether-1.3.2-1.20.x.jar), 
	bygonenether:cracked_withered_blackstone_vertical_slab (from bygonenether-1.3.2-1.20.x.jar), 
	bygonenether:warped_nether_brick_vertical_slab (from bygonenether-1.3.2-1.20.x.jar)
[18Apr2026 00:44:56.620] [Worker-Main-1/ERROR] [net.minecraft.tags.TagLoader/]: Couldn't load tag farmers_structures:is_quark_glimer_spawn as it is missing following references: quark:glimmering_weald (from FarmersStructures-1.0.4-1.20.jar)
[18Apr2026 00:44:56.921] [Worker-Main-3/DEBUG] [mixin/]: Mixing MixinNbtPredicate from curios.mixins.json into net.minecraft.advancements.critereon.NbtPredicate
[18Apr2026 00:44:56.929] [Worker-Main-3/DEBUG] [net.minecraftforge.coremod.transformer.CoreModBaseTransformer/COREMOD]: Transforming net/minecraft/world/entity/raid/Raid
[18Apr2026 00:44:57.090] [Worker-Main-3/ERROR] [net.minecraftforge.common.ForgeHooks/]: Couldn't parse element loot_tables:bygonenether:blocks/withered_blackstone_vertical_slab
java.lang.IllegalArgumentException: Can't find block bygonenether:withered_blackstone_vertical_slab
	at net.minecraft.world.level.storage.loot.predicates.LootItemBlockStatePropertyCondition$Serializer.m_81802_(LootItemBlockStatePropertyCondition.java:79) ~[server-1.20.1-20230612.114412-srg.jar%23247!/:?]
	at java.util.Optional.orElseThrow(Optional.java:403) ~[?:?]
	at net.minecraft.world.level.storage.loot.predicates.LootItemBlockStatePropertyCondition$Serializer.m_7561_(LootItemBlockStatePropertyCondition.java:79) ~[server-1.20.1-20230612.114412-srg.jar%23247!/:?]
	at net.minecraft.world.level.storage.loot.predicates.LootItemBlockStatePropertyCondition$Serializer.m_7561_(LootItemBlockStatePropertyCondition.java:68) ~[server-1.20.1-20230612.114412-srg.jar%23247!/:?]
	at net.minecraft.world.level.storage.loot.GsonAdapterFactory$JsonAdapter.deserialize(GsonAdapterFactory.java:102) ~[server-1.20.1-20230612.114412-srg.jar%23247!/:?]
	at com.google.gson.internal.bind.TreeTypeAdapter.read(TreeTypeAdapter.java:76) ~[gson-2.10.jar%2372!/:?]
	at com.google.gson.internal.bind.TypeAdapterRuntimeTypeWrapper.read(TypeAdapterRuntimeTypeWrapper.java:40) ~[gson-2.10.jar%2372!/:?]
	at com.google.gson.internal.bind.ArrayTypeAdapter.read(ArrayTypeAdapter.java:72) ~[gson-2.10.jar%2372!/:?]
	at com.google.gson.Gson.fromJson(Gson.java:1214) ~[gson-2.10.jar%2372!/:?]
	at com.google.gson.Gson.fromJson(Gson.java:1319) ~[gson-2.10.jar%2372!/:?]
	at com.google.gson.Gson.fromJson(Gson.java:1290) ~[gson-2.10.jar%2372!/:?]
	at com.google.gson.internal.bind.TreeTypeAdapter$GsonContextImpl.deserialize(TreeTypeAdapter.java:179) ~[gson-2.10.jar%2372!/:?]
	at net.minecraft.util.GsonHelper.m_13808_(GsonHelper.java:463) ~[server-1.20.1-20230612.114412-srg.jar%23247!/:?]
	at net.minecraft.util.GsonHelper.m_13845_(GsonHelper.java:481) ~[server-1.20.1-20230612.114412-srg.jar%23247!/:?]
	at net.minecraft.world.level.storage.loot.functions.LootItemConditionalFunction$Serializer.m_7561_(LootItemConditionalFunction.java:98) ~[server-1.20.1-20230612.114412-srg.jar%23247!/:?]
	at net.minecraft.world.level.storage.loot.functions.LootItemConditionalFunction$Serializer.m_7561_(LootItemConditionalFunction.java:88) ~[server-1.20.1-20230612.114412-srg.jar%23247!/:?]
	at net.minecraft.world.level.storage.loot.GsonAdapterFactory$JsonAdapter.deserialize(GsonAdapterFactory.java:102) ~[server-1.20.1-20230612.114412-srg.jar%23247!/:?]
	at com.google.gson.internal.bind.TreeTypeAdapter.read(TreeTypeAdapter.java:76) ~[gson-2.10.jar%2372!/:?]
	at com.google.gson.internal.bind.TypeAdapterRuntimeTypeWrapper.read(TypeAdapterRuntimeTypeWrapper.java:40) ~[gson-2.10.jar%2372!/:?]
	at com.google.gson.internal.bind.ArrayTypeAdapter.read(ArrayTypeAdapter.java:72) ~[gson-2.10.jar%2372!/:?]
	at com.google.gson.Gson.fromJson(Gson.java:1214) ~[gson-2.10.jar%2372!/:?]
	at com.google.gson.Gson.fromJson(Gson.java:1319) ~[gson-2.10.jar%2372!/:?]
	at com.google.gson.Gson.fromJson(Gson.java:1290) ~[gson-2.10.jar%2372!/:?]
	at com.google.gson.internal.bind.TreeTypeAdapter$GsonContextImpl.deserialize(TreeTypeAdapter.java:179) ~[gson-2.10.jar%2372!/:?]
	at net.minecraft.util.GsonHelper.m_13808_(GsonHelper.java:463) ~[server-1.20.1-20230612.114412-srg.jar%23247!/:?]
	at net.minecraft.util.GsonHelper.m_13845_(GsonHelper.java:481) ~[server-1.20.1-20230612.114412-srg.jar%23247!/:?]
	at net.minecraft.world.level.storage.loot.entries.LootPoolSingletonContainer$Serializer.m_5921_(LootPoolSingletonContainer.java:149) ~[server-1.20.1-20230612.114412-srg.jar%23247!/:?]
	at net.minecraft.world.level.storage.loot.entries.LootPoolSingletonContainer$Serializer.m_5921_(LootPoolSingletonContainer.java:129) ~[server-1.20.1-20230612.114412-srg.jar%23247!/:?]
	at net.minecraft.world.level.storage.loot.entries.LootPoolEntryContainer$Serializer.m_7561_(LootPoolEntryContainer.java:86) ~[server-1.20.1-20230612.114412-srg.jar%23247!/:?]
	at net.minecraft.world.level.storage.loot.entries.LootPoolEntryContainer$Serializer.m_7561_(LootPoolEntryContainer.java:74) ~[server-1.20.1-20230612.114412-srg.jar%23247!/:?]
	at net.minecraft.world.level.storage.loot.GsonAdapterFactory$JsonAdapter.deserialize(GsonAdapterFactory.java:102) ~[server-1.20.1-20230612.114412-srg.jar%23247!/:?]
	at com.google.gson.internal.bind.TreeTypeAdapter.read(TreeTypeAdapter.java:76) ~[gson-2.10.jar%2372!/:?]
	at com.google.gson.internal.bind.TypeAdapterRuntimeTypeWrapper.read(TypeAdapterRuntimeTypeWrapper.java:40) ~[gson-2.10.jar%2372!/:?]
	at com.google.gson.internal.bind.ArrayTypeAdapter.read(ArrayTypeAdapter.java:72) ~[gson-2.10.jar%2372!/:?]
	at com.google.gson.Gson.fromJson(Gson.java:1214) ~[gson-2.10.jar%2372!/:?]
	at com.google.gson.Gson.fromJson(Gson.java:1319) ~[gson-2.10.jar%2372!/:?]
	at com.google.gson.Gson.fromJson(Gson.java:1290) ~[gson-2.10.jar%2372!/:?]
	at com.google.gson.internal.bind.TreeTypeAdapter$GsonContextImpl.deserialize(TreeTypeAdapter.java:179) ~[gson-2.10.jar%2372!/:?]
	at net.minecraft.util.GsonHelper.m_13808_(GsonHelper.java:463) ~[server-1.20.1-20230612.114412-srg.jar%23247!/:?]
	at net.minecraft.util.GsonHelper.m_13836_(GsonHelper.java:471) ~[server-1.20.1-20230612.114412-srg.jar%23247!/:?]
	at net.minecraft.world.level.storage.loot.LootPool$Serializer.deserialize(LootPool.java:192) ~[server-1.20.1-20230612.114412-srg.jar%23247!/:?]
	at net.minecraft.world.level.storage.loot.LootPool$Serializer.deserialize(LootPool.java:189) ~[server-1.20.1-20230612.114412-srg.jar%23247!/:?]
	at com.google.gson.internal.bind.TreeTypeAdapter.read(TreeTypeAdapter.java:76) ~[gson-2.10.jar%2372!/:?]
	at com.google.gson.internal.bind.TypeAdapterRuntimeTypeWrapper.read(TypeAdapterRuntimeTypeWrapper.java:40) ~[gson-2.10.jar%2372!/:?]
	at com.google.gson.internal.bind.ArrayTypeAdapter.read(ArrayTypeAdapter.java:72) ~[gson-2.10.jar%2372!/:?]
	at com.google.gson.Gson.fromJson(Gson.java:1214) ~[gson-2.10.jar%2372!/:?]
	at com.google.gson.Gson.fromJson(Gson.java:1319) ~[gson-2.10.jar%2372!/:?]
	at com.google.gson.Gson.fromJson(Gson.java:1290) ~[gson-2.10.jar%2372!/:?]
	at com.google.gson.internal.bind.TreeTypeAdapter$GsonContextImpl.deserialize(TreeTypeAdapter.java:179) ~[gson-2.10.jar%2372!/:?]
	at net.minecraft.util.GsonHelper.m_13808_(GsonHelper.java:463) ~[server-1.20.1-20230612.114412-srg.jar%23247!/:?]
	at net.minecraft.util.GsonHelper.m_13845_(GsonHelper.java:481) ~[server-1.20.1-20230612.114412-srg.jar%23247!/:?]
	at net.minecraft.world.level.storage.loot.LootTable$Serializer.deserialize(LootTable.java:294) ~[server-1.20.1-20230612.114412-srg.jar%23247!/:?]
	at net.minecraft.world.level.storage.loot.LootTable$Serializer.deserialize(LootTable.java:291) ~[server-1.20.1-20230612.114412-srg.jar%23247!/:?]
	at com.google.gson.internal.bind.TreeTypeAdapter.read(TreeTypeAdapter.java:76) ~[gson-2.10.jar%2372!/:?]
	at com.google.gson.Gson.fromJson(Gson.java:1214) ~[gson-2.10.jar%2372!/:?]
	at com.google.gson.Gson.fromJson(Gson.java:1319) ~[gson-2.10.jar%2372!/:?]
	at com.google.gson.Gson.fromJson(Gson.java:1261) ~[gson-2.10.jar%2372!/:?]
	at net.minecraftforge.common.ForgeHooks.loadLootTable(ForgeHooks.java:871) ~[forge-1.20.1-47.3.7-universal.jar%23252!/:?]
	at net.minecraftforge.common.ForgeHooks.lambda$getLootTableDeserializer$3(ForgeHooks.java:848) ~[forge-1.20.1-47.3.7-universal.jar%23252!/:?]
	at net.minecraft.world.level.storage.loot.LootDataType.deserialize(LootDataType.java:45) ~[server-1.20.1-20230612.114412-srg.jar%23247!/:?]
	at net.minecraft.world.level.storage.loot.LootDataManager.lambda$scheduleElementParse$4(LootDataManager.java:56) ~[server-1.20.1-20230612.114412-srg.jar%23247!/:?]
	at java.util.HashMap.forEach(HashMap.java:1421) ~[?:?]
	at net.minecraft.world.level.storage.loot.LootDataManager.m_278660_(LootDataManager.java:55) ~[server-1.20.1-20230612.114412-srg.jar%23247!/:?]
	at java.util.concurrent.CompletableFuture$AsyncRun.run(CompletableFuture.java:1804) ~[?:?]
	at java.util.concurrent.CompletableFuture$AsyncRun.exec(CompletableFuture.java:1796) ~[?:?]
	at java.util.concurrent.ForkJoinTask.doExec(ForkJoinTask.java:373) ~[?:?]
	at java.util.concurrent.ForkJoinPool$WorkQueue.topLevelExec(ForkJoinPool.java:1182) ~[?:?]
	at java.util.concurrent.ForkJoinPool.scan(ForkJoinPool.java:1655) ~[?:?]
	at java.util.concurrent.ForkJoinPool.runWorker(ForkJoinPool.java:1622) ~[?:?]
	at java.util.concurrent.ForkJoinWorkerThread.run(ForkJoinWorkerThread.java:165) ~[?:?]
[18Apr2026 00:44:57.229] [Worker-Main-3/ERROR] [net.minecraftforge.common.ForgeHooks/]: Couldn't parse element loot_tables:bygonenether:blocks/cracked_withered_blackstone_vertical_slab
com.google.gson.JsonSyntaxException: Expected name to be an item, was unknown string 'bygonenether:cracked_withered_blackstone_vertical_slab'
	at net.minecraft.util.GsonHelper.m_13866_(GsonHelper.java:145) ~[server-1.20.1-20230612.114412-srg.jar%23247!/:?]
	at java.util.Optional.orElseThrow(Optional.java:403) ~[?:?]
	at net.minecraft.util.GsonHelper.m_13874_(GsonHelper.java:145) ~[server-1.20.1-20230612.114412-srg.jar%23247!/:?]
	at net.minecraft.util.GsonHelper.m_13909_(GsonHelper.java:153) ~[server-1.20.1-20230612.114412-srg.jar%23247!/:?]
	at net.minecraft.world.level.storage.loot.entries.LootItem$Serializer.m_7267_(LootItem.java:55) ~[server-1.20.1-20230612.114412-srg.jar%23247!/:?]
	at net.minecraft.world.level.storage.loot.entries.LootItem$Serializer.m_7267_(LootItem.java:40) ~[server-1.20.1-20230612.114412-srg.jar%23247!/:?]
	at net.minecraft.world.level.storage.loot.entries.LootPoolSingletonContainer$Serializer.m_5921_(LootPoolSingletonContainer.java:151) ~[server-1.20.1-20230612.114412-srg.jar%23247!/:?]
	at net.minecraft.world.level.storage.loot.entries.LootPoolSingletonContainer$Serializer.m_5921_(LootPoolSingletonContainer.java:129) ~[server-1.20.1-20230612.114412-srg.jar%23247!/:?]
	at net.minecraft.world.level.storage.loot.entries.LootPoolEntryContainer$Serializer.m_7561_(LootPoolEntryContainer.java:86) ~[server-1.20.1-20230612.114412-srg.jar%23247!/:?]
	at net.minecraft.world.level.storage.loot.entries.LootPoolEntryContainer$Serializer.m_7561_(LootPoolEntryContainer.java:74) ~[server-1.20.1-20230612.114412-srg.jar%23247!/:?]
	at net.minecraft.world.level.storage.loot.GsonAdapterFactory$JsonAdapter.deserialize(GsonAdapterFactory.java:102) ~[server-1.20.1-20230612.114412-srg.jar%23247!/:?]
	at com.google.gson.internal.bind.TreeTypeAdapter.read(TreeTypeAdapter.java:76) ~[gson-2.10.jar%2372!/:?]
	at com.google.gson.internal.bind.TypeAdapterRuntimeTypeWrapper.read(TypeAdapterRuntimeTypeWrapper.java:40) ~[gson-2.10.jar%2372!/:?]
	at com.google.gson.internal.bind.ArrayTypeAdapter.read(ArrayTypeAdapter.java:72) ~[gson-2.10.jar%2372!/:?]
	at com.google.gson.Gson.fromJson(Gson.java:1214) ~[gson-2.10.jar%2372!/:?]
	at com.google.gson.Gson.fromJson(Gson.java:1319) ~[gson-2.10.jar%2372!/:?]
	at com.google.gson.Gson.fromJson(Gson.java:1290) ~[gson-2.10.jar%2372!/:?]
	at com.google.gson.internal.bind.TreeTypeAdapter$GsonContextImpl.deserialize(TreeTypeAdapter.java:179) ~[gson-2.10.jar%2372!/:?]
	at net.minecraft.util.GsonHelper.m_13808_(GsonHelper.java:463) ~[server-1.20.1-20230612.114412-srg.jar%23247!/:?]
	at net.minecraft.util.GsonHelper.m_13836_(GsonHelper.java:471) ~[server-1.20.1-20230612.114412-srg.jar%23247!/:?]
	at net.minecraft.world.level.storage.loot.LootPool$Serializer.deserialize(LootPool.java:192) ~[server-1.20.1-20230612.114412-srg.jar%23247!/:?]
	at net.minecraft.world.level.storage.loot.LootPool$Serializer.deserialize(LootPool.java:189) ~[server-1.20.1-20230612.114412-srg.jar%23247!/:?]
	at com.google.gson.internal.bind.TreeTypeAdapter.read(TreeTypeAdapter.java:76) ~[gson-2.10.jar%2372!/:?]
	at com.google.gson.internal.bind.TypeAdapterRuntimeTypeWrapper.read(TypeAdapterRuntimeTypeWrapper.java:40) ~[gson-2.10.jar%2372!/:?]
	at com.google.gson.internal.bind.ArrayTypeAdapter.read(ArrayTypeAdapter.java:72) ~[gson-2.10.jar%2372!/:?]
	at com.google.gson.Gson.fromJson(Gson.java:1214) ~[gson-2.10.jar%2372!/:?]
	at com.google.gson.Gson.fromJson(Gson.java:1319) ~[gson-2.10.jar%2372!/:?]
	at com.google.gson.Gson.fromJson(Gson.java:1290) ~[gson-2.10.jar%2372!/:?]
	at com.google.gson.internal.bind.TreeTypeAdapter$GsonContextImpl.deserialize(TreeTypeAdapter.java:179) ~[gson-2.10.jar%2372!/:?]
	at net.minecraft.util.GsonHelper.m_13808_(GsonHelper.java:463) ~[server-1.20.1-20230612.114412-srg.jar%23247!/:?]
	at net.minecraft.util.GsonHelper.m_13845_(GsonHelper.java:481) ~[server-1.20.1-20230612.114412-srg.jar%23247!/:?]
	at net.minecraft.world.level.storage.loot.LootTable$Serializer.deserialize(LootTable.java:294) ~[server-1.20.1-20230612.114412-srg.jar%23247!/:?]
	at net.minecraft.world.level.storage.loot.LootTable$Serializer.deserialize(LootTable.java:291) ~[server-1.20.1-20230612.114412-srg.jar%23247!/:?]
	at com.google.gson.internal.bind.TreeTypeAdapter.read(TreeTypeAdapter.java:76) ~[gson-2.10.jar%2372!/:?]
	at com.google.gson.Gson.fromJson(Gson.java:1214) ~[gson-2.10.jar%2372!/:?]
	at com.google.gson.Gson.fromJson(Gson.java:1319) ~[gson-2.10.jar%2372!/:?]
	at com.google.gson.Gson.fromJson(Gson.java:1261) ~[gson-2.10.jar%2372!/:?]
	at net.minecraftforge.common.ForgeHooks.loadLootTable(ForgeHooks.java:871) ~[forge-1.20.1-47.3.7-universal.jar%23252!/:?]
	at net.minecraftforge.common.ForgeHooks.lambda$getLootTableDeserializer$3(ForgeHooks.java:848) ~[forge-1.20.1-47.3.7-universal.jar%23252!/:?]
	at net.minecraft.world.level.storage.loot.LootDataType.deserialize(LootDataType.java:45) ~[server-1.20.1-20230612.114412-srg.jar%23247!/:?]
	at net.minecraft.world.level.storage.loot.LootDataManager.lambda$scheduleElementParse$4(LootDataManager.java:56) ~[server-1.20.1-20230612.114412-srg.jar%23247!/:?]
	at java.util.HashMap.forEach(HashMap.java:1421) ~[?:?]
	at net.minecraft.world.level.storage.loot.LootDataManager.m_278660_(LootDataManager.java:55) ~[server-1.20.1-20230612.114412-srg.jar%23247!/:?]
	at java.util.concurrent.CompletableFuture$AsyncRun.run(CompletableFuture.java:1804) ~[?:?]
	at java.util.concurrent.CompletableFuture$AsyncRun.exec(CompletableFuture.java:1796) ~[?:?]
	at java.util.concurrent.ForkJoinTask.doExec(ForkJoinTask.java:373) ~[?:?]
	at java.util.concurrent.ForkJoinPool$WorkQueue.topLevelExec(ForkJoinPool.java:1182) ~[?:?]
	at java.util.concurrent.ForkJoinPool.scan(ForkJoinPool.java:1655) ~[?:?]
	at java.util.concurrent.ForkJoinPool.runWorker(ForkJoinPool.java:1622) ~[?:?]
	at java.util.concurrent.ForkJoinWorkerThread.run(ForkJoinWorkerThread.java:165) ~[?:?]
[18Apr2026 00:44:57.428] [Worker-Main-3/ERROR] [net.minecraftforge.common.ForgeHooks/]: Couldn't parse element loot_tables:bygonenether:blocks/warped_nether_brick_vertical_slab
java.lang.IllegalArgumentException: Can't find block bygonenether:warped_nether_brick_vertical_slab
	at net.minecraft.world.level.storage.loot.predicates.LootItemBlockStatePropertyCondition$Serializer.m_81802_(LootItemBlockStatePropertyCondition.java:79) ~[server-1.20.1-20230612.114412-srg.jar%23247!/:?]
	at java.util.Optional.orElseThrow(Optional.java:403) ~[?:?]
	at net.minecraft.world.level.storage.loot.predicates.LootItemBlockStatePropertyCondition$Serializer.m_7561_(LootItemBlockStatePropertyCondition.java:79) ~[server-1.20.1-20230612.114412-srg.jar%23247!/:?]
	at net.minecraft.world.level.storage.loot.predicates.LootItemBlockStatePropertyCondition$Serializer.m_7561_(LootItemBlockStatePropertyCondition.java:68) ~[server-1.20.1-20230612.114412-srg.jar%23247!/:?]
	at net.minecraft.world.level.storage.loot.GsonAdapterFactory$JsonAdapter.deserialize(GsonAdapterFactory.java:102) ~[server-1.20.1-20230612.114412-srg.jar%23247!/:?]
	at com.google.gson.internal.bind.TreeTypeAdapter.read(TreeTypeAdapter.java:76) ~[gson-2.10.jar%2372!/:?]
	at com.google.gson.internal.bind.TypeAdapterRuntimeTypeWrapper.read(TypeAdapterRuntimeTypeWrapper.java:40) ~[gson-2.10.jar%2372!/:?]
	at com.google.gson.internal.bind.ArrayTypeAdapter.read(ArrayTypeAdapter.java:72) ~[gson-2.10.jar%2372!/:?]
	at com.google.gson.Gson.fromJson(Gson.java:1214) ~[gson-2.10.jar%2372!/:?]
	at com.google.gson.Gson.fromJson(Gson.java:1319) ~[gson-2.10.jar%2372!/:?]
	at com.google.gson.Gson.fromJson(Gson.java:1290) ~[gson-2.10.jar%2372!/:?]
	at com.google.gson.internal.bind.TreeTypeAdapter$GsonContextImpl.deserialize(TreeTypeAdapter.java:179) ~[gson-2.10.jar%2372!/:?]
	at net.minecraft.util.GsonHelper.m_13808_(GsonHelper.java:463) ~[server-1.20.1-20230612.114412-srg.jar%23247!/:?]
	at net.minecraft.util.GsonHelper.m_13845_(GsonHelper.java:481) ~[server-1.20.1-20230612.114412-srg.jar%23247!/:?]
	at net.minecraft.world.level.storage.loot.functions.LootItemConditionalFunction$Serializer.m_7561_(LootItemConditionalFunction.java:98) ~[server-1.20.1-20230612.114412-srg.jar%23247!/:?]
	at net.minecraft.world.level.storage.loot.functions.LootItemConditionalFunction$Serializer.m_7561_(LootItemConditionalFunction.java:88) ~[server-1.20.1-20230612.114412-srg.jar%23247!/:?]
	at net.minecraft.world.level.storage.loot.GsonAdapterFactory$JsonAdapter.deserialize(GsonAdapterFactory.java:102) ~[server-1.20.1-20230612.114412-srg.jar%23247!/:?]
	at com.google.gson.internal.bind.TreeTypeAdapter.read(TreeTypeAdapter.java:76) ~[gson-2.10.jar%2372!/:?]
	at com.google.gson.internal.bind.TypeAdapterRuntimeTypeWrapper.read(TypeAdapterRuntimeTypeWrapper.java:40) ~[gson-2.10.jar%2372!/:?]
	at com.google.gson.internal.bind.ArrayTypeAdapter.read(ArrayTypeAdapter.java:72) ~[gson-2.10.jar%2372!/:?]
	at com.google.gson.Gson.fromJson(Gson.java:1214) ~[gson-2.10.jar%2372!/:?]
	at com.google.gson.Gson.fromJson(Gson.java:1319) ~[gson-2.10.jar%2372!/:?]
	at com.google.gson.Gson.fromJson(Gson.java:1290) ~[gson-2.10.jar%2372!/:?]
	at com.google.gson.internal.bind.TreeTypeAdapter$GsonContextImpl.deserialize(TreeTypeAdapter.java:179) ~[gson-2.10.jar%2372!/:?]
	at net.minecraft.util.GsonHelper.m_13808_(GsonHelper.java:463) ~[server-1.20.1-20230612.114412-srg.jar%23247!/:?]
	at net.minecraft.util.GsonHelper.m_13845_(GsonHelper.java:481) ~[server-1.20.1-20230612.114412-srg.jar%23247!/:?]
	at net.minecraft.world.level.storage.loot.entries.LootPoolSingletonContainer$Serializer.m_5921_(LootPoolSingletonContainer.java:149) ~[server-1.20.1-20230612.114412-srg.jar%23247!/:?]
	at net.minecraft.world.level.storage.loot.entries.LootPoolSingletonContainer$Serializer.m_5921_(LootPoolSingletonContainer.java:129) ~[server-1.20.1-20230612.114412-srg.jar%23247!/:?]
	at net.minecraft.world.level.storage.loot.entries.LootPoolEntryContainer$Serializer.m_7561_(LootPoolEntryContainer.java:86) ~[server-1.20.1-20230612.114412-srg.jar%23247!/:?]
	at net.minecraft.world.level.storage.loot.entries.LootPoolEntryContainer$Serializer.m_7561_(LootPoolEntryContainer.java:74) ~[server-1.20.1-20230612.114412-srg.jar%23247!/:?]
	at net.minecraft.world.level.storage.loot.GsonAdapterFactory$JsonAdapter.deserialize(GsonAdapterFactory.java:102) ~[server-1.20.1-20230612.114412-srg.jar%23247!/:?]
	at com.google.gson.internal.bind.TreeTypeAdapter.read(TreeTypeAdapter.java:76) ~[gson-2.10.jar%2372!/:?]
	at com.google.gson.internal.bind.TypeAdapterRuntimeTypeWrapper.read(TypeAdapterRuntimeTypeWrapper.java:40) ~[gson-2.10.jar%2372!/:?]
	at com.google.gson.internal.bind.ArrayTypeAdapter.read(ArrayTypeAdapter.java:72) ~[gson-2.10.jar%2372!/:?]
	at com.google.gson.Gson.fromJson(Gson.java:1214) ~[gson-2.10.jar%2372!/:?]
	at com.google.gson.Gson.fromJson(Gson.java:1319) ~[gson-2.10.jar%2372!/:?]
	at com.google.gson.Gson.fromJson(Gson.java:1290) ~[gson-2.10.jar%2372!/:?]
	at com.google.gson.internal.bind.TreeTypeAdapter$GsonContextImpl.deserialize(TreeTypeAdapter.java:179) ~[gson-2.10.jar%2372!/:?]
	at net.minecraft.util.GsonHelper.m_13808_(GsonHelper.java:463) ~[server-1.20.1-20230612.114412-srg.jar%23247!/:?]
	at net.minecraft.util.GsonHelper.m_13836_(GsonHelper.java:471) ~[server-1.20.1-20230612.114412-srg.jar%23247!/:?]
	at net.minecraft.world.level.storage.loot.LootPool$Serializer.deserialize(LootPool.java:192) ~[server-1.20.1-20230612.114412-srg.jar%23247!/:?]
	at net.minecraft.world.level.storage.loot.LootPool$Serializer.deserialize(LootPool.java:189) ~[server-1.20.1-20230612.114412-srg.jar%23247!/:?]
	at com.google.gson.internal.bind.TreeTypeAdapter.read(TreeTypeAdapter.java:76) ~[gson-2.10.jar%2372!/:?]
	at com.google.gson.internal.bind.TypeAdapterRuntimeTypeWrapper.read(TypeAdapterRuntimeTypeWrapper.java:40) ~[gson-2.10.jar%2372!/:?]
	at com.google.gson.internal.bind.ArrayTypeAdapter.read(ArrayTypeAdapter.java:72) ~[gson-2.10.jar%2372!/:?]
	at com.google.gson.Gson.fromJson(Gson.java:1214) ~[gson-2.10.jar%2372!/:?]
	at com.google.gson.Gson.fromJson(Gson.java:1319) ~[gson-2.10.jar%2372!/:?]
	at com.google.gson.Gson.fromJson(Gson.java:1290) ~[gson-2.10.jar%2372!/:?]
	at com.google.gson.internal.bind.TreeTypeAdapter$GsonContextImpl.deserialize(TreeTypeAdapter.java:179) ~[gson-2.10.jar%2372!/:?]
	at net.minecraft.util.GsonHelper.m_13808_(GsonHelper.java:463) ~[server-1.20.1-20230612.114412-srg.jar%23247!/:?]
	at net.minecraft.util.GsonHelper.m_13845_(GsonHelper.java:481) ~[server-1.20.1-20230612.114412-srg.jar%23247!/:?]
	at net.minecraft.world.level.storage.loot.LootTable$Serializer.deserialize(LootTable.java:294) ~[server-1.20.1-20230612.114412-srg.jar%23247!/:?]
	at net.minecraft.world.level.storage.loot.LootTable$Serializer.deserialize(LootTable.java:291) ~[server-1.20.1-20230612.114412-srg.jar%23247!/:?]
	at com.google.gson.internal.bind.TreeTypeAdapter.read(TreeTypeAdapter.java:76) ~[gson-2.10.jar%2372!/:?]
	at com.google.gson.Gson.fromJson(Gson.java:1214) ~[gson-2.10.jar%2372!/:?]
	at com.google.gson.Gson.fromJson(Gson.java:1319) ~[gson-2.10.jar%2372!/:?]
	at com.google.gson.Gson.fromJson(Gson.java:1261) ~[gson-2.10.jar%2372!/:?]
	at net.minecraftforge.common.ForgeHooks.loadLootTable(ForgeHooks.java:871) ~[forge-1.20.1-47.3.7-universal.jar%23252!/:?]
	at net.minecraftforge.common.ForgeHooks.lambda$getLootTableDeserializer$3(ForgeHooks.java:848) ~[forge-1.20.1-47.3.7-universal.jar%23252!/:?]
	at net.minecraft.world.level.storage.loot.LootDataType.deserialize(LootDataType.java:45) ~[server-1.20.1-20230612.114412-srg.jar%23247!/:?]
	at net.minecraft.world.level.storage.loot.LootDataManager.lambda$scheduleElementParse$4(LootDataManager.java:56) ~[server-1.20.1-20230612.114412-srg.jar%23247!/:?]
	at java.util.HashMap.forEach(HashMap.java:1421) ~[?:?]
	at net.minecraft.world.level.storage.loot.LootDataManager.m_278660_(LootDataManager.java:55) ~[server-1.20.1-20230612.114412-srg.jar%23247!/:?]
	at java.util.concurrent.CompletableFuture$AsyncRun.run(CompletableFuture.java:1804) ~[?:?]
	at java.util.concurrent.CompletableFuture$AsyncRun.exec(CompletableFuture.java:1796) ~[?:?]
	at java.util.concurrent.ForkJoinTask.doExec(ForkJoinTask.java:373) ~[?:?]
	at java.util.concurrent.ForkJoinPool$WorkQueue.topLevelExec(ForkJoinPool.java:1182) ~[?:?]
	at java.util.concurrent.ForkJoinPool.scan(ForkJoinPool.java:1655) ~[?:?]
	at java.util.concurrent.ForkJoinPool.runWorker(ForkJoinPool.java:1622) ~[?:?]
	at java.util.concurrent.ForkJoinWorkerThread.run(ForkJoinWorkerThread.java:165) ~[?:?]
[18Apr2026 00:44:57.548] [main/DEBUG] [mixin/]: Mixing AccessorSmithingTransformRecipe from patchouli_xplat.mixins.json into net.minecraft.world.item.crafting.SmithingTransformRecipe
[18Apr2026 00:44:57.552] [main/DEBUG] [mixin/]: Mixing AccessorSmithingTrimRecipe from patchouli_xplat.mixins.json into net.minecraft.world.item.crafting.SmithingTrimRecipe
[18Apr2026 00:44:57.721] [main/ERROR] [net.minecraft.world.item.crafting.RecipeManager/]: Parsing error loading recipe alexsdelight:barbecue_on_a_stick
com.google.gson.JsonSyntaxException: Unknown item 'amfd:singular_cooked_moose_rib'
	at net.minecraft.world.item.crafting.ShapedRecipe.m_151280_(ShapedRecipe.java:292) ~[server-1.20.1-20230612.114412-srg.jar%23247!/:?]
	at java.util.Optional.orElseThrow(Optional.java:403) ~[?:?]
	at net.minecraft.world.item.crafting.ShapedRecipe.m_151278_(ShapedRecipe.java:291) ~[server-1.20.1-20230612.114412-srg.jar%23247!/:?]
	at net.minecraft.world.item.crafting.Ingredient.m_43919_(Ingredient.java:219) ~[server-1.20.1-20230612.114412-srg.jar%23247!/:?]
	at net.minecraftforge.common.crafting.VanillaIngredientSerializer.parse(VanillaIngredientSerializer.java:27) ~[forge-1.20.1-47.3.7-universal.jar%23252!/:?]
	at net.minecraftforge.common.crafting.CraftingHelper.getIngredient(CraftingHelper.java:148) ~[forge-1.20.1-47.3.7-universal.jar%23252!/:?]
	at net.minecraft.world.item.crafting.Ingredient.m_288218_(Ingredient.java:194) ~[server-1.20.1-20230612.114412-srg.jar%23247!/:?]
	at net.minecraft.world.item.crafting.ShapelessRecipe$Serializer.m_44275_(ShapelessRecipe.java:104) ~[server-1.20.1-20230612.114412-srg.jar%23247!/:?]
	at net.minecraft.world.item.crafting.ShapelessRecipe$Serializer.m_6729_(ShapelessRecipe.java:89) ~[server-1.20.1-20230612.114412-srg.jar%23247!/:?]
	at net.minecraft.world.item.crafting.ShapelessRecipe$Serializer.m_6729_(ShapelessRecipe.java:84) ~[server-1.20.1-20230612.114412-srg.jar%23247!/:?]
	at net.minecraftforge.common.extensions.IForgeRecipeSerializer.fromJson(IForgeRecipeSerializer.java:23) ~[forge-1.20.1-47.3.7-universal.jar%23252!/:?]
	at net.minecraft.world.item.crafting.RecipeManager.fromJson(RecipeManager.java:171) ~[server-1.20.1-20230612.114412-srg.jar%23247!/:?]
	at net.minecraft.world.item.crafting.RecipeManager.m_5787_(RecipeManager.java:67) ~[server-1.20.1-20230612.114412-srg.jar%23247!/:?]
	at net.minecraft.world.item.crafting.RecipeManager.m_5787_(RecipeManager.java:34) ~[server-1.20.1-20230612.114412-srg.jar%23247!/:?]
	at net.minecraft.server.packs.resources.SimplePreparableReloadListener.m_10789_(SimplePreparableReloadListener.java:13) ~[server-1.20.1-20230612.114412-srg.jar%23247!/:?]
	at java.util.concurrent.CompletableFuture$UniAccept.tryFire(CompletableFuture.java:718) ~[?:?]
	at java.util.concurrent.CompletableFuture$Completion.run(CompletableFuture.java:482) ~[?:?]
	at net.minecraft.server.packs.resources.SimpleReloadInstance.m_143940_(SimpleReloadInstance.java:69) ~[server-1.20.1-20230612.114412-srg.jar%23247!/:?]
	at net.minecraft.Util.m_214652_(Util.java:783) ~[server-1.20.1-20230612.114412-srg.jar%23247!/:?]
	at net.minecraft.Util.m_214679_(Util.java:772) ~[server-1.20.1-20230612.114412-srg.jar%23247!/:?]
	at net.minecraft.server.Main.main(Main.java:166) ~[server-1.20.1-20230612.114412-srg.jar%23247!/:?]
	at jdk.internal.reflect.NativeMethodAccessorImpl.invoke0(Native Method) ~[?:?]
	at jdk.internal.reflect.NativeMethodAccessorImpl.invoke(NativeMethodAccessorImpl.java:77) ~[?:?]
	at jdk.internal.reflect.DelegatingMethodAccessorImpl.invoke(DelegatingMethodAccessorImpl.java:43) ~[?:?]
	at java.lang.reflect.Method.invoke(Method.java:569) ~[?:?]
	at net.minecraftforge.fml.loading.targets.CommonLaunchHandler.runTarget(CommonLaunchHandler.java:111) ~[fmlloader-1.20.1-47.3.7.jar%2369!/:?]
	at net.minecraftforge.fml.loading.targets.CommonLaunchHandler.serverService(CommonLaunchHandler.java:103) ~[fmlloader-1.20.1-47.3.7.jar%2369!/:?]
	at net.minecraftforge.fml.loading.targets.CommonServerLaunchHandler.lambda$makeService$0(CommonServerLaunchHandler.java:27) ~[fmlloader-1.20.1-47.3.7.jar%2369!/:?]
	at cpw.mods.modlauncher.LaunchServiceHandlerDecorator.launch(LaunchServiceHandlerDecorator.java:30) ~[modlauncher-10.0.9.jar%2355!/:?]
	at cpw.mods.modlauncher.LaunchServiceHandler.launch(LaunchServiceHandler.java:53) ~[modlauncher-10.0.9.jar%2355!/:?]
	at cpw.mods.modlauncher.LaunchServiceHandler.launch(LaunchServiceHandler.java:71) ~[modlauncher-10.0.9.jar%2355!/:?]
	at cpw.mods.modlauncher.Launcher.run(Launcher.java:108) ~[modlauncher-10.0.9.jar%2355!/:?]
	at cpw.mods.modlauncher.Launcher.main(Launcher.java:78) ~[modlauncher-10.0.9.jar%2355!/:?]
	at cpw.mods.modlauncher.BootstrapLaunchConsumer.accept(BootstrapLaunchConsumer.java:26) ~[modlauncher-10.0.9.jar%2355!/:?]
	at cpw.mods.modlauncher.BootstrapLaunchConsumer.accept(BootstrapLaunchConsumer.java:23) ~[modlauncher-10.0.9.jar%2355!/:?]
	at cpw.mods.bootstraplauncher.BootstrapLauncher.main(BootstrapLauncher.java:141) ~[bootstraplauncher-1.1.2.jar:?]
[18Apr2026 00:44:57.783] [main/INFO] [net.minecraft.world.item.crafting.RecipeManager/]: Loaded 10 recipes
[18Apr2026 00:44:57.793] [main/DEBUG] [mixin/]: Mixing DisplayInfoMixin from ftblibrary-common.mixins.json into net.minecraft.advancements.DisplayInfo
[18Apr2026 00:44:57.793] [main/DEBUG] [mixin/]: ftblibrary-common.mixins.json:DisplayInfoMixin: Class version 61 required is higher than the class version supported by the current version of Mixin (JAVA_8 supports class version 52)
[18Apr2026 00:44:57.965] [main/INFO] [net.minecraft.advancements.AdvancementList/]: Loaded 2063 advancements
[18Apr2026 00:44:57.969] [main/INFO] [atomicstryker.dynamiclights.server.ItemLightLevels/]: Clearing item tag to light level mapping cache
[18Apr2026 00:44:57.971] [main/INFO] [com.cupboard.Cupboard/]: Loaded config for: lootintegrations.json
[18Apr2026 00:44:57.972] [main/INFO] [Dungeon Crawl/]: Loading data...
[18Apr2026 00:44:57.977] [main/DEBUG] [Dungeon Crawl/]: Loading dungeoncrawl:models/catacombs/corridor/linker/linker.nbt
[18Apr2026 00:44:58.000] [main/DEBUG] [Dungeon Crawl/]: Loading dungeoncrawl:models/catacombs/corridor/linker/linker.json
[18Apr2026 00:44:58.011] [main/DEBUG] [Dungeon Crawl/]: Loading dungeoncrawl:models/catacombs/corridor/linker/linker_trap.nbt
[18Apr2026 00:44:58.011] [main/DEBUG] [Dungeon Crawl/]: Loading dungeoncrawl:models/catacombs/corridor/linker/linker_trap.json
[18Apr2026 00:44:58.020] [main/DEBUG] [Dungeon Crawl/]: Loading dungeoncrawl:models/catacombs/multipart/connector.nbt
[18Apr2026 00:44:58.020] [main/DEBUG] [Dungeon Crawl/]: Loading dungeoncrawl:models/catacombs/multipart/connector_2.nbt
[18Apr2026 00:44:58.020] [main/DEBUG] [Dungeon Crawl/]: Loading dungeoncrawl:models/catacombs/multipart/corridor/ceiling.nbt
[18Apr2026 00:44:58.021] [main/DEBUG] [Dungeon Crawl/]: Loading dungeoncrawl:models/catacombs/multipart/corridor/ceiling_glowstone.nbt
[18Apr2026 00:44:58.021] [main/DEBUG] [Dungeon Crawl/]: Loading dungeoncrawl:models/catacombs/multipart/corridor/ceiling_lamp.nbt
[18Apr2026 00:44:58.021] [main/DEBUG] [Dungeon Crawl/]: Loading dungeoncrawl:models/catacombs/multipart/crypt_graves.nbt
[18Apr2026 00:44:58.022] [main/DEBUG] [Dungeon Crawl/]: Loading dungeoncrawl:models/catacombs/multipart/crypt_graves.json
[18Apr2026 00:44:58.022] [main/DEBUG] [Dungeon Crawl/]: Loading dungeoncrawl:models/catacombs/multipart/hidden_piston.nbt
[18Apr2026 00:44:58.023] [main/DEBUG] [Dungeon Crawl/]: Loading dungeoncrawl:models/catacombs/multipart/large_connector.nbt
[18Apr2026 00:44:58.023] [main/DEBUG] [Dungeon Crawl/]: Loading dungeoncrawl:models/catacombs/multipart/large_spawner_cell_open.nbt
[18Apr2026 00:44:58.023] [main/DEBUG] [Dungeon Crawl/]: Loading dungeoncrawl:models/catacombs/multipart/node/ceiling/crumbled.nbt
[18Apr2026 00:44:58.024] [main/DEBUG] [Dungeon Crawl/]: Loading dungeoncrawl:models/catacombs/multipart/node/ceiling/dome.nbt
[18Apr2026 00:44:58.024] [main/DEBUG] [Dungeon Crawl/]: Loading dungeoncrawl:models/catacombs/multipart/node/ceiling/flat.nbt
[18Apr2026 00:44:58.024] [main/DEBUG] [Dungeon Crawl/]: Loading dungeoncrawl:models/catacombs/multipart/node/ceiling/light.nbt
[18Apr2026 00:44:58.025] [main/DEBUG] [Dungeon Crawl/]: Loading dungeoncrawl:models/catacombs/node/crypt_dead_end.nbt
[18Apr2026 00:44:58.026] [main/DEBUG] [Dungeon Crawl/]: Loading dungeoncrawl:models/catacombs/node/crypt_dead_end.json
[18Apr2026 00:44:58.028] [main/DEBUG] [Dungeon Crawl/]: Loading dungeoncrawl:models/catacombs/node/crypt_turn.nbt
[18Apr2026 00:44:58.029] [main/DEBUG] [Dungeon Crawl/]: Loading dungeoncrawl:models/catacombs/node/crypt_turn.json
[18Apr2026 00:44:58.031] [main/DEBUG] [Dungeon Crawl/]: Loading dungeoncrawl:models/catacombs/node/fountain.nbt
[18Apr2026 00:44:58.035] [main/DEBUG] [Dungeon Crawl/]: Loading dungeoncrawl:models/catacombs/node/fountain.json
[18Apr2026 00:44:58.035] [main/DEBUG] [Dungeon Crawl/]: Loading dungeoncrawl:models/catacombs/node/prison.nbt
[18Apr2026 00:44:58.039] [main/DEBUG] [Dungeon Crawl/]: Loading dungeoncrawl:models/catacombs/node/prison.json
[18Apr2026 00:44:58.040] [main/DEBUG] [Dungeon Crawl/]: Loading dungeoncrawl:models/catacombs/node/prison_fork.nbt
[18Apr2026 00:44:58.044] [main/DEBUG] [Dungeon Crawl/]: Loading dungeoncrawl:models/catacombs/node/prison_fork.json
[18Apr2026 00:44:58.045] [main/DEBUG] [Dungeon Crawl/]: Loading dungeoncrawl:models/catacombs/node/room.nbt
[18Apr2026 00:44:58.047] [main/DEBUG] [Dungeon Crawl/]: Loading dungeoncrawl:models/catacombs/node/room.json
[18Apr2026 00:44:58.048] [main/DEBUG] [Dungeon Crawl/]: Loading dungeoncrawl:models/catacombs/node/room_2.nbt
[18Apr2026 00:44:58.051] [main/DEBUG] [Dungeon Crawl/]: Loading dungeoncrawl:models/catacombs/node/room_2.json
[18Apr2026 00:44:58.052] [main/DEBUG] [Dungeon Crawl/]: Loading dungeoncrawl:models/catacombs/node/sarcophagus.nbt
[18Apr2026 00:44:58.055] [main/DEBUG] [Dungeon Crawl/]: Loading dungeoncrawl:models/catacombs/node/sarcophagus.json
[18Apr2026 00:44:58.056] [main/DEBUG] [Dungeon Crawl/]: Loading dungeoncrawl:models/catacombs/node/sewers.nbt
[18Apr2026 00:44:58.061] [main/DEBUG] [Dungeon Crawl/]: Loading dungeoncrawl:models/catacombs/node/sewers.json
[18Apr2026 00:44:58.061] [main/DEBUG] [Dungeon Crawl/]: Loading dungeoncrawl:models/catacombs/node/sewers_dead_end.nbt
[18Apr2026 00:44:58.065] [main/DEBUG] [Dungeon Crawl/]: Loading dungeoncrawl:models/catacombs/node/sewers_dead_end.json
[18Apr2026 00:44:58.066] [main/DEBUG] [Dungeon Crawl/]: Loading dungeoncrawl:models/catacombs/node/sewers_fork.nbt
[18Apr2026 00:44:58.070] [main/DEBUG] [Dungeon Crawl/]: Loading dungeoncrawl:models/catacombs/node/sewers_fork.json
[18Apr2026 00:44:58.071] [main/DEBUG] [Dungeon Crawl/]: Loading dungeoncrawl:models/catacombs/node/sewers_straight.nbt
[18Apr2026 00:44:58.075] [main/DEBUG] [Dungeon Crawl/]: Loading dungeoncrawl:models/catacombs/node/sewers_straight.json
[18Apr2026 00:44:58.075] [main/DEBUG] [Dungeon Crawl/]: Loading dungeoncrawl:models/catacombs/room/spawner_room.nbt
[18Apr2026 00:44:58.076] [main/DEBUG] [Dungeon Crawl/]: Loading dungeoncrawl:models/catacombs/room/spawner_room.json
[18Apr2026 00:44:58.077] [main/DEBUG] [Dungeon Crawl/]: Loading dungeoncrawl:models/default/corridor/corridor.nbt
[18Apr2026 00:44:58.077] [main/DEBUG] [Dungeon Crawl/]: Loading dungeoncrawl:models/default/corridor/corridor.json
[18Apr2026 00:44:58.078] [main/DEBUG] [Dungeon Crawl/]: Loading dungeoncrawl:models/default/corridor/corridor_2.nbt
[18Apr2026 00:44:58.079] [main/DEBUG] [Dungeon Crawl/]: Loading dungeoncrawl:models/default/corridor/corridor_2.json
[18Apr2026 00:44:58.079] [main/DEBUG] [Dungeon Crawl/]: Loading dungeoncrawl:models/default/corridor/corridor_3.nbt
[18Apr2026 00:44:58.079] [main/DEBUG] [Dungeon Crawl/]: Loading dungeoncrawl:models/default/corridor/corridor_3.json
[18Apr2026 00:44:58.081] [main/DEBUG] [Dungeon Crawl/]: Loading dungeoncrawl:models/default/corridor/corridor_fire.nbt
[18Apr2026 00:44:58.082] [main/DEBUG] [Dungeon Crawl/]: Loading dungeoncrawl:models/default/corridor/corridor_fire.json
[18Apr2026 00:44:58.082] [main/DEBUG] [Dungeon Crawl/]: Loading dungeoncrawl:models/default/corridor/corridor_light.nbt
[18Apr2026 00:44:58.083] [main/DEBUG] [Dungeon Crawl/]: Loading dungeoncrawl:models/default/corridor/corridor_light.json
[18Apr2026 00:44:58.084] [main/DEBUG] [Dungeon Crawl/]: Loading dungeoncrawl:models/default/corridor/corridor_room.nbt
[18Apr2026 00:44:58.085] [main/DEBUG] [Dungeon Crawl/]: Loading dungeoncrawl:models/default/corridor/corridor_room.json
[18Apr2026 00:44:58.085] [main/DEBUG] [Dungeon Crawl/]: Loading dungeoncrawl:models/default/corridor/corridor_spawner.nbt
[18Apr2026 00:44:58.086] [main/DEBUG] [Dungeon Crawl/]: Loading dungeoncrawl:models/default/corridor/corridor_spawner.json
[18Apr2026 00:44:58.086] [main/DEBUG] [Dungeon Crawl/]: Loading dungeoncrawl:models/default/corridor/linker/cake_room.nbt
[18Apr2026 00:44:58.087] [main/DEBUG] [Dungeon Crawl/]: Loading dungeoncrawl:models/default/corridor/linker/cake_room.json
[18Apr2026 00:44:58.087] [main/DEBUG] [Dungeon Crawl/]: Loading dungeoncrawl:models/default/corridor/linker/linker.nbt
[18Apr2026 00:44:58.088] [main/DEBUG] [Dungeon Crawl/]: Loading dungeoncrawl:models/default/corridor/linker/linker.json
[18Apr2026 00:44:58.088] [main/DEBUG] [Dungeon Crawl/]: Loading dungeoncrawl:models/default/corridor/linker/linker_2.nbt
[18Apr2026 00:44:58.088] [main/DEBUG] [Dungeon Crawl/]: Loading dungeoncrawl:models/default/corridor/linker/linker_2.json
[18Apr2026 00:44:58.089] [main/DEBUG] [Dungeon Crawl/]: Loading dungeoncrawl:models/default/corridor/linker/linker_3.nbt
[18Apr2026 00:44:58.090] [main/DEBUG] [Dungeon Crawl/]: Loading dungeoncrawl:models/default/corridor/linker/linker_3.json
[18Apr2026 00:44:58.090] [main/DEBUG] [Dungeon Crawl/]: Loading dungeoncrawl:models/default/corridor/linker/linker_4.nbt
[18Apr2026 00:44:58.091] [main/DEBUG] [Dungeon Crawl/]: Loading dungeoncrawl:models/default/corridor/linker/linker_4.json
[18Apr2026 00:44:58.091] [main/DEBUG] [Dungeon Crawl/]: Loading dungeoncrawl:models/default/corridor/linker/linker_5.nbt
[18Apr2026 00:44:58.092] [main/DEBUG] [Dungeon Crawl/]: Loading dungeoncrawl:models/default/corridor/linker/linker_5.json
[18Apr2026 00:44:58.092] [main/DEBUG] [Dungeon Crawl/]: Loading dungeoncrawl:models/default/corridor/linker/linker_6.nbt
[18Apr2026 00:44:58.093] [main/DEBUG] [Dungeon Crawl/]: Loading dungeoncrawl:models/default/corridor/linker/linker_6.json
[18Apr2026 00:44:58.093] [main/DEBUG] [Dungeon Crawl/]: Loading dungeoncrawl:models/default/corridor/old_corridor.nbt
[18Apr2026 00:44:58.094] [main/DEBUG] [Dungeon Crawl/]: Loading dungeoncrawl:models/default/corridor/old_corridor.json
[18Apr2026 00:44:58.094] [main/DEBUG] [Dungeon Crawl/]: Loading dungeoncrawl:models/default/corridor/old_corridor_3.nbt
[18Apr2026 00:44:58.095] [main/DEBUG] [Dungeon Crawl/]: Loading dungeoncrawl:models/default/corridor/old_corridor_3.json
[18Apr2026 00:44:58.095] [main/DEBUG] [Dungeon Crawl/]: Loading dungeoncrawl:models/default/corridor/secret_room_entrance.nbt
[18Apr2026 00:44:58.095] [main/DEBUG] [Dungeon Crawl/]: Loading dungeoncrawl:models/default/corridor/secret_room_entrance.json
[18Apr2026 00:44:58.097] [main/DEBUG] [Dungeon Crawl/]: Loading dungeoncrawl:models/default/corridor/stone_corridor.nbt
[18Apr2026 00:44:58.097] [main/DEBUG] [Dungeon Crawl/]: Loading dungeoncrawl:models/default/corridor/stone_corridor.json
[18Apr2026 00:44:58.097] [main/DEBUG] [Dungeon Crawl/]: Loading dungeoncrawl:models/default/loot_room.nbt
[18Apr2026 00:44:58.110] [main/DEBUG] [Dungeon Crawl/]: Loading dungeoncrawl:models/default/loot_room.json
[18Apr2026 00:44:58.110] [main/DEBUG] [Dungeon Crawl/]: Loading dungeoncrawl:models/default/multipart/corridor/bookshelf.nbt
[18Apr2026 00:44:58.110] [main/DEBUG] [Dungeon Crawl/]: Loading dungeoncrawl:models/default/multipart/corridor/chest.nbt
[18Apr2026 00:44:58.110] [main/DEBUG] [Dungeon Crawl/]: Loading dungeoncrawl:models/default/multipart/corridor/chest_room.nbt
[18Apr2026 00:44:58.111] [main/DEBUG] [Dungeon Crawl/]: Loading dungeoncrawl:models/default/multipart/corridor/chest_room_2.nbt
[18Apr2026 00:44:58.111] [main/DEBUG] [Dungeon Crawl/]: Loading dungeoncrawl:models/default/multipart/corridor/crops.nbt
[18Apr2026 00:44:58.111] [main/DEBUG] [Dungeon Crawl/]: Loading dungeoncrawl:models/default/multipart/corridor/crops.json
[18Apr2026 00:44:58.111] [main/DEBUG] [Dungeon Crawl/]: Loading dungeoncrawl:models/default/multipart/corridor/default.nbt
[18Apr2026 00:44:58.112] [main/DEBUG] [Dungeon Crawl/]: Loading dungeoncrawl:models/default/multipart/corridor/empty_room.nbt
[18Apr2026 00:44:58.112] [main/DEBUG] [Dungeon Crawl/]: Loading dungeoncrawl:models/default/multipart/corridor/empty_room_2.nbt
[18Apr2026 00:44:58.112] [main/DEBUG] [Dungeon Crawl/]: Loading dungeoncrawl:models/default/multipart/corridor/empty_room_3.nbt
[18Apr2026 00:44:58.113] [main/DEBUG] [Dungeon Crawl/]: Loading dungeoncrawl:models/default/multipart/corridor/empty_room_4.nbt
[18Apr2026 00:44:58.113] [main/DEBUG] [Dungeon Crawl/]: Loading dungeoncrawl:models/default/multipart/corridor/fire.nbt
[18Apr2026 00:44:58.113] [main/DEBUG] [Dungeon Crawl/]: Loading dungeoncrawl:models/default/multipart/corridor/light.nbt
[18Apr2026 00:44:58.114] [main/DEBUG] [Dungeon Crawl/]: Loading dungeoncrawl:models/default/multipart/corridor/light_switch.nbt
[18Apr2026 00:44:58.114] [main/DEBUG] [Dungeon Crawl/]: Loading dungeoncrawl:models/default/multipart/corridor/secret_room_entrance.nbt
[18Apr2026 00:44:58.114] [main/DEBUG] [Dungeon Crawl/]: Loading dungeoncrawl:models/default/multipart/corridor/secret_room_entrance_2.nbt
[18Apr2026 00:44:58.114] [main/DEBUG] [Dungeon Crawl/]: Loading dungeoncrawl:models/default/multipart/corridor/secret_room_entrance_3.nbt
[18Apr2026 00:44:58.114] [main/DEBUG] [Dungeon Crawl/]: Loading dungeoncrawl:models/default/multipart/corridor/secret_room_entrance_bookshelf.nbt
[18Apr2026 00:44:58.115] [main/DEBUG] [Dungeon Crawl/]: Loading dungeoncrawl:models/default/multipart/corridor/spawner.nbt
[18Apr2026 00:44:58.115] [main/DEBUG] [Dungeon Crawl/]: Loading dungeoncrawl:models/default/multipart/corridor/spawner_room.nbt
[18Apr2026 00:44:58.115] [main/DEBUG] [Dungeon Crawl/]: Loading dungeoncrawl:models/default/multipart/corridor/variant.nbt
[18Apr2026 00:44:58.115] [main/DEBUG] [Dungeon Crawl/]: Loading dungeoncrawl:models/default/multipart/corridor/variant_2.nbt
[18Apr2026 00:44:58.116] [main/DEBUG] [Dungeon Crawl/]: Loading dungeoncrawl:models/default/multipart/large_wall.nbt
[18Apr2026 00:44:58.116] [main/DEBUG] [Dungeon Crawl/]: Loading dungeoncrawl:models/default/multipart/node_connector.nbt
[18Apr2026 00:44:58.116] [main/DEBUG] [Dungeon Crawl/]: Loading dungeoncrawl:models/default/multipart/short_node_connector.nbt
[18Apr2026 00:44:58.116] [main/DEBUG] [Dungeon Crawl/]: Loading dungeoncrawl:models/default/multipart/wall.nbt
[18Apr2026 00:44:58.116] [main/DEBUG] [Dungeon Crawl/]: Loading dungeoncrawl:models/default/multipart/wall_2.nbt
[18Apr2026 00:44:58.117] [main/DEBUG] [Dungeon Crawl/]: Loading dungeoncrawl:models/default/node/connector/connector.nbt
[18Apr2026 00:44:58.117] [main/DEBUG] [Dungeon Crawl/]: Loading dungeoncrawl:models/default/node/connector/connector.json
[18Apr2026 00:44:58.117] [main/DEBUG] [Dungeon Crawl/]: Loading dungeoncrawl:models/default/node/connector/connector_2.nbt
[18Apr2026 00:44:58.117] [main/DEBUG] [Dungeon Crawl/]: Loading dungeoncrawl:models/default/node/connector/connector_2.json
[18Apr2026 00:44:58.118] [main/DEBUG] [Dungeon Crawl/]: Loading dungeoncrawl:models/default/node/connector/connector_3.nbt
[18Apr2026 00:44:58.118] [main/DEBUG] [Dungeon Crawl/]: Loading dungeoncrawl:models/default/node/connector/connector_3.json
[18Apr2026 00:44:58.118] [main/DEBUG] [Dungeon Crawl/]: Loading dungeoncrawl:models/default/node/connector/connector_4.nbt
[18Apr2026 00:44:58.118] [main/DEBUG] [Dungeon Crawl/]: Loading dungeoncrawl:models/default/node/connector/connector_4.json
[18Apr2026 00:44:58.119] [main/DEBUG] [Dungeon Crawl/]: Loading dungeoncrawl:models/default/node/connector/connector_6.nbt
[18Apr2026 00:44:58.119] [main/DEBUG] [Dungeon Crawl/]: Loading dungeoncrawl:models/default/node/connector/connector_6.json
[18Apr2026 00:44:58.119] [main/DEBUG] [Dungeon Crawl/]: Loading dungeoncrawl:models/default/node/connector/connector_lava.nbt
[18Apr2026 00:44:58.119] [main/DEBUG] [Dungeon Crawl/]: Loading dungeoncrawl:models/default/node/connector/node_connector_catacomb.nbt
[18Apr2026 00:44:58.120] [main/DEBUG] [Dungeon Crawl/]: Loading dungeoncrawl:models/default/node/connector/node_connector_catacomb.json
[18Apr2026 00:44:58.120] [main/DEBUG] [Dungeon Crawl/]: Loading dungeoncrawl:models/default/node/dark_hall.nbt
[18Apr2026 00:44:58.124] [main/DEBUG] [Dungeon Crawl/]: Loading dungeoncrawl:models/default/node/fire_hall.nbt
[18Apr2026 00:44:58.129] [main/DEBUG] [Dungeon Crawl/]: Loading dungeoncrawl:models/default/node/fireplace.nbt
[18Apr2026 00:44:58.131] [main/DEBUG] [Dungeon Crawl/]: Loading dungeoncrawl:models/default/node/fireplace.json
[18Apr2026 00:44:58.131] [main/DEBUG] [Dungeon Crawl/]: Loading dungeoncrawl:models/default/node/forge.nbt
[18Apr2026 00:44:58.133] [main/DEBUG] [Dungeon Crawl/]: Loading dungeoncrawl:models/default/node/forge.json
[18Apr2026 00:44:58.133] [main/DEBUG] [Dungeon Crawl/]: Loading dungeoncrawl:models/default/node/jukebox_room.nbt
[18Apr2026 00:44:58.134] [main/DEBUG] [Dungeon Crawl/]: Loading dungeoncrawl:models/default/node/jukebox_room.json
[18Apr2026 00:44:58.135] [main/DEBUG] [Dungeon Crawl/]: Loading dungeoncrawl:models/default/node/library.nbt
[18Apr2026 00:44:58.140] [main/DEBUG] [Dungeon Crawl/]: Loading dungeoncrawl:models/default/node/library.json
[18Apr2026 00:44:58.140] [main/DEBUG] [Dungeon Crawl/]: Loading dungeoncrawl:models/default/node/node_turn.nbt
[18Apr2026 00:44:58.142] [main/DEBUG] [Dungeon Crawl/]: Loading dungeoncrawl:models/default/node/node_turn.json
[18Apr2026 00:44:58.142] [main/DEBUG] [Dungeon Crawl/]: Loading dungeoncrawl:models/default/node/old_fire_hall.nbt
[18Apr2026 00:44:58.146] [main/DEBUG] [Dungeon Crawl/]: Loading dungeoncrawl:models/default/node/old_fire_hall.json
[18Apr2026 00:44:58.146] [main/DEBUG] [Dungeon Crawl/]: Loading dungeoncrawl:models/default/node/old_jukebox_room.nbt
[18Apr2026 00:44:58.148] [main/DEBUG] [Dungeon Crawl/]: Loading dungeoncrawl:models/default/node/old_jukebox_room.json
[18Apr2026 00:44:58.148] [main/DEBUG] [Dungeon Crawl/]: Loading dungeoncrawl:models/default/node/room.nbt
[18Apr2026 00:44:58.149] [main/DEBUG] [Dungeon Crawl/]: Loading dungeoncrawl:models/default/node/room.json
[18Apr2026 00:44:58.149] [main/DEBUG] [Dungeon Crawl/]: Loading dungeoncrawl:models/default/node/room_2.nbt
[18Apr2026 00:44:58.151] [main/DEBUG] [Dungeon Crawl/]: Loading dungeoncrawl:models/default/node/room_2.json
[18Apr2026 00:44:58.151] [main/DEBUG] [Dungeon Crawl/]: Loading dungeoncrawl:models/default/node/spawner_hall.nbt
[18Apr2026 00:44:58.156] [main/DEBUG] [Dungeon Crawl/]: Loading dungeoncrawl:models/default/node/spawner_hall.json
[18Apr2026 00:44:58.156] [main/DEBUG] [Dungeon Crawl/]: Loading dungeoncrawl:models/default/old_loot_room.nbt
[18Apr2026 00:44:58.161] [main/DEBUG] [Dungeon Crawl/]: Loading dungeoncrawl:models/default/old_loot_room.json
[18Apr2026 00:44:58.161] [main/DEBUG] [Dungeon Crawl/]: Loading dungeoncrawl:models/default/room/food_side_room.nbt
[18Apr2026 00:44:58.161] [main/DEBUG] [Dungeon Crawl/]: Loading dungeoncrawl:models/default/room/food_side_room.json
[18Apr2026 00:44:58.161] [main/DEBUG] [Dungeon Crawl/]: Loading dungeoncrawl:models/default/room/secret_room.nbt
[18Apr2026 00:44:58.162] [main/DEBUG] [Dungeon Crawl/]: Loading dungeoncrawl:models/default/room/secret_room.json
[18Apr2026 00:44:58.163] [main/DEBUG] [Dungeon Crawl/]: Loading dungeoncrawl:models/default/room/spawner_room.nbt
[18Apr2026 00:44:58.163] [main/DEBUG] [Dungeon Crawl/]: Loading dungeoncrawl:models/default/room/spawner_room.json
[18Apr2026 00:44:58.163] [main/DEBUG] [Dungeon Crawl/]: Loading dungeoncrawl:models/default/room/spawner_room_2.nbt
[18Apr2026 00:44:58.164] [main/DEBUG] [Dungeon Crawl/]: Loading dungeoncrawl:models/default/room/spawner_room_2.json
[18Apr2026 00:44:58.164] [main/DEBUG] [Dungeon Crawl/]: Loading dungeoncrawl:models/default/room/spawner_room_material.nbt
[18Apr2026 00:44:58.164] [main/DEBUG] [Dungeon Crawl/]: Loading dungeoncrawl:models/default/room/spawner_room_material.json
[18Apr2026 00:44:58.164] [main/DEBUG] [Dungeon Crawl/]: Loading dungeoncrawl:models/default/room/spawner_room_material_2.nbt
[18Apr2026 00:44:58.165] [main/DEBUG] [Dungeon Crawl/]: Loading dungeoncrawl:models/default/room/spawner_room_material_2.json
[18Apr2026 00:44:58.165] [main/DEBUG] [Dungeon Crawl/]: Loading dungeoncrawl:models/default/room/starter_room.nbt
[18Apr2026 00:44:58.165] [main/DEBUG] [Dungeon Crawl/]: Loading dungeoncrawl:models/default/room/starter_room.json
[18Apr2026 00:44:58.165] [main/DEBUG] [Dungeon Crawl/]: Loading dungeoncrawl:models/default/room/tnt_trap_side_room.nbt
[18Apr2026 00:44:58.166] [main/DEBUG] [Dungeon Crawl/]: Loading dungeoncrawl:models/default/room/tnt_trap_side_room.json
[18Apr2026 00:44:58.166] [main/DEBUG] [Dungeon Crawl/]: Loading dungeoncrawl:models/default/staircase.nbt
[18Apr2026 00:44:58.166] [main/DEBUG] [Dungeon Crawl/]: Loading dungeoncrawl:models/default/staircase.json
[18Apr2026 00:44:58.166] [main/DEBUG] [Dungeon Crawl/]: Loading dungeoncrawl:models/default/staircase_layer.nbt
[18Apr2026 00:44:58.167] [main/DEBUG] [Dungeon Crawl/]: Loading dungeoncrawl:models/default/stairs_bottom.nbt
[18Apr2026 00:44:58.167] [main/DEBUG] [Dungeon Crawl/]: Loading dungeoncrawl:models/default/stairs_bottom.json
[18Apr2026 00:44:58.167] [main/DEBUG] [Dungeon Crawl/]: Loading dungeoncrawl:models/default/stairs_bottom_2.nbt
[18Apr2026 00:44:58.168] [main/DEBUG] [Dungeon Crawl/]: Loading dungeoncrawl:models/default/stairs_bottom_2.json
[18Apr2026 00:44:58.168] [main/DEBUG] [Dungeon Crawl/]: Loading dungeoncrawl:models/default/stairs_top.nbt
[18Apr2026 00:44:58.169] [main/DEBUG] [Dungeon Crawl/]: Loading dungeoncrawl:models/default/stairs_top.json
[18Apr2026 00:44:58.169] [main/DEBUG] [Dungeon Crawl/]: Loading dungeoncrawl:models/entrance/roguelike/eniko_tower.nbt
[18Apr2026 00:44:58.171] [main/DEBUG] [Dungeon Crawl/]: Loading dungeoncrawl:models/entrance/roguelike/eniko_tower.json
[18Apr2026 00:44:58.171] [main/DEBUG] [Dungeon Crawl/]: Loading dungeoncrawl:models/entrance/roguelike/house.nbt
[18Apr2026 00:44:58.173] [main/DEBUG] [Dungeon Crawl/]: Loading dungeoncrawl:models/entrance/roguelike/house.json
[18Apr2026 00:44:58.173] [main/DEBUG] [Dungeon Crawl/]: Loading dungeoncrawl:models/entrance/roguelike/pyramid.nbt
[18Apr2026 00:44:58.174] [main/DEBUG] [Dungeon Crawl/]: Loading dungeoncrawl:models/entrance/roguelike/pyramid.json
[18Apr2026 00:44:58.174] [main/DEBUG] [Dungeon Crawl/]: Loading dungeoncrawl:models/entrance/roguelike/rogue_tower.nbt
[18Apr2026 00:44:58.175] [main/DEBUG] [Dungeon Crawl/]: Loading dungeoncrawl:models/entrance/roguelike/rogue_tower.json
[18Apr2026 00:44:58.175] [main/DEBUG] [Dungeon Crawl/]: Loading dungeoncrawl:models/entrance/roguelike/witch_tower.nbt
[18Apr2026 00:44:58.177] [main/DEBUG] [Dungeon Crawl/]: Loading dungeoncrawl:models/entrance/roguelike/witch_tower.json
[18Apr2026 00:44:58.177] [main/DEBUG] [Dungeon Crawl/]: Loading dungeoncrawl:models/hell/node/lava_hall.nbt
[18Apr2026 00:44:58.179] [main/DEBUG] [Dungeon Crawl/]: Loading dungeoncrawl:models/hell/node/small_loot_room.nbt
[18Apr2026 00:44:58.181] [main/DEBUG] [Dungeon Crawl/]: Loading dungeoncrawl:models/hell/node/small_loot_room.json
[18Apr2026 00:44:58.181] [main/DEBUG] [Dungeon Crawl/]: Loading dungeoncrawl:models/hell/room/empty_room.nbt
[18Apr2026 00:44:58.182] [main/DEBUG] [Dungeon Crawl/]: Loading dungeoncrawl:models/hell/room/empty_room.json
[18Apr2026 00:44:58.182] [main/DEBUG] [Dungeon Crawl/]: Loading dungeoncrawl:models/hell/room/spawner_room.nbt
[18Apr2026 00:44:58.182] [main/DEBUG] [Dungeon Crawl/]: Loading dungeoncrawl:models/hell/room/spawner_room.json
[18Apr2026 00:44:58.183] [main/DEBUG] [Dungeon Crawl/]: Loading dungeoncrawl:dungeon/model_pools.json
[18Apr2026 00:44:58.187] [main/DEBUG] [Dungeon Crawl/]: Loading dungeoncrawl:dungeon/types/default.json
[18Apr2026 00:44:58.194] [main/DEBUG] [Dungeon Crawl/]: Loading dungeoncrawl:dungeon/types/desert/default.json
[18Apr2026 00:44:58.194] [main/DEBUG] [Dungeon Crawl/]: Loading dungeoncrawl:dungeon/types/forest/default.json
[18Apr2026 00:44:58.195] [main/DEBUG] [Dungeon Crawl/]: Loading dungeoncrawl:dungeon/types/mountains/default.json
[18Apr2026 00:44:58.197] [main/DEBUG] [Dungeon Crawl/]: Loading dungeoncrawl:dungeon/biome_mappings/default.json
[18Apr2026 00:44:58.200] [main/DEBUG] [Dungeon Crawl/]: Loading dungeoncrawl:theming/secondary_themes/catacombs/crumbled.json
[18Apr2026 00:44:58.203] [main/DEBUG] [Dungeon Crawl/]: Loading dungeoncrawl:theming/secondary_themes/hell/roguelike.json
[18Apr2026 00:44:58.204] [main/DEBUG] [Dungeon Crawl/]: Loading dungeoncrawl:theming/secondary_themes/vanilla/acacia.json
[18Apr2026 00:44:58.204] [main/DEBUG] [Dungeon Crawl/]: Loading dungeoncrawl:theming/secondary_themes/vanilla/badlands/default.json
[18Apr2026 00:44:58.204] [main/DEBUG] [Dungeon Crawl/]: Loading dungeoncrawl:theming/secondary_themes/vanilla/birch.json
[18Apr2026 00:44:58.205] [main/DEBUG] [Dungeon Crawl/]: Loading dungeoncrawl:theming/secondary_themes/vanilla/catacombs/mossy.json
[18Apr2026 00:44:58.205] [main/DEBUG] [Dungeon Crawl/]: Loading dungeoncrawl:theming/secondary_themes/vanilla/catacombs/overgrown.json
[18Apr2026 00:44:58.206] [main/DEBUG] [Dungeon Crawl/]: Loading dungeoncrawl:theming/secondary_themes/vanilla/dark_oak.json
[18Apr2026 00:44:58.206] [main/DEBUG] [Dungeon Crawl/]: Loading dungeoncrawl:theming/secondary_themes/vanilla/desert/default.json
[18Apr2026 00:44:58.206] [main/DEBUG] [Dungeon Crawl/]: Loading dungeoncrawl:theming/secondary_themes/vanilla/desert/diorite.json
[18Apr2026 00:44:58.207] [main/DEBUG] [Dungeon Crawl/]: Loading dungeoncrawl:theming/secondary_themes/vanilla/desert/granite.json
[18Apr2026 00:44:58.207] [main/DEBUG] [Dungeon Crawl/]: Loading dungeoncrawl:theming/secondary_themes/vanilla/hell/default.json
[18Apr2026 00:44:58.207] [main/DEBUG] [Dungeon Crawl/]: Loading dungeoncrawl:theming/secondary_themes/vanilla/jungle.json
[18Apr2026 00:44:58.207] [main/DEBUG] [Dungeon Crawl/]: Loading dungeoncrawl:theming/secondary_themes/vanilla/mountains/default.json
[18Apr2026 00:44:58.208] [main/DEBUG] [Dungeon Crawl/]: Loading dungeoncrawl:theming/secondary_themes/vanilla/oak.json
[18Apr2026 00:44:58.208] [main/DEBUG] [Dungeon Crawl/]: Loading dungeoncrawl:theming/secondary_themes/vanilla/spruce.json
[18Apr2026 00:44:58.210] [main/DEBUG] [Dungeon Crawl/]: Loading dungeoncrawl:theming/primary_themes/catacombs/crumbled.json
[18Apr2026 00:44:58.213] [main/DEBUG] [Dungeon Crawl/]: Loading dungeoncrawl:theming/primary_themes/create/andesite.json
[18Apr2026 00:44:58.214] [main/DEBUG] [Dungeon Crawl/]: Loading dungeoncrawl:theming/primary_themes/create/crumbled_andesite.json
[18Apr2026 00:44:58.214] [main/DEBUG] [Dungeon Crawl/]: Loading dungeoncrawl:theming/primary_themes/create/mossy_andesite.json
[18Apr2026 00:44:58.215] [main/DEBUG] [Dungeon Crawl/]: Loading dungeoncrawl:theming/primary_themes/create/overgrown_andesite.json
[18Apr2026 00:44:58.215] [main/DEBUG] [Dungeon Crawl/]: Loading dungeoncrawl:theming/primary_themes/hell/roguelike.json
[18Apr2026 00:44:58.216] [main/DEBUG] [Dungeon Crawl/]: Loading dungeoncrawl:theming/primary_themes/vanilla/andesite.json
[18Apr2026 00:44:58.216] [main/DEBUG] [Dungeon Crawl/]: Loading dungeoncrawl:theming/primary_themes/vanilla/badlands/default.json
[18Apr2026 00:44:58.217] [main/DEBUG] [Dungeon Crawl/]: Loading dungeoncrawl:theming/primary_themes/vanilla/bricks.json
[18Apr2026 00:44:58.217] [main/DEBUG] [Dungeon Crawl/]: Loading dungeoncrawl:theming/primary_themes/vanilla/bricks_2.json
[18Apr2026 00:44:58.218] [main/DEBUG] [Dungeon Crawl/]: Loading dungeoncrawl:theming/primary_themes/vanilla/catacombs/ancient.json
[18Apr2026 00:44:58.219] [main/DEBUG] [Dungeon Crawl/]: Loading dungeoncrawl:theming/primary_themes/vanilla/catacombs/bricks.json
[18Apr2026 00:44:58.220] [main/DEBUG] [Dungeon Crawl/]: Loading dungeoncrawl:theming/primary_themes/vanilla/catacombs/crumbled_floor.json
[18Apr2026 00:44:58.221] [main/DEBUG] [Dungeon Crawl/]: Loading dungeoncrawl:theming/primary_themes/vanilla/catacombs/mossy.json
[18Apr2026 00:44:58.222] [main/DEBUG] [Dungeon Crawl/]: Loading dungeoncrawl:theming/primary_themes/vanilla/catacombs/overgrown.json
[18Apr2026 00:44:58.222] [main/DEBUG] [Dungeon Crawl/]: Loading dungeoncrawl:theming/primary_themes/vanilla/default.json
[18Apr2026 00:44:58.223] [main/DEBUG] [Dungeon Crawl/]: Loading dungeoncrawl:theming/primary_themes/vanilla/desert/default.json
[18Apr2026 00:44:58.224] [main/DEBUG] [Dungeon Crawl/]: Loading dungeoncrawl:theming/primary_themes/vanilla/desert/diorite.json
[18Apr2026 00:44:58.224] [main/DEBUG] [Dungeon Crawl/]: Loading dungeoncrawl:theming/primary_themes/vanilla/desert/granite.json
[18Apr2026 00:44:58.225] [main/DEBUG] [Dungeon Crawl/]: Loading dungeoncrawl:theming/primary_themes/vanilla/desert/terracotta.json
[18Apr2026 00:44:58.226] [main/DEBUG] [Dungeon Crawl/]: Loading dungeoncrawl:theming/primary_themes/vanilla/hell/checked_floor.json
[18Apr2026 00:44:58.226] [main/DEBUG] [Dungeon Crawl/]: Loading dungeoncrawl:theming/primary_themes/vanilla/hell/default.json
[18Apr2026 00:44:58.227] [main/DEBUG] [Dungeon Crawl/]: Loading dungeoncrawl:theming/primary_themes/vanilla/hell/mossy.json
[18Apr2026 00:44:58.228] [main/DEBUG] [Dungeon Crawl/]: Loading dungeoncrawl:theming/primary_themes/vanilla/jungle/default.json
[18Apr2026 00:44:58.228] [main/DEBUG] [Dungeon Crawl/]: Loading dungeoncrawl:theming/primary_themes/vanilla/mountains/default.json
[18Apr2026 00:44:58.238] [main/DEBUG] [Dungeon Crawl/]: Loading dungeoncrawl:monster/spawn_rates.json
[18Apr2026 00:44:58.239] [main/DEBUG] [Dungeon Crawl/]: Loading dungeoncrawl:treasure/stage_1.json
[18Apr2026 00:44:58.240] [main/DEBUG] [Dungeon Crawl/]: Loading dungeoncrawl:treasure/stage_2.json
[18Apr2026 00:44:58.240] [main/DEBUG] [Dungeon Crawl/]: Loading dungeoncrawl:treasure/stage_3.json
[18Apr2026 00:44:58.240] [main/DEBUG] [Dungeon Crawl/]: Loading dungeoncrawl:treasure/stage_4.json
[18Apr2026 00:44:58.240] [main/DEBUG] [Dungeon Crawl/]: Loading dungeoncrawl:treasure/stage_5.json
[18Apr2026 00:44:58.242] [main/DEBUG] [Dungeon Crawl/]: Loading dungeoncrawl:monster/entities/stage_1.json
[18Apr2026 00:44:58.246] [main/DEBUG] [Dungeon Crawl/]: Loading dungeoncrawl:monster/entities/stage_2.json
[18Apr2026 00:44:58.246] [main/DEBUG] [Dungeon Crawl/]: Loading dungeoncrawl:monster/entities/stage_3.json
[18Apr2026 00:44:58.246] [main/DEBUG] [Dungeon Crawl/]: Loading dungeoncrawl:monster/entities/stage_4.json
[18Apr2026 00:44:58.246] [main/DEBUG] [Dungeon Crawl/]: Loading dungeoncrawl:monster/entities/stage_5.json
[18Apr2026 00:44:58.246] [main/DEBUG] [Dungeon Crawl/]: Loading dungeoncrawl:monster/equipment/armor/stage_1.json
[18Apr2026 00:44:58.247] [main/DEBUG] [Dungeon Crawl/]: Loading dungeoncrawl:monster/equipment/armor/stage_2.json
[18Apr2026 00:44:58.247] [main/DEBUG] [Dungeon Crawl/]: Loading dungeoncrawl:monster/equipment/armor/stage_3.json
[18Apr2026 00:44:58.247] [main/DEBUG] [Dungeon Crawl/]: Loading dungeoncrawl:monster/equipment/armor/stage_4.json
[18Apr2026 00:44:58.247] [main/DEBUG] [Dungeon Crawl/]: Loading dungeoncrawl:monster/equipment/armor/stage_5.json
[18Apr2026 00:44:58.247] [main/DEBUG] [Dungeon Crawl/]: Loading dungeoncrawl:monster/equipment/weapon/stage_1.json
[18Apr2026 00:44:58.247] [main/DEBUG] [Dungeon Crawl/]: Loading dungeoncrawl:monster/equipment/weapon/stage_2.json
[18Apr2026 00:44:58.248] [main/DEBUG] [Dungeon Crawl/]: Loading dungeoncrawl:monster/equipment/weapon/stage_3.json
[18Apr2026 00:44:58.248] [main/DEBUG] [Dungeon Crawl/]: Loading dungeoncrawl:monster/equipment/weapon/stage_4.json
[18Apr2026 00:44:58.248] [main/DEBUG] [Dungeon Crawl/]: Loading dungeoncrawl:monster/equipment/weapon/stage_5.json
[18Apr2026 00:44:58.250] [main/DEBUG] [Dungeon Crawl/]: Loading dungeoncrawl:monster/potion_effects/stage_1.json
[18Apr2026 00:44:58.250] [main/DEBUG] [Dungeon Crawl/]: Loading dungeoncrawl:monster/potion_effects/stage_2.json
[18Apr2026 00:44:58.250] [main/DEBUG] [Dungeon Crawl/]: Loading dungeoncrawl:monster/potion_effects/stage_3.json
[18Apr2026 00:44:58.251] [main/DEBUG] [Dungeon Crawl/]: Loading dungeoncrawl:monster/potion_effects/stage_4.json
[18Apr2026 00:44:58.251] [main/DEBUG] [Dungeon Crawl/]: Loading dungeoncrawl:monster/potion_effects/stage_5.json
[18Apr2026 00:44:58.251] [main/DEBUG] [Dungeon Crawl/]: Completing...
[18Apr2026 00:44:58.252] [main/INFO] [Dungeon Crawl/]: Done.
[18Apr2026 00:44:58.257] [main/WARN] [net.minecraftforge.common.loot.LootModifierManager/]: Could not decode GlobalLootModifier with json id bygonenether:soul_stone_from_block - error: Unknown registry key in ResourceKey[minecraft:root / forge:global_loot_modifier_serializers]: bygonenether:replace_item
[18Apr2026 00:44:58.257] [main/WARN] [net.minecraftforge.common.loot.LootModifierManager/]: Could not decode GlobalLootModifier with json id bygonenether:soul_stone_in_catacombs - error: Unknown registry key in ResourceKey[minecraft:root / forge:global_loot_modifier_serializers]: bygonenether:replace_item
[18Apr2026 00:44:58.272] [main/INFO] [top.theillusivec4.curios.Curios/]: Loaded 11 curio slots
[18Apr2026 00:44:58.279] [main/ERROR] [top.theillusivec4.curios.Curios/]: talisman is not a registered slot type!
[18Apr2026 00:44:58.280] [main/INFO] [top.theillusivec4.curios.Curios/]: Loaded 1 curio entities
[18Apr2026 00:44:58.281] [main/ERROR] [bettervillage/]: More Villagers compatibility is not enabled for Better Village and More Villagers is present in your mod list.
     - Please install the datapack for better compatibility between Better Villages and More Villagers.
     - You can find the datapack URL in the `compatibility` section of the Better Villages description.
     - URL=https://www.curseforge.com/minecraft/mc-mods/better-village-forge
[18Apr2026 00:44:58.316] [main/WARN] [net.minecraft.core.MappedRegistry/]: Not all defined tags for registry ResourceKey[minecraft:root / minecraft:worldgen/biome] are present in data pack: farmers_structures:is_quark_glimer_spawn, quark:has_fallen_jungle
[18Apr2026 00:44:59.554] [main/DEBUG] [net.minecraftforge.common.ForgeHooks/WP]: Gathering id map for writing to world save world
[18Apr2026 00:44:59.573] [main/DEBUG] [net.minecraftforge.common.ForgeHooks/WP]: ID Map collection complete world
[18Apr2026 00:44:59.682] [Server thread/INFO] [net.minecraft.server.dedicated.DedicatedServer/]: Starting minecraft server version 1.20.1
[18Apr2026 00:44:59.683] [Server thread/INFO] [net.minecraft.server.dedicated.DedicatedServer/]: Loading properties
[18Apr2026 00:44:59.684] [Server thread/INFO] [net.minecraft.server.dedicated.DedicatedServer/]: Default game type: SURVIVAL
[18Apr2026 00:44:59.684] [Server thread/INFO] [net.minecraft.server.MinecraftServer/]: Generating keypair
[18Apr2026 00:44:59.856] [Server thread/INFO] [net.minecraft.server.dedicated.DedicatedServer/]: Starting Minecraft server on *:25565
[18Apr2026 00:44:59.857] [Server thread/DEBUG] [net.minecraftforge.network.DualStackUtils/]: Detected IPv6 address: "0:0:0:0:0:0:0:0"
[18Apr2026 00:44:59.866] [Server thread/DEBUG] [io.netty.util.internal.NativeLibraryLoader/]: -Dio.netty.native.workdir: /tmp (io.netty.tmpdir)
[18Apr2026 00:44:59.867] [Server thread/DEBUG] [io.netty.util.internal.NativeLibraryLoader/]: -Dio.netty.native.deleteLibAfterLoading: true
[18Apr2026 00:44:59.867] [Server thread/DEBUG] [io.netty.util.internal.NativeLibraryLoader/]: -Dio.netty.native.tryPatchShadedId: true
[18Apr2026 00:44:59.867] [Server thread/DEBUG] [io.netty.util.internal.NativeLibraryLoader/]: -Dio.netty.native.detectNativeLibraryDuplicates: true
[18Apr2026 00:44:59.875] [Server thread/DEBUG] [io.netty.util.internal.NativeLibraryLoader/]: Successfully loaded the library /tmp/libnetty_transport_native_epoll_x86_642434305641492756781.so
[18Apr2026 00:44:59.878] [Server thread/DEBUG] [io.netty.util.NetUtil/]: -Djava.net.preferIPv4Stack: false
[18Apr2026 00:44:59.878] [Server thread/DEBUG] [io.netty.util.NetUtil/]: -Djava.net.preferIPv6Addresses: true
[18Apr2026 00:44:59.880] [Server thread/DEBUG] [io.netty.util.NetUtilInitializations/]: Loopback interface: lo (lo, 0:0:0:0:0:0:0:1%lo)
[18Apr2026 00:44:59.881] [Server thread/DEBUG] [io.netty.util.NetUtil/]: /proc/sys/net/core/somaxconn: 4096
[18Apr2026 00:44:59.885] [Server thread/INFO] [net.minecraft.server.network.ServerConnectionListener/]: Using epoll channel type
[18Apr2026 00:44:59.899] [Server thread/DEBUG] [io.netty.channel.MultithreadEventLoopGroup/]: -Dio.netty.eventLoopThreads: 8
[18Apr2026 00:44:59.912] [Server thread/DEBUG] [io.netty.util.internal.InternalThreadLocalMap/]: -Dio.netty.threadLocalMap.stringBuilder.initialSize: 1024
[18Apr2026 00:44:59.913] [Server thread/DEBUG] [io.netty.util.internal.InternalThreadLocalMap/]: -Dio.netty.threadLocalMap.stringBuilder.maxSize: 4096
[18Apr2026 00:44:59.925] [Server thread/DEBUG] [io.netty.util.internal.PlatformDependent/]: org.jctools-core.MpscChunkedArrayQueue: available
[18Apr2026 00:44:59.939] [Server thread/DEBUG] [io.netty.channel.DefaultChannelId/]: -Dio.netty.processId: 3380 (auto-detected)
[18Apr2026 00:44:59.942] [Server thread/DEBUG] [io.netty.channel.DefaultChannelId/]: -Dio.netty.machineId: 60:45:bd:ff:fe:7b:ed:63 (auto-detected)
[18Apr2026 00:44:59.987] [Server thread/DEBUG] [io.netty.buffer.PooledByteBufAllocator/]: -Dio.netty.allocator.numHeapArenas: 8
[18Apr2026 00:44:59.987] [Server thread/DEBUG] [io.netty.buffer.PooledByteBufAllocator/]: -Dio.netty.allocator.numDirectArenas: 8
[18Apr2026 00:44:59.987] [Server thread/DEBUG] [io.netty.buffer.PooledByteBufAllocator/]: -Dio.netty.allocator.pageSize: 8192
[18Apr2026 00:44:59.987] [Server thread/DEBUG] [io.netty.buffer.PooledByteBufAllocator/]: -Dio.netty.allocator.maxOrder: 9
[18Apr2026 00:44:59.987] [Server thread/DEBUG] [io.netty.buffer.PooledByteBufAllocator/]: -Dio.netty.allocator.chunkSize: 4194304
[18Apr2026 00:44:59.988] [Server thread/DEBUG] [io.netty.buffer.PooledByteBufAllocator/]: -Dio.netty.allocator.smallCacheSize: 256
[18Apr2026 00:44:59.988] [Server thread/DEBUG] [io.netty.buffer.PooledByteBufAllocator/]: -Dio.netty.allocator.normalCacheSize: 64
[18Apr2026 00:44:59.988] [Server thread/DEBUG] [io.netty.buffer.PooledByteBufAllocator/]: -Dio.netty.allocator.maxCachedBufferCapacity: 32768
[18Apr2026 00:44:59.988] [Server thread/DEBUG] [io.netty.buffer.PooledByteBufAllocator/]: -Dio.netty.allocator.cacheTrimInterval: 8192
[18Apr2026 00:44:59.988] [Server thread/DEBUG] [io.netty.buffer.PooledByteBufAllocator/]: -Dio.netty.allocator.cacheTrimIntervalMillis: 0
[18Apr2026 00:44:59.988] [Server thread/DEBUG] [io.netty.buffer.PooledByteBufAllocator/]: -Dio.netty.allocator.useCacheForAllThreads: false
[18Apr2026 00:44:59.988] [Server thread/DEBUG] [io.netty.buffer.PooledByteBufAllocator/]: -Dio.netty.allocator.maxCachedByteBuffersPerChunk: 1023
[18Apr2026 00:45:00.000] [Server thread/DEBUG] [io.netty.buffer.ByteBufUtil/]: -Dio.netty.allocator.type: pooled
[18Apr2026 00:45:00.000] [Server thread/DEBUG] [io.netty.buffer.ByteBufUtil/]: -Dio.netty.threadLocalDirectBufferSize: 0
[18Apr2026 00:45:00.000] [Server thread/DEBUG] [io.netty.buffer.ByteBufUtil/]: -Dio.netty.maxThreadLocalCharBufferSize: 16384
[18Apr2026 00:45:00.017] [Server thread/WARN] [net.minecraft.server.dedicated.DedicatedServer/]: **** SERVER IS RUNNING IN OFFLINE/INSECURE MODE!
[18Apr2026 00:45:00.017] [Server thread/WARN] [net.minecraft.server.dedicated.DedicatedServer/]: The server will make no attempt to authenticate usernames. Beware.
[18Apr2026 00:45:00.018] [Server thread/WARN] [net.minecraft.server.dedicated.DedicatedServer/]: While this makes the game possible to play without internet access, it also opens up the ability for hackers to connect with any username they choose.
[18Apr2026 00:45:00.018] [Server thread/WARN] [net.minecraft.server.dedicated.DedicatedServer/]: To change this, set "online-mode" to "true" in the server.properties file.
[18Apr2026 00:45:00.042] [Server thread/DEBUG] [net.minecraftforge.fml.config.ConfigTracker/CONFIG]: Loading configs type SERVER
[18Apr2026 00:45:00.042] [Server thread/DEBUG] [net.minecraftforge.fml.config.ConfigFileTypeHandler/CONFIG]: Built TOML config for ./world/serverconfig/jei-server.toml
[18Apr2026 00:45:00.043] [Server thread/DEBUG] [net.minecraftforge.fml.config.ConfigFileTypeHandler/CONFIG]: Loaded TOML config file ./world/serverconfig/jei-server.toml
[18Apr2026 00:45:00.044] [Server thread/DEBUG] [net.minecraftforge.fml.config.ConfigFileTypeHandler/CONFIG]: Watching TOML config file ./world/serverconfig/jei-server.toml for changes
[18Apr2026 00:45:00.044] [Server thread/DEBUG] [net.minecraftforge.fml.config.ConfigFileTypeHandler/CONFIG]: Built TOML config for ./world/serverconfig/travelersbackpack-server.toml
[18Apr2026 00:45:00.045] [Thread-2/DEBUG] [net.minecraftforge.fml.config.ConfigFileTypeHandler/CONFIG]: Config file jei-server.toml changed, sending notifies
[18Apr2026 00:45:00.046] [Server thread/DEBUG] [net.minecraftforge.fml.config.ConfigFileTypeHandler/CONFIG]: Loaded TOML config file ./world/serverconfig/travelersbackpack-server.toml
[18Apr2026 00:45:00.046] [Server thread/DEBUG] [net.minecraftforge.fml.config.ConfigFileTypeHandler/CONFIG]: Watching TOML config file ./world/serverconfig/travelersbackpack-server.toml for changes
[18Apr2026 00:45:00.059] [Server thread/DEBUG] [net.minecraftforge.fml.config.ConfigFileTypeHandler/CONFIG]: Built TOML config for ./world/serverconfig/forge-server.toml
[18Apr2026 00:45:00.060] [Server thread/DEBUG] [net.minecraftforge.fml.config.ConfigFileTypeHandler/CONFIG]: Loaded TOML config file ./world/serverconfig/forge-server.toml
[18Apr2026 00:45:00.060] [Server thread/DEBUG] [net.minecraftforge.fml.config.ConfigFileTypeHandler/CONFIG]: Watching TOML config file ./world/serverconfig/forge-server.toml for changes
[18Apr2026 00:45:00.061] [Server thread/DEBUG] [net.minecraftforge.common.ForgeConfig/FORGEMOD]: Loaded forge config file forge-server.toml
[18Apr2026 00:45:00.062] [Server thread/DEBUG] [net.minecraftforge.fml.config.ConfigFileTypeHandler/CONFIG]: Built TOML config for ./world/serverconfig/curios-server.toml
[18Apr2026 00:45:00.062] [Server thread/DEBUG] [net.minecraftforge.fml.config.ConfigFileTypeHandler/CONFIG]: Loaded TOML config file ./world/serverconfig/curios-server.toml
[18Apr2026 00:45:00.062] [Server thread/DEBUG] [net.minecraftforge.fml.config.ConfigFileTypeHandler/CONFIG]: Watching TOML config file ./world/serverconfig/curios-server.toml for changes
[18Apr2026 00:45:00.064] [Thread-2/DEBUG] [net.minecraftforge.fml.config.ConfigFileTypeHandler/CONFIG]: Config file travelersbackpack-server.toml changed, sending notifies
[18Apr2026 00:45:00.262] [Server thread/INFO] [FTB Teams/]: loaded team data: 3 known players, 3 teams total
[18Apr2026 00:45:00.277] [Server thread/INFO] [atomicstryker.dynamiclights.server.modules.PlayerSelfLightSource/]: item config parser identified itemstack 1 torch
[18Apr2026 00:45:00.277] [Server thread/INFO] [atomicstryker.dynamiclights.server.modules.PlayerSelfLightSource/]: item config parser identified itemstack 1 glowstone
[18Apr2026 00:45:00.277] [Server thread/INFO] [atomicstryker.dynamiclights.server.modules.PlayerSelfLightSource/]: item config parser finished, item count: 2
[18Apr2026 00:45:00.278] [Server thread/INFO] [atomicstryker.dynamiclights.server.modules.PlayerSelfLightSource/]: item config parser identified itemstack 1 torch
[18Apr2026 00:45:00.278] [Server thread/INFO] [atomicstryker.dynamiclights.server.modules.PlayerSelfLightSource/]: item config parser finished, item count: 1
[18Apr2026 00:45:00.279] [Server thread/INFO] [atomicstryker.dynamiclights.server.modules.DroppedItemsLightSource/]: item config parser identified itemstack 1 torch
[18Apr2026 00:45:00.279] [Server thread/INFO] [atomicstryker.dynamiclights.server.modules.DroppedItemsLightSource/]: item config parser identified itemstack 1 glowstone
[18Apr2026 00:45:00.280] [Server thread/INFO] [atomicstryker.dynamiclights.server.modules.DroppedItemsLightSource/]: item config parser finished, item count: 2
[18Apr2026 00:45:00.280] [Server thread/INFO] [atomicstryker.dynamiclights.server.modules.DroppedItemsLightSource/]: item config parser identified itemstack 1 torch
[18Apr2026 00:45:00.280] [Server thread/INFO] [atomicstryker.dynamiclights.server.modules.DroppedItemsLightSource/]: item config parser finished, item count: 1
[18Apr2026 00:45:00.292] [Server thread/INFO] [Framework/]: Loading server configs...
[18Apr2026 00:45:00.298] [Server thread/INFO] [net.minecraft.server.dedicated.DedicatedServer/]: Preparing level "world"
[18Apr2026 00:45:00.305] [Server thread/DEBUG] [net.minecraftforge.coremod.transformer.CoreModBaseTransformer/COREMOD]: Transforming net/minecraft/world/level/levelgen/PhantomSpawner
[18Apr2026 00:45:00.322] [Server thread/DEBUG] [net.minecraftforge.coremod.transformer.CoreModBaseTransformer/COREMOD]: Transforming net/minecraft/world/level/levelgen/PatrolSpawner
[18Apr2026 00:45:00.359] [Server thread/DEBUG] [net.minecraftforge.coremod.transformer.CoreModBaseTransformer/COREMOD]: Transforming net/minecraft/world/entity/npc/CatSpawner
[18Apr2026 00:45:00.375] [Server thread/DEBUG] [net.minecraftforge.coremod.transformer.CoreModBaseTransformer/COREMOD]: Transforming net/minecraft/world/entity/ai/village/VillageSiege
[18Apr2026 00:45:00.431] [Server thread/DEBUG] [mixin/]: Mixing ChunkLoadDebug from cupboard.mixins.json into net.minecraft.server.level.ServerChunkCache
[18Apr2026 00:45:00.448] [Server thread/DEBUG] [mixin/]: Mixing CustomDeathMessageMixin from takesapillage.mixins.json into net.minecraft.world.damagesource.DamageSources
[18Apr2026 00:45:00.694] [Server thread/DEBUG] [mixin/]: Mixing accessor.ChunkGeneratorStructureStateAccessor from betterdeserttemples.mixins.json into net.minecraft.world.level.chunk.ChunkGeneratorStructureState
[18Apr2026 00:45:00.695] [Server thread/DEBUG] [mixin/]: Mixing accessor.ChunkGeneratorStructureStateAccessor from betterjungletemples.mixins.json into net.minecraft.world.level.chunk.ChunkGeneratorStructureState
[18Apr2026 00:45:00.695] [Server thread/DEBUG] [mixin/]: Unexpected: Registered method getBiomeSource()Lnet/minecraft/world/level/biome/BiomeSource; in net.minecraft.world.level.chunk.ChunkGeneratorStructureState was not merged
[18Apr2026 00:45:00.759] [Server thread/DEBUG] [mixin/]: Mixing accessor.StructureManagerAccessor from betteroceanmonuments.mixins.json into net.minecraft.world.level.StructureManager
[18Apr2026 00:45:00.759] [Server thread/DEBUG] [mixin/]: Mixing accessor.StructureManagerAccessor from betterfortresses.mixins.json into net.minecraft.world.level.StructureManager
[18Apr2026 00:45:00.759] [Server thread/DEBUG] [mixin/]: Mixing accessor.StructureManagerAccessor from betterjungletemples.mixins.json into net.minecraft.world.level.StructureManager
[18Apr2026 00:45:00.760] [Server thread/DEBUG] [mixin/]: Unexpected: Registered method getLevel()Lnet/minecraft/world/level/LevelAccessor; in net.minecraft.world.level.StructureManager was not merged
[18Apr2026 00:45:00.760] [Server thread/DEBUG] [mixin/]: Unexpected: Registered method getLevel()Lnet/minecraft/world/level/LevelAccessor; in net.minecraft.world.level.StructureManager was not merged
[18Apr2026 00:45:07.814] [Server thread/INFO] [net.minecraft.server.MinecraftServer/]: Preparing start region for dimension minecraft:overworld
[18Apr2026 00:45:08.939] [Server thread/DEBUG] [mixin/]: Mixing MixinChunkSerializer from architectury.mixins.json into net.minecraft.world.level.chunk.storage.ChunkSerializer
[18Apr2026 00:45:08.993] [Server thread/DEBUG] [mixin/]: Mixing ThreadingDetectorMixin from cupboard.mixins.json into net.minecraft.util.ThreadingDetector
[18Apr2026 00:45:09.179] [Server thread/DEBUG] [mixin/]: Mixing accessor.BoundingBoxAccessor from betterdungeons.mixins.json into net.minecraft.world.level.levelgen.structure.BoundingBox
[18Apr2026 00:45:09.179] [Server thread/DEBUG] [mixin/]: Mixing accessor.BoundingBoxAccessor from betterwitchhuts.mixins.json into net.minecraft.world.level.levelgen.structure.BoundingBox
[18Apr2026 00:45:09.179] [Server thread/DEBUG] [mixin/]: Mixing accessor.BoundingBoxAccessor from yungsapi.mixins.json into net.minecraft.world.level.levelgen.structure.BoundingBox
[18Apr2026 00:45:09.179] [Server thread/DEBUG] [mixin/]: Mixing accessor.BoundingBoxAccessor from betterdeserttemples.mixins.json into net.minecraft.world.level.levelgen.structure.BoundingBox
[18Apr2026 00:45:09.180] [Server thread/DEBUG] [mixin/]: Mixing BoundingBoxAccessor from bettermineshafts.mixins.json into net.minecraft.world.level.levelgen.structure.BoundingBox
[18Apr2026 00:45:09.181] [Server thread/DEBUG] [mixin/]: Unexpected: Registered method setMinY(I)V in net.minecraft.world.level.levelgen.structure.BoundingBox was not merged
[18Apr2026 00:45:09.181] [Server thread/DEBUG] [mixin/]: Unexpected: Registered method setMaxX(I)V in net.minecraft.world.level.levelgen.structure.BoundingBox was not merged
[18Apr2026 00:45:09.181] [Server thread/DEBUG] [mixin/]: Unexpected: Registered method setMinY(I)V in net.minecraft.world.level.levelgen.structure.BoundingBox was not merged
[18Apr2026 00:45:09.181] [Server thread/DEBUG] [mixin/]: Unexpected: Registered method setMaxX(I)V in net.minecraft.world.level.levelgen.structure.BoundingBox was not merged
[18Apr2026 00:45:09.181] [Server thread/DEBUG] [mixin/]: Unexpected: Registered method setMaxX(I)V in net.minecraft.world.level.levelgen.structure.BoundingBox was not merged
[18Apr2026 00:45:09.181] [Server thread/DEBUG] [mixin/]: Unexpected: Registered method setMinZ(I)V in net.minecraft.world.level.levelgen.structure.BoundingBox was not merged
[18Apr2026 00:45:09.181] [Server thread/DEBUG] [mixin/]: Unexpected: Registered method setMaxX(I)V in net.minecraft.world.level.levelgen.structure.BoundingBox was not merged
[18Apr2026 00:45:09.181] [Server thread/DEBUG] [mixin/]: Unexpected: Registered method setMinZ(I)V in net.minecraft.world.level.levelgen.structure.BoundingBox was not merged
[18Apr2026 00:45:09.181] [Server thread/DEBUG] [mixin/]: Unexpected: Registered method setMinX(I)V in net.minecraft.world.level.levelgen.structure.BoundingBox was not merged
[18Apr2026 00:45:09.181] [Server thread/DEBUG] [mixin/]: Unexpected: Registered method setMaxZ(I)V in net.minecraft.world.level.levelgen.structure.BoundingBox was not merged
[18Apr2026 00:45:09.181] [Server thread/DEBUG] [mixin/]: Unexpected: Registered method setMaxY(I)V in net.minecraft.world.level.levelgen.structure.BoundingBox was not merged
[18Apr2026 00:45:09.181] [Server thread/DEBUG] [mixin/]: Unexpected: Registered method setMinZ(I)V in net.minecraft.world.level.levelgen.structure.BoundingBox was not merged
[18Apr2026 00:45:09.181] [Server thread/DEBUG] [mixin/]: Unexpected: Registered method setMinX(I)V in net.minecraft.world.level.levelgen.structure.BoundingBox was not merged
[18Apr2026 00:45:09.181] [Server thread/DEBUG] [mixin/]: Unexpected: Registered method setMinX(I)V in net.minecraft.world.level.levelgen.structure.BoundingBox was not merged
[18Apr2026 00:45:09.181] [Server thread/DEBUG] [mixin/]: Unexpected: Registered method setMaxZ(I)V in net.minecraft.world.level.levelgen.structure.BoundingBox was not merged
[18Apr2026 00:45:09.181] [Server thread/DEBUG] [mixin/]: Unexpected: Registered method setMinZ(I)V in net.minecraft.world.level.levelgen.structure.BoundingBox was not merged
[18Apr2026 00:45:09.181] [Server thread/DEBUG] [mixin/]: Unexpected: Registered method setMinX(I)V in net.minecraft.world.level.levelgen.structure.BoundingBox was not merged
[18Apr2026 00:45:09.181] [Server thread/DEBUG] [mixin/]: Unexpected: Registered method setMaxY(I)V in net.minecraft.world.level.levelgen.structure.BoundingBox was not merged
[18Apr2026 00:45:09.181] [Server thread/DEBUG] [mixin/]: Unexpected: Registered method setMinY(I)V in net.minecraft.world.level.levelgen.structure.BoundingBox was not merged
[18Apr2026 00:45:09.181] [Server thread/DEBUG] [mixin/]: Unexpected: Registered method setMinY(I)V in net.minecraft.world.level.levelgen.structure.BoundingBox was not merged
[18Apr2026 00:45:09.181] [Server thread/DEBUG] [mixin/]: Unexpected: Registered method setMaxZ(I)V in net.minecraft.world.level.levelgen.structure.BoundingBox was not merged
[18Apr2026 00:45:09.181] [Server thread/DEBUG] [mixin/]: Unexpected: Registered method setMaxZ(I)V in net.minecraft.world.level.levelgen.structure.BoundingBox was not merged
[18Apr2026 00:45:09.181] [Server thread/DEBUG] [mixin/]: Unexpected: Registered method setMaxY(I)V in net.minecraft.world.level.levelgen.structure.BoundingBox was not merged
[18Apr2026 00:45:09.181] [Server thread/DEBUG] [mixin/]: Unexpected: Registered method setMaxY(I)V in net.minecraft.world.level.levelgen.structure.BoundingBox was not merged
[18Apr2026 00:45:09.380] [Server thread/DEBUG] [net.minecraftforge.coremod.transformer.CoreModBaseTransformer/COREMOD]: Transforming net/minecraft/world/level/levelgen/structure/templatesystem/StructureTemplate
[18Apr2026 00:45:09.433] [Server thread/DEBUG] [mixin/]: Mixing DungeonContextMixin from betterdungeons.mixins.json into net.minecraft.world.level.levelgen.structure.templatesystem.StructureTemplate
[18Apr2026 00:45:09.434] [Server thread/DEBUG] [mixin/]: Mixing StructureTemplateMixin from betterdungeons.mixins.json into net.minecraft.world.level.levelgen.structure.templatesystem.StructureTemplate
[18Apr2026 00:45:09.434] [Server thread/DEBUG] [mixin/]: Renaming synthetic method lambda$betterdungeons_preventAutoWaterlogging$0(Lnet/minecraft/world/level/levelgen/structure/templatesystem/StructureProcessor;)Z to md6e0ffb$lambda$betterdungeons_preventAutoWaterlogging$0$0 in betterdungeons.mixins.json:StructureTemplateMixin
[18Apr2026 00:45:09.436] [Server thread/DEBUG] [mixin/]: Mixing StructureTemplateMixin from villagesandpillages-common.mixins.json into net.minecraft.world.level.levelgen.structure.templatesystem.StructureTemplate
[18Apr2026 00:45:09.436] [Server thread/DEBUG] [mixin/]: Renaming synthetic method lambda$betterdeserttemples_preventAutoWaterlogging$0(Lnet/minecraft/world/level/levelgen/structure/templatesystem/StructureProcessor;)Z to md6e0ffb$lambda$betterdeserttemples_preventAutoWaterlogging$0$1 in villagesandpillages-common.mixins.json:StructureTemplateMixin
[18Apr2026 00:45:09.436] [Server thread/DEBUG] [mixin/]: Mixing StructureTemplateMixin from betterwitchhuts.mixins.json into net.minecraft.world.level.levelgen.structure.templatesystem.StructureTemplate
[18Apr2026 00:45:09.436] [Server thread/DEBUG] [mixin/]: Renaming synthetic method lambda$betterwitchhuts_preventAutoWaterlogging$0(Lnet/minecraft/world/level/levelgen/structure/templatesystem/StructureProcessor;)Z to md6e0ffb$lambda$betterwitchhuts_preventAutoWaterlogging$0$2 in betterwitchhuts.mixins.json:StructureTemplateMixin
[18Apr2026 00:45:09.437] [Server thread/DEBUG] [mixin/]: Mixing structures.StructureTemplateMixin from mss-common.mixins.json into net.minecraft.world.level.levelgen.structure.templatesystem.StructureTemplate
[18Apr2026 00:45:09.437] [Server thread/DEBUG] [mixin/]: Renaming synthetic method lambda$mss_preventAutoWaterlogging$0(Lnet/minecraft/world/level/levelgen/structure/templatesystem/StructureProcessor;)Z to md6e0ffb$lambda$mss_preventAutoWaterlogging$0$3 in mss-common.mixins.json:structures.StructureTemplateMixin
[18Apr2026 00:45:09.438] [Server thread/DEBUG] [mixin/]: Mixing structures.TemplateAccessor from mss-common.mixins.json into net.minecraft.world.level.levelgen.structure.templatesystem.StructureTemplate
[18Apr2026 00:45:09.438] [Server thread/DEBUG] [mixin/]: Mixing StructureTemplateMixin from betterdeserttemples.mixins.json into net.minecraft.world.level.levelgen.structure.templatesystem.StructureTemplate
[18Apr2026 00:45:09.438] [Server thread/DEBUG] [mixin/]: Renaming synthetic method lambda$betterdeserttemples_preventAutoWaterlogging$0(Lnet/minecraft/world/level/levelgen/structure/templatesystem/StructureProcessor;)Z to md6e0ffb$lambda$betterdeserttemples_preventAutoWaterlogging$0$4 in betterdeserttemples.mixins.json:StructureTemplateMixin
[18Apr2026 00:45:09.439] [Server thread/DEBUG] [mixin/]: Mixing structures.StructureTemplateMixin from mes-common.mixins.json into net.minecraft.world.level.levelgen.structure.templatesystem.StructureTemplate
[18Apr2026 00:45:09.439] [Server thread/DEBUG] [mixin/]: Renaming synthetic method lambda$mes_preventAutoWaterlogging$0(Lnet/minecraft/world/level/levelgen/structure/templatesystem/StructureProcessor;)Z to md6e0ffb$lambda$mes_preventAutoWaterlogging$0$5 in mes-common.mixins.json:structures.StructureTemplateMixin
[18Apr2026 00:45:09.440] [Server thread/DEBUG] [mixin/]: Mixing structures.TemplateAccessor from mes-common.mixins.json into net.minecraft.world.level.levelgen.structure.templatesystem.StructureTemplate
[18Apr2026 00:45:09.440] [Server thread/DEBUG] [mixin/]: Mixing structures.StructureTemplateMixin from moogs_structures-common.mixins.json into net.minecraft.world.level.levelgen.structure.templatesystem.StructureTemplate
[18Apr2026 00:45:09.440] [Server thread/DEBUG] [mixin/]: Renaming synthetic method lambda$moogs_structures_preventAutoWaterlogging$0(Lnet/minecraft/world/level/levelgen/structure/templatesystem/StructureProcessor;)Z to md6e0ffb$lambda$moogs_structures_preventAutoWaterlogging$0$6 in moogs_structures-common.mixins.json:structures.StructureTemplateMixin
[18Apr2026 00:45:09.441] [Server thread/DEBUG] [mixin/]: Mixing structures.TemplateAccessor from moogs_structures-common.mixins.json into net.minecraft.world.level.levelgen.structure.templatesystem.StructureTemplate
[18Apr2026 00:45:09.441] [Server thread/DEBUG] [mixin/]: Mixing StructureTemplateMixin from betterjungletemples.mixins.json into net.minecraft.world.level.levelgen.structure.templatesystem.StructureTemplate
[18Apr2026 00:45:09.441] [Server thread/DEBUG] [mixin/]: Renaming synthetic method lambda$betterjungletemples_preventAutoWaterlogging$0(Lnet/minecraft/world/level/levelgen/structure/templatesystem/StructureProcessor;)Z to md6e0ffb$lambda$betterjungletemples_preventAutoWaterlogging$0$7 in betterjungletemples.mixins.json:StructureTemplateMixin
[18Apr2026 00:45:12.702] [Worker-Main-3/INFO] [net.minecraft.server.level.progress.LoggerChunkProgressListener/]: Preparing spawn area: 0%
[18Apr2026 00:45:12.723] [Worker-Main-1/INFO] [net.minecraft.server.level.progress.LoggerChunkProgressListener/]: Preparing spawn area: 0%
[18Apr2026 00:45:12.727] [Worker-Main-2/INFO] [net.minecraft.server.level.progress.LoggerChunkProgressListener/]: Preparing spawn area: 0%
[18Apr2026 00:45:12.752] [Worker-Main-1/INFO] [net.minecraft.server.level.progress.LoggerChunkProgressListener/]: Preparing spawn area: 0%
[18Apr2026 00:45:12.767] [Worker-Main-2/INFO] [net.minecraft.server.level.progress.LoggerChunkProgressListener/]: Preparing spawn area: 0%
[18Apr2026 00:45:12.793] [Worker-Main-3/INFO] [net.minecraft.server.level.progress.LoggerChunkProgressListener/]: Preparing spawn area: 0%
[18Apr2026 00:45:12.809] [Worker-Main-2/INFO] [net.minecraft.server.level.progress.LoggerChunkProgressListener/]: Preparing spawn area: 0%
[18Apr2026 00:45:12.839] [Worker-Main-1/INFO] [net.minecraft.server.level.progress.LoggerChunkProgressListener/]: Preparing spawn area: 0%
[18Apr2026 00:45:12.928] [Worker-Main-2/INFO] [net.minecraft.server.level.progress.LoggerChunkProgressListener/]: Preparing spawn area: 0%
[18Apr2026 00:45:12.942] [Worker-Main-3/INFO] [net.minecraft.server.level.progress.LoggerChunkProgressListener/]: Preparing spawn area: 0%
[18Apr2026 00:45:12.961] [Worker-Main-1/INFO] [net.minecraft.server.level.progress.LoggerChunkProgressListener/]: Preparing spawn area: 0%
[18Apr2026 00:45:13.391] [Worker-Main-2/INFO] [net.minecraft.server.level.progress.LoggerChunkProgressListener/]: Preparing spawn area: 0%
[18Apr2026 00:45:13.815] [Worker-Main-1/INFO] [net.minecraft.server.level.progress.LoggerChunkProgressListener/]: Preparing spawn area: 0%
[18Apr2026 00:45:14.315] [Worker-Main-1/INFO] [net.minecraft.server.level.progress.LoggerChunkProgressListener/]: Preparing spawn area: 23%
[18Apr2026 00:45:14.815] [Worker-Main-2/INFO] [net.minecraft.server.level.progress.LoggerChunkProgressListener/]: Preparing spawn area: 85%
[18Apr2026 00:45:14.956] [Server thread/INFO] [net.minecraft.server.level.progress.LoggerChunkProgressListener/]: Time elapsed: 7142 ms
[18Apr2026 00:45:14.957] [Server thread/INFO] [net.minecraft.server.dedicated.DedicatedServer/]: Done (14.915s)! For help, type "help"
[18Apr2026 00:45:14.966] [Server thread/DEBUG] [net.minecraftforge.network.DualStackUtils/]: Detected IPv6 address: "0:0:0:0:0:0:0:0"
[18Apr2026 00:45:14.998] [Server thread/DEBUG] [net.minecraftforge.common.ForgeI18n/CORE]: Loading I18N data entries: 7721
[18Apr2026 00:45:15.001] [Server thread/INFO] [net.minecraftforge.server.permission.PermissionAPI/]: Successfully initialized permission handler forge:default_handler
[18Apr2026 00:45:15.002] [Server thread/INFO] [xaero.map.WorldMap/]: Registered synced player tracker system: ftb_teams
[18Apr2026 00:45:15.005] [Server thread/INFO] [xaero.hud.minimap.MinimapLogs/]: Registered synced player tracker system: ftb_teams
[18Apr2026 00:45:15.009] [Server thread/INFO] [FTB Quests/]: Loading quests from /workspaces/servidor-de-gays/servidor_minecraft/config/ftbquests/quests
[18Apr2026 00:45:15.044] [Server thread/DEBUG] [FTB Quests/]: Updated loot crates (was 0, now 0)
[18Apr2026 00:45:15.047] [Server thread/INFO] [FTB Quests/]: Loaded 1 chapter groups, 1 chapters, 39 quests, 1 reward tables
[18Apr2026 00:45:15.067] [Server thread/INFO] [patchouli/]: Sending reload packet to clients
[18Apr2026 00:45:15.078] [Server thread/DEBUG] [io.netty.buffer.AbstractByteBuf/]: -Dio.netty.buffer.checkAccessible: true
[18Apr2026 00:45:15.078] [Server thread/DEBUG] [io.netty.buffer.AbstractByteBuf/]: -Dio.netty.buffer.checkBounds: true
[18Apr2026 00:45:15.079] [Server thread/DEBUG] [io.netty.util.ResourceLeakDetectorFactory/]: Loaded default ResourceLeakDetector: io.netty.util.ResourceLeakDetector@762464ee
[18Apr2026 00:45:15.126] [Server thread/DEBUG] [net.minecraftforge.coremod.transformer.CoreModBaseTransformer/COREMOD]: Transforming net/minecraft/world/level/NaturalSpawner
[18Apr2026 00:45:15.166] [Server thread/DEBUG] [mixin/]: Mixing NaturalSpawnerMixin from alexscaves.mixins.json into net.minecraft.world.level.NaturalSpawner
[18Apr2026 00:45:15.236] [Server thread/DEBUG] [mixin/]: Mixing misc.AMIFlyingFishBootsMixin from alexsmobsinteraction.mixins.json into com.github.alexthe666.alexsmobs.entity.util.FlyingFishBootsUtil
[18Apr2026 00:45:15.237] [Server thread/DEBUG] [mixin/]: alexsmobsinteraction.mixins.json:misc.AMIFlyingFishBootsMixin: Class version 61 required is higher than the class version supported by the current version of Mixin (JAVA_8 supports class version 52)
[18Apr2026 00:46:05.268] [Netty Epoll Server IO #1/DEBUG] [io.netty.util.Recycler/]: -Dio.netty.recycler.maxCapacityPerThread: 4096
[18Apr2026 00:46:05.268] [Netty Epoll Server IO #1/DEBUG] [io.netty.util.Recycler/]: -Dio.netty.recycler.ratio: 8
[18Apr2026 00:46:05.268] [Netty Epoll Server IO #1/DEBUG] [io.netty.util.Recycler/]: -Dio.netty.recycler.chunkSize: 32
[18Apr2026 00:46:05.268] [Netty Epoll Server IO #1/DEBUG] [io.netty.util.Recycler/]: -Dio.netty.recycler.blocking: false
[18Apr2026 00:46:07.887] [Netty Epoll Server IO #3/DEBUG] [net.minecraftforge.network.HandshakeHandler/FMLHANDSHAKE]: Starting new modded impl connection. Found 25 messages to dispatch.
[18Apr2026 00:46:07.931] [Server thread/DEBUG] [net.minecraftforge.network.HandshakeHandler/FMLHANDSHAKE]: Sending ticking packet info 'net.minecraftforge.network.HandshakeMessages$S2CModData' to 'fml:handshake' sequence 0
[18Apr2026 00:46:07.981] [Server thread/DEBUG] [net.minecraftforge.network.HandshakeHandler/FMLHANDSHAKE]: Sending ticking packet info 'net.minecraftforge.network.HandshakeMessages$S2CModList' to 'fml:handshake' sequence 1
[18Apr2026 00:46:08.031] [Server thread/DEBUG] [net.minecraftforge.network.HandshakeHandler/FMLHANDSHAKE]: Sending ticking packet info 'Registry minecraft:command_argument_type' to 'fml:handshake' sequence 2
[18Apr2026 00:46:08.081] [Server thread/DEBUG] [net.minecraftforge.network.HandshakeHandler/FMLHANDSHAKE]: Sending ticking packet info 'Registry minecraft:recipe_serializer' to 'fml:handshake' sequence 3
[18Apr2026 00:46:08.131] [Server thread/DEBUG] [net.minecraftforge.network.HandshakeHandler/FMLHANDSHAKE]: Sending ticking packet info 'Registry minecraft:sound_event' to 'fml:handshake' sequence 4
[18Apr2026 00:46:08.181] [Server thread/DEBUG] [net.minecraftforge.network.HandshakeHandler/FMLHANDSHAKE]: Sending ticking packet info 'Registry minecraft:particle_type' to 'fml:handshake' sequence 5
[18Apr2026 00:46:08.231] [Server thread/DEBUG] [net.minecraftforge.network.HandshakeHandler/FMLHANDSHAKE]: Sending ticking packet info 'Registry minecraft:villager_profession' to 'fml:handshake' sequence 6
[18Apr2026 00:46:08.280] [Server thread/DEBUG] [net.minecraftforge.network.HandshakeHandler/FMLHANDSHAKE]: Sending ticking packet info 'Registry minecraft:item' to 'fml:handshake' sequence 7
[18Apr2026 00:46:08.331] [Server thread/DEBUG] [net.minecraftforge.network.HandshakeHandler/FMLHANDSHAKE]: Sending ticking packet info 'Registry minecraft:potion' to 'fml:handshake' sequence 8
[18Apr2026 00:46:08.381] [Server thread/DEBUG] [net.minecraftforge.network.HandshakeHandler/FMLHANDSHAKE]: Sending ticking packet info 'Registry minecraft:painting_variant' to 'fml:handshake' sequence 9
[18Apr2026 00:46:08.431] [Server thread/DEBUG] [net.minecraftforge.network.HandshakeHandler/FMLHANDSHAKE]: Sending ticking packet info 'Registry forge:fluid_type' to 'fml:handshake' sequence 10
[18Apr2026 00:46:08.481] [Server thread/DEBUG] [net.minecraftforge.network.HandshakeHandler/FMLHANDSHAKE]: Sending ticking packet info 'Registry minecraft:block_entity_type' to 'fml:handshake' sequence 11
[18Apr2026 00:46:08.531] [Server thread/DEBUG] [net.minecraftforge.network.HandshakeHandler/FMLHANDSHAKE]: Sending ticking packet info 'Registry forge:display_contexts' to 'fml:handshake' sequence 12
[18Apr2026 00:46:08.581] [Server thread/DEBUG] [net.minecraftforge.network.HandshakeHandler/FMLHANDSHAKE]: Sending ticking packet info 'Registry minecraft:block' to 'fml:handshake' sequence 13
[18Apr2026 00:46:08.631] [Server thread/DEBUG] [net.minecraftforge.network.HandshakeHandler/FMLHANDSHAKE]: Sending ticking packet info 'Registry forge:entity_data_serializers' to 'fml:handshake' sequence 14
[18Apr2026 00:46:08.681] [Server thread/DEBUG] [net.minecraftforge.network.HandshakeHandler/FMLHANDSHAKE]: Sending ticking packet info 'Registry minecraft:mob_effect' to 'fml:handshake' sequence 15
[18Apr2026 00:46:08.731] [Server thread/DEBUG] [net.minecraftforge.network.HandshakeHandler/FMLHANDSHAKE]: Sending ticking packet info 'Registry minecraft:stat_type' to 'fml:handshake' sequence 16
[18Apr2026 00:46:08.781] [Server thread/DEBUG] [net.minecraftforge.network.HandshakeHandler/FMLHANDSHAKE]: Sending ticking packet info 'Registry minecraft:menu' to 'fml:handshake' sequence 17
[18Apr2026 00:46:08.831] [Server thread/DEBUG] [net.minecraftforge.network.HandshakeHandler/FMLHANDSHAKE]: Sending ticking packet info 'Registry minecraft:enchantment' to 'fml:handshake' sequence 18
[18Apr2026 00:46:08.881] [Server thread/DEBUG] [net.minecraftforge.network.HandshakeHandler/FMLHANDSHAKE]: Sending ticking packet info 'Registry minecraft:fluid' to 'fml:handshake' sequence 19
[18Apr2026 00:46:08.931] [Server thread/DEBUG] [net.minecraftforge.network.HandshakeHandler/FMLHANDSHAKE]: Sending ticking packet info 'Registry minecraft:entity_type' to 'fml:handshake' sequence 20
[18Apr2026 00:46:08.981] [Server thread/DEBUG] [net.minecraftforge.network.HandshakeHandler/FMLHANDSHAKE]: Sending ticking packet info 'Config curios-server.toml' to 'fml:handshake' sequence 21
[18Apr2026 00:46:09.031] [Server thread/DEBUG] [net.minecraftforge.network.HandshakeHandler/FMLHANDSHAKE]: Sending ticking packet info 'Config travelersbackpack-server.toml' to 'fml:handshake' sequence 22
[18Apr2026 00:46:09.081] [Server thread/DEBUG] [net.minecraftforge.network.HandshakeHandler/FMLHANDSHAKE]: Sending ticking packet info 'Config jei-server.toml' to 'fml:handshake' sequence 23
[18Apr2026 00:46:09.131] [Server thread/DEBUG] [net.minecraftforge.network.HandshakeHandler/FMLHANDSHAKE]: Sending ticking packet info 'Config forge-server.toml' to 'fml:handshake' sequence 24
[18Apr2026 00:46:37.836] [Server thread/INFO] [net.minecraft.server.network.ServerLoginPacketListenerImpl/]: com.mojang.authlib.GameProfile@901e2bb[id=<null>,name=Ihlak,properties={},legacy=false] (/127.230.187.225:44455) lost connection: Disconnected
[18Apr2026 00:48:42.820] [Netty Epoll Server IO #4/DEBUG] [net.minecraftforge.network.HandshakeHandler/FMLHANDSHAKE]: Starting new modded impl connection. Found 25 messages to dispatch.
[18Apr2026 00:48:42.931] [Server thread/DEBUG] [net.minecraftforge.network.HandshakeHandler/FMLHANDSHAKE]: Sending ticking packet info 'net.minecraftforge.network.HandshakeMessages$S2CModData' to 'fml:handshake' sequence 0
[18Apr2026 00:48:42.981] [Server thread/DEBUG] [net.minecraftforge.network.HandshakeHandler/FMLHANDSHAKE]: Sending ticking packet info 'net.minecraftforge.network.HandshakeMessages$S2CModList' to 'fml:handshake' sequence 1
[18Apr2026 00:48:43.031] [Server thread/DEBUG] [net.minecraftforge.network.HandshakeHandler/FMLHANDSHAKE]: Sending ticking packet info 'Registry minecraft:command_argument_type' to 'fml:handshake' sequence 2
[18Apr2026 00:48:43.080] [Server thread/DEBUG] [net.minecraftforge.network.HandshakeHandler/FMLHANDSHAKE]: Sending ticking packet info 'Registry minecraft:recipe_serializer' to 'fml:handshake' sequence 3
[18Apr2026 00:48:43.087] [Netty Epoll Server IO #4/DEBUG] [net.minecraftforge.network.LoginWrapper/FMLHANDSHAKE]: Recieved login wrapper packet event for channel fml:handshake with index 1
[18Apr2026 00:48:43.090] [Netty Epoll Server IO #4/DEBUG] [net.minecraftforge.network.HandshakeHandler/FMLHANDSHAKE]: Received client indexed reply 1 of type net.minecraftforge.network.HandshakeMessages$C2SModListReply
[18Apr2026 00:48:43.090] [Netty Epoll Server IO #4/DEBUG] [net.minecraftforge.network.HandshakeHandler/FMLHANDSHAKE]: Received client connection with modlist [saturn, betterdungeons, villagesandpillages, lootintegration_townsandtowers, raccompat, betterwitchhuts, fantasy_weapons, geckolib, mss, jei, graveyard, xaerolib, betteroceanmonuments, libraryferret, goblintraders, trender, dynamiclights, xaeroworldmap, modernfix, citadel, travelersbackpack, lootintegrations, yungsapi, mixinextras, dungeoncrawl, relics, betterdeserttemples, takesapillage, bygonenether, ramcompat, sodiumoptionsapi, betterfortresses, dungeons_arise_seven_seas, forge, more_villager_trades, sodiumdynamiclights, embeddium, rubidium, chloride, lootintegrations_bygonepillage, dungeons_arise, minecraft, farmersdelight, alexscaves, morevillagers, lootintegrations_vanilla, fabric_api_base, mousetweaks, lootintegration_wda, fantasy_armor, culllessleaves, yungsbridges, lootintegrations_yungs, lootintegrations_dungeoncrawl, betterfpsdist, alexsmobsinteraction, alexsmobs, curios, patchouli, xaerominimap, oculus, mes, goblins, yungsextras, entityculling, bettervillage, betterstrongholds, farmers_structures, sodiumoptionsmodcompat, mvs, architectury, ftblibrary, octolib, itemfilters, ftbteams, ftbquests, appleskin, alexsdelight, ferritecore, cupboard, transition, betterendisland, wda_questline, lootintegrations_moog, moogs_structures, mns, framework, t_and_t, bettermineshafts, betterjungletemples, lootintegrations_graveyard, cristellib]
[18Apr2026 00:48:43.091] [Netty Epoll Server IO #4/DEBUG] [net.minecraftforge.network.NetworkRegistry/NETREGISTRY]: Channel 'alexscaves:main_channel' : Version test of '1' from client : ACCEPTED
[18Apr2026 00:48:43.091] [Netty Epoll Server IO #4/DEBUG] [net.minecraftforge.network.NetworkRegistry/NETREGISTRY]: Channel 'architectury:network' : Version test of '1' from client : ACCEPTED
[18Apr2026 00:48:43.091] [Netty Epoll Server IO #4/DEBUG] [net.minecraftforge.network.NetworkRegistry/NETREGISTRY]: Channel 'jei:channel' : Version test of '1.0.0' from client : ACCEPTED
[18Apr2026 00:48:43.091] [Netty Epoll Server IO #4/DEBUG] [net.minecraftforge.network.NetworkRegistry/NETREGISTRY]: Channel 'minecraft:unregister' : Version test of 'FML3' from client : ACCEPTED
[18Apr2026 00:48:43.091] [Netty Epoll Server IO #4/DEBUG] [net.minecraftforge.network.NetworkRegistry/NETREGISTRY]: Channel 'xaerominimap:main' : Version test of '1.0' from client : ACCEPTED
[18Apr2026 00:48:43.091] [Netty Epoll Server IO #4/DEBUG] [net.minecraftforge.network.NetworkRegistry/NETREGISTRY]: Channel 'citadel:main_channel' : Version test of '1' from client : ACCEPTED
[18Apr2026 00:48:43.091] [Netty Epoll Server IO #4/DEBUG] [net.minecraftforge.network.NetworkRegistry/NETREGISTRY]: Channel 'alexsmobsinteraction:farseer_alter' : Version test of '1' from client : ACCEPTED
[18Apr2026 00:48:43.091] [Netty Epoll Server IO #4/DEBUG] [net.minecraftforge.network.NetworkRegistry/NETREGISTRY]: Channel 'framework:play' : Version test of '1' from client : ACCEPTED
[18Apr2026 00:48:43.091] [Netty Epoll Server IO #4/DEBUG] [net.minecraftforge.network.NetworkRegistry/NETREGISTRY]: Channel 'travelersbackpack:network' : Version test of 'travelersbackpack:1' from client : ACCEPTED
[18Apr2026 00:48:43.091] [Netty Epoll Server IO #4/DEBUG] [net.minecraftforge.network.NetworkRegistry/NETREGISTRY]: Channel 'more_villager_trades:more_villager_trades' : Version test of '1' from client : ACCEPTED
[18Apr2026 00:48:43.091] [Netty Epoll Server IO #4/DEBUG] [net.minecraftforge.network.NetworkRegistry/NETREGISTRY]: Channel 'curios:main' : Version test of '1' from client : ACCEPTED
[18Apr2026 00:48:43.091] [Netty Epoll Server IO #4/DEBUG] [net.minecraftforge.network.NetworkRegistry/NETREGISTRY]: Channel 'farmers_structures:farmers_structures' : Version test of '1' from client : ACCEPTED
[18Apr2026 00:48:43.091] [Netty Epoll Server IO #4/DEBUG] [net.minecraftforge.network.NetworkRegistry/NETREGISTRY]: Channel 'appleskin:sync' : Version test of '1' from client : ACCEPTED
[18Apr2026 00:48:43.091] [Netty Epoll Server IO #4/DEBUG] [net.minecraftforge.network.NetworkRegistry/NETREGISTRY]: Channel 'framework:handshake' : Version test of '1' from client : ACCEPTED
[18Apr2026 00:48:43.091] [Netty Epoll Server IO #4/DEBUG] [net.minecraftforge.network.NetworkRegistry/NETREGISTRY]: Channel 'fml:loginwrapper' : Version test of 'FML3' from client : ACCEPTED
[18Apr2026 00:48:43.092] [Netty Epoll Server IO #4/DEBUG] [net.minecraftforge.network.NetworkRegistry/NETREGISTRY]: Channel 'forge:tier_sorting' : Version test of '1.0' from client : ACCEPTED
[18Apr2026 00:48:43.092] [Netty Epoll Server IO #4/DEBUG] [net.minecraftforge.network.NetworkRegistry/NETREGISTRY]: Channel 'alexsmobs:main_channel' : Version test of '1' from client : ACCEPTED
[18Apr2026 00:48:43.092] [Netty Epoll Server IO #4/DEBUG] [net.minecraftforge.network.NetworkRegistry/NETREGISTRY]: Channel 'raccompat:network' : Version test of '1.0' from client : ACCEPTED
[18Apr2026 00:48:43.092] [Netty Epoll Server IO #4/DEBUG] [net.minecraftforge.network.NetworkRegistry/NETREGISTRY]: Channel 'xaerolib:main' : Version test of '1.0' from client : ACCEPTED
[18Apr2026 00:48:43.092] [Netty Epoll Server IO #4/DEBUG] [net.minecraftforge.network.NetworkRegistry/NETREGISTRY]: Channel 'relics:network' : Version test of '1.0' from client : ACCEPTED
[18Apr2026 00:48:43.092] [Netty Epoll Server IO #4/DEBUG] [net.minecraftforge.network.NetworkRegistry/NETREGISTRY]: Channel 'fml:play' : Version test of 'FML3' from client : ACCEPTED
[18Apr2026 00:48:43.092] [Netty Epoll Server IO #4/DEBUG] [net.minecraftforge.network.NetworkRegistry/NETREGISTRY]: Channel 'goblins:goblins' : Version test of '1' from client : ACCEPTED
[18Apr2026 00:48:43.092] [Netty Epoll Server IO #4/DEBUG] [net.minecraftforge.network.NetworkRegistry/NETREGISTRY]: Channel 'patchouli:main' : Version test of '1' from client : ACCEPTED
[18Apr2026 00:48:43.092] [Netty Epoll Server IO #4/DEBUG] [net.minecraftforge.network.NetworkRegistry/NETREGISTRY]: Channel 'alexsmobsinteraction:main_channel' : Version test of '1' from client : ACCEPTED
[18Apr2026 00:48:43.092] [Netty Epoll Server IO #4/DEBUG] [net.minecraftforge.network.NetworkRegistry/NETREGISTRY]: Channel 'fml:handshake' : Version test of 'FML3' from client : ACCEPTED
[18Apr2026 00:48:43.092] [Netty Epoll Server IO #4/DEBUG] [net.minecraftforge.network.NetworkRegistry/NETREGISTRY]: Channel 'xaeroworldmap:main' : Version test of '1.0' from client : ACCEPTED
[18Apr2026 00:48:43.092] [Netty Epoll Server IO #4/DEBUG] [net.minecraftforge.network.NetworkRegistry/NETREGISTRY]: Channel 'minecraft:register' : Version test of 'FML3' from client : ACCEPTED
[18Apr2026 00:48:43.092] [Netty Epoll Server IO #4/DEBUG] [net.minecraftforge.network.NetworkRegistry/NETREGISTRY]: Channel 'forge:split' : Version test of '1.1' from client : ACCEPTED
[18Apr2026 00:48:43.092] [Netty Epoll Server IO #4/DEBUG] [net.minecraftforge.network.NetworkRegistry/NETREGISTRY]: Channel 'geckolib:main' : Version test of '1' from client : ACCEPTED
[18Apr2026 00:48:43.092] [Netty Epoll Server IO #4/DEBUG] [net.minecraftforge.network.NetworkRegistry/NETREGISTRY]: Channel 'graveyard:spawn_entity' : Version test of '1' from client : ACCEPTED
[18Apr2026 00:48:43.092] [Netty Epoll Server IO #4/DEBUG] [net.minecraftforge.network.NetworkRegistry/NETREGISTRY]: Accepting channel list from client
[18Apr2026 00:48:43.093] [Netty Epoll Server IO #4/DEBUG] [net.minecraftforge.network.HandshakeHandler/FMLHANDSHAKE]: Accepted client connection mod list
[18Apr2026 00:48:43.131] [Server thread/DEBUG] [net.minecraftforge.network.HandshakeHandler/FMLHANDSHAKE]: Sending ticking packet info 'Registry minecraft:sound_event' to 'fml:handshake' sequence 4
[18Apr2026 00:48:43.132] [Netty Epoll Server IO #4/DEBUG] [net.minecraftforge.network.LoginWrapper/FMLHANDSHAKE]: Recieved login wrapper packet event for channel fml:handshake with index 2
[18Apr2026 00:48:43.132] [Netty Epoll Server IO #4/DEBUG] [net.minecraftforge.network.HandshakeHandler/FMLHANDSHAKE]: Received client indexed reply 2 of type net.minecraftforge.network.HandshakeMessages$C2SAcknowledge
[18Apr2026 00:48:43.132] [Netty Epoll Server IO #4/DEBUG] [net.minecraftforge.network.HandshakeHandler/FMLHANDSHAKE]: Received acknowledgement from client
[18Apr2026 00:48:43.181] [Netty Epoll Server IO #4/DEBUG] [net.minecraftforge.network.LoginWrapper/FMLHANDSHAKE]: Recieved login wrapper packet event for channel fml:handshake with index 3
[18Apr2026 00:48:43.181] [Netty Epoll Server IO #4/DEBUG] [net.minecraftforge.network.HandshakeHandler/FMLHANDSHAKE]: Received client indexed reply 3 of type net.minecraftforge.network.HandshakeMessages$C2SAcknowledge
[18Apr2026 00:48:43.181] [Netty Epoll Server IO #4/DEBUG] [net.minecraftforge.network.HandshakeHandler/FMLHANDSHAKE]: Received acknowledgement from client
[18Apr2026 00:48:43.181] [Server thread/DEBUG] [net.minecraftforge.network.HandshakeHandler/FMLHANDSHAKE]: Sending ticking packet info 'Registry minecraft:particle_type' to 'fml:handshake' sequence 5
[18Apr2026 00:48:43.231] [Server thread/DEBUG] [net.minecraftforge.network.HandshakeHandler/FMLHANDSHAKE]: Sending ticking packet info 'Registry minecraft:villager_profession' to 'fml:handshake' sequence 6
[18Apr2026 00:48:43.281] [Server thread/DEBUG] [net.minecraftforge.network.HandshakeHandler/FMLHANDSHAKE]: Sending ticking packet info 'Registry minecraft:item' to 'fml:handshake' sequence 7
[18Apr2026 00:48:43.331] [Server thread/DEBUG] [net.minecraftforge.network.HandshakeHandler/FMLHANDSHAKE]: Sending ticking packet info 'Registry minecraft:potion' to 'fml:handshake' sequence 8
[18Apr2026 00:48:43.381] [Server thread/DEBUG] [net.minecraftforge.network.HandshakeHandler/FMLHANDSHAKE]: Sending ticking packet info 'Registry minecraft:painting_variant' to 'fml:handshake' sequence 9
[18Apr2026 00:48:43.431] [Server thread/DEBUG] [net.minecraftforge.network.HandshakeHandler/FMLHANDSHAKE]: Sending ticking packet info 'Registry forge:fluid_type' to 'fml:handshake' sequence 10
[18Apr2026 00:48:43.434] [Netty Epoll Server IO #4/DEBUG] [net.minecraftforge.network.LoginWrapper/FMLHANDSHAKE]: Recieved login wrapper packet event for channel fml:handshake with index 4
[18Apr2026 00:48:43.434] [Netty Epoll Server IO #4/DEBUG] [net.minecraftforge.network.HandshakeHandler/FMLHANDSHAKE]: Received client indexed reply 4 of type net.minecraftforge.network.HandshakeMessages$C2SAcknowledge
[18Apr2026 00:48:43.434] [Netty Epoll Server IO #4/DEBUG] [net.minecraftforge.network.HandshakeHandler/FMLHANDSHAKE]: Received acknowledgement from client
[18Apr2026 00:48:43.434] [Netty Epoll Server IO #4/DEBUG] [net.minecraftforge.network.LoginWrapper/FMLHANDSHAKE]: Recieved login wrapper packet event for channel fml:handshake with index 5
[18Apr2026 00:48:43.434] [Netty Epoll Server IO #4/DEBUG] [net.minecraftforge.network.HandshakeHandler/FMLHANDSHAKE]: Received client indexed reply 5 of type net.minecraftforge.network.HandshakeMessages$C2SAcknowledge
[18Apr2026 00:48:43.434] [Netty Epoll Server IO #4/DEBUG] [net.minecraftforge.network.HandshakeHandler/FMLHANDSHAKE]: Received acknowledgement from client
[18Apr2026 00:48:43.434] [Netty Epoll Server IO #4/DEBUG] [net.minecraftforge.network.LoginWrapper/FMLHANDSHAKE]: Recieved login wrapper packet event for channel fml:handshake with index 6
[18Apr2026 00:48:43.434] [Netty Epoll Server IO #4/DEBUG] [net.minecraftforge.network.HandshakeHandler/FMLHANDSHAKE]: Received client indexed reply 6 of type net.minecraftforge.network.HandshakeMessages$C2SAcknowledge
[18Apr2026 00:48:43.435] [Netty Epoll Server IO #4/DEBUG] [net.minecraftforge.network.HandshakeHandler/FMLHANDSHAKE]: Received acknowledgement from client
[18Apr2026 00:48:43.481] [Server thread/DEBUG] [net.minecraftforge.network.HandshakeHandler/FMLHANDSHAKE]: Sending ticking packet info 'Registry minecraft:block_entity_type' to 'fml:handshake' sequence 11
[18Apr2026 00:48:43.531] [Server thread/DEBUG] [net.minecraftforge.network.HandshakeHandler/FMLHANDSHAKE]: Sending ticking packet info 'Registry forge:display_contexts' to 'fml:handshake' sequence 12
[18Apr2026 00:48:43.533] [Netty Epoll Server IO #4/DEBUG] [net.minecraftforge.network.LoginWrapper/FMLHANDSHAKE]: Recieved login wrapper packet event for channel fml:handshake with index 7
[18Apr2026 00:48:43.534] [Netty Epoll Server IO #4/DEBUG] [net.minecraftforge.network.HandshakeHandler/FMLHANDSHAKE]: Received client indexed reply 7 of type net.minecraftforge.network.HandshakeMessages$C2SAcknowledge
[18Apr2026 00:48:43.534] [Netty Epoll Server IO #4/DEBUG] [net.minecraftforge.network.HandshakeHandler/FMLHANDSHAKE]: Received acknowledgement from client
[18Apr2026 00:48:43.534] [Netty Epoll Server IO #4/DEBUG] [net.minecraftforge.network.LoginWrapper/FMLHANDSHAKE]: Recieved login wrapper packet event for channel fml:handshake with index 8
[18Apr2026 00:48:43.534] [Netty Epoll Server IO #4/DEBUG] [net.minecraftforge.network.HandshakeHandler/FMLHANDSHAKE]: Received client indexed reply 8 of type net.minecraftforge.network.HandshakeMessages$C2SAcknowledge
[18Apr2026 00:48:43.534] [Netty Epoll Server IO #4/DEBUG] [net.minecraftforge.network.HandshakeHandler/FMLHANDSHAKE]: Received acknowledgement from client
[18Apr2026 00:48:43.534] [Netty Epoll Server IO #4/DEBUG] [net.minecraftforge.network.LoginWrapper/FMLHANDSHAKE]: Recieved login wrapper packet event for channel fml:handshake with index 9
[18Apr2026 00:48:43.534] [Netty Epoll Server IO #4/DEBUG] [net.minecraftforge.network.HandshakeHandler/FMLHANDSHAKE]: Received client indexed reply 9 of type net.minecraftforge.network.HandshakeMessages$C2SAcknowledge
[18Apr2026 00:48:43.534] [Netty Epoll Server IO #4/DEBUG] [net.minecraftforge.network.HandshakeHandler/FMLHANDSHAKE]: Received acknowledgement from client
[18Apr2026 00:48:43.534] [Netty Epoll Server IO #4/DEBUG] [net.minecraftforge.network.LoginWrapper/FMLHANDSHAKE]: Recieved login wrapper packet event for channel fml:handshake with index 10
[18Apr2026 00:48:43.535] [Netty Epoll Server IO #4/DEBUG] [net.minecraftforge.network.HandshakeHandler/FMLHANDSHAKE]: Received client indexed reply 10 of type net.minecraftforge.network.HandshakeMessages$C2SAcknowledge
[18Apr2026 00:48:43.535] [Netty Epoll Server IO #4/DEBUG] [net.minecraftforge.network.HandshakeHandler/FMLHANDSHAKE]: Received acknowledgement from client
[18Apr2026 00:48:43.581] [Server thread/DEBUG] [net.minecraftforge.network.HandshakeHandler/FMLHANDSHAKE]: Sending ticking packet info 'Registry minecraft:block' to 'fml:handshake' sequence 13
[18Apr2026 00:48:43.587] [Netty Epoll Server IO #4/DEBUG] [net.minecraftforge.network.LoginWrapper/FMLHANDSHAKE]: Recieved login wrapper packet event for channel fml:handshake with index 11
[18Apr2026 00:48:43.588] [Netty Epoll Server IO #4/DEBUG] [net.minecraftforge.network.HandshakeHandler/FMLHANDSHAKE]: Received client indexed reply 11 of type net.minecraftforge.network.HandshakeMessages$C2SAcknowledge
[18Apr2026 00:48:43.588] [Netty Epoll Server IO #4/DEBUG] [net.minecraftforge.network.HandshakeHandler/FMLHANDSHAKE]: Received acknowledgement from client
[18Apr2026 00:48:43.631] [Server thread/DEBUG] [net.minecraftforge.network.HandshakeHandler/FMLHANDSHAKE]: Sending ticking packet info 'Registry forge:entity_data_serializers' to 'fml:handshake' sequence 14
[18Apr2026 00:48:43.631] [Netty Epoll Server IO #4/DEBUG] [net.minecraftforge.network.LoginWrapper/FMLHANDSHAKE]: Recieved login wrapper packet event for channel fml:handshake with index 12
[18Apr2026 00:48:43.631] [Netty Epoll Server IO #4/DEBUG] [net.minecraftforge.network.HandshakeHandler/FMLHANDSHAKE]: Received client indexed reply 12 of type net.minecraftforge.network.HandshakeMessages$C2SAcknowledge
[18Apr2026 00:48:43.631] [Netty Epoll Server IO #4/DEBUG] [net.minecraftforge.network.HandshakeHandler/FMLHANDSHAKE]: Received acknowledgement from client
[18Apr2026 00:48:43.681] [Server thread/DEBUG] [net.minecraftforge.network.HandshakeHandler/FMLHANDSHAKE]: Sending ticking packet info 'Registry minecraft:mob_effect' to 'fml:handshake' sequence 15
[18Apr2026 00:48:43.683] [Netty Epoll Server IO #4/DEBUG] [net.minecraftforge.network.LoginWrapper/FMLHANDSHAKE]: Recieved login wrapper packet event for channel fml:handshake with index 13
[18Apr2026 00:48:43.683] [Netty Epoll Server IO #4/DEBUG] [net.minecraftforge.network.HandshakeHandler/FMLHANDSHAKE]: Received client indexed reply 13 of type net.minecraftforge.network.HandshakeMessages$C2SAcknowledge
[18Apr2026 00:48:43.683] [Netty Epoll Server IO #4/DEBUG] [net.minecraftforge.network.HandshakeHandler/FMLHANDSHAKE]: Received acknowledgement from client
[18Apr2026 00:48:43.731] [Server thread/DEBUG] [net.minecraftforge.network.HandshakeHandler/FMLHANDSHAKE]: Sending ticking packet info 'Registry minecraft:stat_type' to 'fml:handshake' sequence 16
[18Apr2026 00:48:43.731] [Netty Epoll Server IO #4/DEBUG] [net.minecraftforge.network.LoginWrapper/FMLHANDSHAKE]: Recieved login wrapper packet event for channel fml:handshake with index 14
[18Apr2026 00:48:43.732] [Netty Epoll Server IO #4/DEBUG] [net.minecraftforge.network.HandshakeHandler/FMLHANDSHAKE]: Received client indexed reply 14 of type net.minecraftforge.network.HandshakeMessages$C2SAcknowledge
[18Apr2026 00:48:43.732] [Netty Epoll Server IO #4/DEBUG] [net.minecraftforge.network.HandshakeHandler/FMLHANDSHAKE]: Received acknowledgement from client
[18Apr2026 00:48:43.781] [Server thread/DEBUG] [net.minecraftforge.network.HandshakeHandler/FMLHANDSHAKE]: Sending ticking packet info 'Registry minecraft:menu' to 'fml:handshake' sequence 17
[18Apr2026 00:48:43.782] [Netty Epoll Server IO #4/DEBUG] [net.minecraftforge.network.LoginWrapper/FMLHANDSHAKE]: Recieved login wrapper packet event for channel fml:handshake with index 15
[18Apr2026 00:48:43.783] [Netty Epoll Server IO #4/DEBUG] [net.minecraftforge.network.HandshakeHandler/FMLHANDSHAKE]: Received client indexed reply 15 of type net.minecraftforge.network.HandshakeMessages$C2SAcknowledge
[18Apr2026 00:48:43.783] [Netty Epoll Server IO #4/DEBUG] [net.minecraftforge.network.HandshakeHandler/FMLHANDSHAKE]: Received acknowledgement from client
[18Apr2026 00:48:43.830] [Netty Epoll Server IO #4/DEBUG] [net.minecraftforge.network.LoginWrapper/FMLHANDSHAKE]: Recieved login wrapper packet event for channel fml:handshake with index 16
[18Apr2026 00:48:43.831] [Netty Epoll Server IO #4/DEBUG] [net.minecraftforge.network.HandshakeHandler/FMLHANDSHAKE]: Received client indexed reply 16 of type net.minecraftforge.network.HandshakeMessages$C2SAcknowledge
[18Apr2026 00:48:43.831] [Netty Epoll Server IO #4/DEBUG] [net.minecraftforge.network.HandshakeHandler/FMLHANDSHAKE]: Received acknowledgement from client
[18Apr2026 00:48:43.831] [Server thread/DEBUG] [net.minecraftforge.network.HandshakeHandler/FMLHANDSHAKE]: Sending ticking packet info 'Registry minecraft:enchantment' to 'fml:handshake' sequence 18
[18Apr2026 00:48:43.881] [Server thread/DEBUG] [net.minecraftforge.network.HandshakeHandler/FMLHANDSHAKE]: Sending ticking packet info 'Registry minecraft:fluid' to 'fml:handshake' sequence 19
[18Apr2026 00:48:43.882] [Netty Epoll Server IO #4/DEBUG] [net.minecraftforge.network.LoginWrapper/FMLHANDSHAKE]: Recieved login wrapper packet event for channel fml:handshake with index 17
[18Apr2026 00:48:43.882] [Netty Epoll Server IO #4/DEBUG] [net.minecraftforge.network.HandshakeHandler/FMLHANDSHAKE]: Received client indexed reply 17 of type net.minecraftforge.network.HandshakeMessages$C2SAcknowledge
[18Apr2026 00:48:43.882] [Netty Epoll Server IO #4/DEBUG] [net.minecraftforge.network.HandshakeHandler/FMLHANDSHAKE]: Received acknowledgement from client
[18Apr2026 00:48:43.930] [Netty Epoll Server IO #4/DEBUG] [net.minecraftforge.network.LoginWrapper/FMLHANDSHAKE]: Recieved login wrapper packet event for channel fml:handshake with index 18
[18Apr2026 00:48:43.931] [Netty Epoll Server IO #4/DEBUG] [net.minecraftforge.network.HandshakeHandler/FMLHANDSHAKE]: Received client indexed reply 18 of type net.minecraftforge.network.HandshakeMessages$C2SAcknowledge
[18Apr2026 00:48:43.931] [Netty Epoll Server IO #4/DEBUG] [net.minecraftforge.network.HandshakeHandler/FMLHANDSHAKE]: Received acknowledgement from client
[18Apr2026 00:48:43.931] [Server thread/DEBUG] [net.minecraftforge.network.HandshakeHandler/FMLHANDSHAKE]: Sending ticking packet info 'Registry minecraft:entity_type' to 'fml:handshake' sequence 20
[18Apr2026 00:48:43.980] [Netty Epoll Server IO #4/DEBUG] [net.minecraftforge.network.LoginWrapper/FMLHANDSHAKE]: Recieved login wrapper packet event for channel fml:handshake with index 19
[18Apr2026 00:48:43.980] [Netty Epoll Server IO #4/DEBUG] [net.minecraftforge.network.HandshakeHandler/FMLHANDSHAKE]: Received client indexed reply 19 of type net.minecraftforge.network.HandshakeMessages$C2SAcknowledge
[18Apr2026 00:48:43.980] [Netty Epoll Server IO #4/DEBUG] [net.minecraftforge.network.HandshakeHandler/FMLHANDSHAKE]: Received acknowledgement from client
[18Apr2026 00:48:43.981] [Server thread/DEBUG] [net.minecraftforge.network.HandshakeHandler/FMLHANDSHAKE]: Sending ticking packet info 'Config curios-server.toml' to 'fml:handshake' sequence 21
[18Apr2026 00:48:44.031] [Server thread/DEBUG] [net.minecraftforge.network.HandshakeHandler/FMLHANDSHAKE]: Sending ticking packet info 'Config travelersbackpack-server.toml' to 'fml:handshake' sequence 22
[18Apr2026 00:48:44.068] [Netty Epoll Server IO #4/DEBUG] [net.minecraftforge.network.LoginWrapper/FMLHANDSHAKE]: Recieved login wrapper packet event for channel fml:handshake with index 20
[18Apr2026 00:48:44.068] [Netty Epoll Server IO #4/DEBUG] [net.minecraftforge.network.HandshakeHandler/FMLHANDSHAKE]: Received client indexed reply 20 of type net.minecraftforge.network.HandshakeMessages$C2SAcknowledge
[18Apr2026 00:48:44.068] [Netty Epoll Server IO #4/DEBUG] [net.minecraftforge.network.HandshakeHandler/FMLHANDSHAKE]: Received acknowledgement from client
[18Apr2026 00:48:44.081] [Netty Epoll Server IO #4/DEBUG] [net.minecraftforge.network.LoginWrapper/FMLHANDSHAKE]: Recieved login wrapper packet event for channel fml:handshake with index 21
[18Apr2026 00:48:44.081] [Netty Epoll Server IO #4/DEBUG] [net.minecraftforge.network.HandshakeHandler/FMLHANDSHAKE]: Received client indexed reply 21 of type net.minecraftforge.network.HandshakeMessages$C2SAcknowledge
[18Apr2026 00:48:44.081] [Netty Epoll Server IO #4/DEBUG] [net.minecraftforge.network.HandshakeHandler/FMLHANDSHAKE]: Received acknowledgement from client
[18Apr2026 00:48:44.081] [Server thread/DEBUG] [net.minecraftforge.network.HandshakeHandler/FMLHANDSHAKE]: Sending ticking packet info 'Config jei-server.toml' to 'fml:handshake' sequence 23
[18Apr2026 00:48:44.131] [Server thread/DEBUG] [net.minecraftforge.network.HandshakeHandler/FMLHANDSHAKE]: Sending ticking packet info 'Config forge-server.toml' to 'fml:handshake' sequence 24
[18Apr2026 00:48:44.132] [Netty Epoll Server IO #4/DEBUG] [net.minecraftforge.network.LoginWrapper/FMLHANDSHAKE]: Recieved login wrapper packet event for channel fml:handshake with index 22
[18Apr2026 00:48:44.132] [Netty Epoll Server IO #4/DEBUG] [net.minecraftforge.network.HandshakeHandler/FMLHANDSHAKE]: Received client indexed reply 22 of type net.minecraftforge.network.HandshakeMessages$C2SAcknowledge
[18Apr2026 00:48:44.132] [Netty Epoll Server IO #4/DEBUG] [net.minecraftforge.network.HandshakeHandler/FMLHANDSHAKE]: Received acknowledgement from client
[18Apr2026 00:48:44.180] [Netty Epoll Server IO #4/DEBUG] [net.minecraftforge.network.LoginWrapper/FMLHANDSHAKE]: Recieved login wrapper packet event for channel fml:handshake with index 23
[18Apr2026 00:48:44.180] [Netty Epoll Server IO #4/DEBUG] [net.minecraftforge.network.HandshakeHandler/FMLHANDSHAKE]: Received client indexed reply 23 of type net.minecraftforge.network.HandshakeMessages$C2SAcknowledge
[18Apr2026 00:48:44.180] [Netty Epoll Server IO #4/DEBUG] [net.minecraftforge.network.HandshakeHandler/FMLHANDSHAKE]: Received acknowledgement from client
[18Apr2026 00:48:44.232] [Netty Epoll Server IO #4/DEBUG] [net.minecraftforge.network.LoginWrapper/FMLHANDSHAKE]: Recieved login wrapper packet event for channel fml:handshake with index 24
[18Apr2026 00:48:44.232] [Netty Epoll Server IO #4/DEBUG] [net.minecraftforge.network.HandshakeHandler/FMLHANDSHAKE]: Received client indexed reply 24 of type net.minecraftforge.network.HandshakeMessages$C2SAcknowledge
[18Apr2026 00:48:44.232] [Netty Epoll Server IO #4/DEBUG] [net.minecraftforge.network.HandshakeHandler/FMLHANDSHAKE]: Received acknowledgement from client
[18Apr2026 00:48:44.281] [Server thread/DEBUG] [net.minecraftforge.network.HandshakeHandler/FMLHANDSHAKE]: Handshake complete!
[18Apr2026 00:48:44.349] [Server thread/DEBUG] [mixin/]: Mixing FoodDataMixin from alexscaves.mixins.json into net.minecraft.world.food.FoodData
[18Apr2026 00:48:44.440] [Server thread/INFO] [net.minecraft.server.players.PlayerList/]: Ihlak[/127.230.187.225:39837] logged in with entity id 44 at (2036.6892860827418, 84.31256297902617, -820.9703670021235)
[18Apr2026 00:48:44.451] [Server thread/DEBUG] [net.minecraftforge.network.filters.NetworkFilters/]: Injected net.minecraftforge.network.filters.ForgeConnectionNetworkFilter@500f6166 into net.minecraft.network.Connection@115be77d
[18Apr2026 00:48:44.552] [Server thread/INFO] [net.minecraft.server.MinecraftServer/]: Ihlak joined the game
[18Apr2026 00:48:44.634] [Server thread/DEBUG] [FTB Teams/]: player a5f40337-8065-35c8-b0ce-8012071cc0ad logged in, player team = Ihlak#a5f40337
[18Apr2026 00:48:44.634] [Server thread/DEBUG] [FTB Teams/]: syncing player team data, all = false
[18Apr2026 00:48:44.701] [Server thread/DEBUG] [FTB Teams/]: updating team presence
[18Apr2026 00:48:44.701] [Server thread/DEBUG] [FTB Teams/]: sending team login event for a5f40337-8065-35c8-b0ce-8012071cc0ad...
[18Apr2026 00:48:44.709] [Server thread/DEBUG] [FTB Quests/]: Wrote 17243 bytes, 162 objects
[18Apr2026 00:48:44.715] [Server thread/DEBUG] [FTB Teams/]: team login event for a5f40337-8065-35c8-b0ce-8012071cc0ad sent
[18Apr2026 00:48:47.944] [Server thread/DEBUG] [mixin/]: Mixing MapDecorationMixin from alexscaves.mixins.json into net.minecraft.world.level.saveddata.maps.MapDecoration
[18Apr2026 00:48:47.977] [Server thread/WARN] [net.minecraft.server.MinecraftServer/]: Can't keep up! Is the server overloaded? Running 3547ms or 70 ticks behind
[18Apr2026 00:48:48.200] [Server thread/DEBUG] [io.netty.util.internal.ThreadLocalRandom/]: -Dio.netty.initialSeedUniquifier: 0x0bb6973b94fbe7ed
[18Apr2026 00:49:09.361] [Server thread/WARN] [net.minecraft.server.MinecraftServer/]: Can't keep up! Is the server overloaded? Running 6431ms or 128 ticks behind
[18Apr2026 00:49:39.309] [Server thread/INFO] [net.minecraft.server.MinecraftServer/]: [Ihlak: Teleported Ihlak to 2210.500000, 72.500000, -418.500000]
[18Apr2026 00:49:57.572] [Server thread/DEBUG] [mixin/]: Mixing CompoundContainerMixin from ftblibrary-common.mixins.json into net.minecraft.world.CompoundContainer
[18Apr2026 00:49:57.573] [Server thread/DEBUG] [mixin/]: ftblibrary-common.mixins.json:CompoundContainerMixin: Class version 61 required is higher than the class version supported by the current version of Mixin (JAVA_8 supports class version 52)
[18Apr2026 00:49:57.594] [Server thread/DEBUG] [mixin/]: Mixing PiglinAiMixin from relics.mixins.json into net.minecraft.world.entity.monster.piglin.PiglinAi
[18Apr2026 00:49:57.595] [Server thread/DEBUG] [mixin/]: relics.mixins.json:PiglinAiMixin: Class version 61 required is higher than the class version supported by the current version of Mixin (JAVA_8 supports class version 52)
[18Apr2026 00:49:57.597] [Server thread/DEBUG] [mixin/]: Mixing ModifyPiglinAi from bygonenether.mixins.json into net.minecraft.world.entity.monster.piglin.PiglinAi
[18Apr2026 00:49:57.597] [Server thread/DEBUG] [mixin/]: Renaming synthetic method lambda$bygonenether_angerNearbyPiglins$1(Lnet/minecraft/world/entity/player/Player;Lnet/minecraft/world/entity/monster/piglin/PiglinBrute;)V to md6e0ffb$lambda$bygonenether_angerNearbyPiglins$1$0 in bygonenether.mixins.json:ModifyPiglinAi
[18Apr2026 00:49:57.598] [Server thread/DEBUG] [mixin/]: Renaming synthetic method lambda$bygonenether_angerNearbyPiglins$0(ZLnet/minecraft/world/entity/player/Player;Lnet/minecraft/world/entity/monster/piglin/PiglinBrute;)Z to md6e0ffb$lambda$bygonenether_angerNearbyPiglins$0$1 in bygonenether.mixins.json:ModifyPiglinAi
[18Apr2026 00:49:57.607] [Server thread/DEBUG] [mixin/]: Mixing MixinPiglinAi from curios.mixins.json into net.minecraft.world.entity.monster.piglin.PiglinAi
[18Apr2026 00:50:18.023] [Server thread/INFO] [net.minecraft.server.MinecraftServer/]: [Ihlak: Teleported Ihlak to 2043.500000, 68.500000, -819.500000]
[18Apr2026 00:50:25.258] [Server thread/DEBUG] [net.minecraftforge.common.ForgeHooks/WP]: Gathering id map for writing to world save world
[18Apr2026 00:50:25.273] [Server thread/DEBUG] [net.minecraftforge.common.ForgeHooks/WP]: ID Map collection complete world
[18Apr2026 00:51:57.525] [Server thread/INFO] [net.minecraft.server.MinecraftServer/]: Ihlak has made the advancement [Craft basic backpack]
[18Apr2026 00:55:25.592] [Server thread/DEBUG] [net.minecraftforge.common.ForgeHooks/WP]: Gathering id map for writing to world save world
[18Apr2026 00:55:25.628] [Server thread/DEBUG] [net.minecraftforge.common.ForgeHooks/WP]: ID Map collection complete world
[18Apr2026 00:55:39.028] [Server thread/INFO] [net.minecraft.server.MinecraftServer/]: Ihlak has made the advancement [Wax Off]
[18Apr2026 00:55:48.021] [Server thread/INFO] [net.minecraft.server.MinecraftServer/]: Ihlak has made the advancement [Gold Tier Upgrade]
[18Apr2026 01:00:25.044] [Server thread/DEBUG] [net.minecraftforge.common.ForgeHooks/WP]: Gathering id map for writing to world save world
[18Apr2026 01:00:25.052] [Server thread/DEBUG] [net.minecraftforge.common.ForgeHooks/WP]: ID Map collection complete world
[18Apr2026 01:03:03.960] [Server thread/INFO] [net.minecraft.server.MinecraftServer/]: [Ihlak: Teleported Ihlak to 2210.500000, 72.500000, -418.500000]
[18Apr2026 01:04:36.504] [Server thread/INFO] [net.minecraft.server.MinecraftServer/]: [Ihlak: Teleported Ihlak to 2043.500000, 68.500000, -819.500000]
[18Apr2026 01:05:25.015] [Server thread/DEBUG] [net.minecraftforge.common.ForgeHooks/WP]: Gathering id map for writing to world save world
[18Apr2026 01:05:25.023] [Server thread/DEBUG] [net.minecraftforge.common.ForgeHooks/WP]: ID Map collection complete world
[18Apr2026 01:09:30.343] [Server thread/INFO] [net.minecraft.server.MinecraftServer/]: [Ihlak: Teleported Ihlak to 1928.500000, 138.500000, -834.500000]
[18Apr2026 01:09:30.959] [Server thread/INFO] [net.minecraft.server.MinecraftServer/]: Ihlak has made the advancement [Guns and Roses]
[18Apr2026 01:10:25.111] [Server thread/DEBUG] [net.minecraftforge.common.ForgeHooks/WP]: Gathering id map for writing to world save world
[18Apr2026 01:10:25.118] [Server thread/DEBUG] [net.minecraftforge.common.ForgeHooks/WP]: ID Map collection complete world
[18Apr2026 01:10:32.153] [Server thread/INFO] [net.minecraft.server.MinecraftServer/]: [Ihlak: Teleported Ihlak to 2456.500000, 63.500000, -630.500000]
[18Apr2026 01:10:33.407] [Worker-Main-9/DEBUG] [mixin/]: Mixing accessor.WorldGenRegionAccessor from betterdungeons.mixins.json into net.minecraft.server.level.WorldGenRegion
[18Apr2026 01:10:33.409] [Worker-Main-9/DEBUG] [mixin/]: Mixing accessor.ChunkRegionAccessor from villagesandpillages-common.mixins.json into net.minecraft.server.level.WorldGenRegion
[18Apr2026 01:10:33.409] [Worker-Main-9/DEBUG] [mixin/]: Mixing world.WorldGenRegionAccessor from mss-common.mixins.json into net.minecraft.server.level.WorldGenRegion
[18Apr2026 01:10:33.410] [Worker-Main-9/DEBUG] [mixin/]: Mixing ChunkRegionAccessor from graveyard-common.mixins.json into net.minecraft.server.level.WorldGenRegion
[18Apr2026 01:10:33.410] [Worker-Main-9/DEBUG] [mixin/]: Mixing accessor.WorldGenRegionAccessor from betteroceanmonuments.mixins.json into net.minecraft.server.level.WorldGenRegion
[18Apr2026 01:10:33.411] [Worker-Main-9/DEBUG] [mixin/]: Mixing WorldGenRegionAccessor from bygonenether.mixins.json into net.minecraft.server.level.WorldGenRegion
[18Apr2026 01:10:33.412] [Worker-Main-9/DEBUG] [mixin/]: Mixing accessor.WorldGenRegionAccessor from betterfortresses.mixins.json into net.minecraft.server.level.WorldGenRegion
[18Apr2026 01:10:33.412] [Worker-Main-9/DEBUG] [mixin/]: Mixing world.WorldGenRegionAccessor from mes-common.mixins.json into net.minecraft.server.level.WorldGenRegion
[18Apr2026 01:10:33.413] [Worker-Main-9/DEBUG] [mixin/]: Mixing world.WorldGenRegionAccessor from moogs_structures-common.mixins.json into net.minecraft.server.level.WorldGenRegion
[18Apr2026 01:10:33.413] [Worker-Main-9/DEBUG] [mixin/]: Mixing accessor.WorldGenRegionAccessor from betterjungletemples.mixins.json into net.minecraft.server.level.WorldGenRegion
[18Apr2026 01:10:33.414] [Worker-Main-9/DEBUG] [mixin/]: Unexpected: Registered method getStructureManager()Lnet/minecraft/world/level/StructureManager; in net.minecraft.server.level.WorldGenRegion was not merged
[18Apr2026 01:10:33.415] [Worker-Main-9/DEBUG] [mixin/]: Unexpected: Registered method getFirstPos()Lnet/minecraft/world/level/ChunkPos; in net.minecraft.server.level.WorldGenRegion was not merged
[18Apr2026 01:10:33.415] [Worker-Main-9/DEBUG] [mixin/]: Unexpected: Registered method getStructureManager()Lnet/minecraft/world/level/StructureManager; in net.minecraft.server.level.WorldGenRegion was not merged
[18Apr2026 01:10:33.415] [Worker-Main-9/DEBUG] [mixin/]: Unexpected: Registered method getStructureAccessor()Lnet/minecraft/world/level/StructureManager; in net.minecraft.server.level.WorldGenRegion was not merged
[18Apr2026 01:10:33.415] [Worker-Main-9/DEBUG] [mixin/]: Unexpected: Registered method getLastPos()Lnet/minecraft/world/level/ChunkPos; in net.minecraft.server.level.WorldGenRegion was not merged
[18Apr2026 01:10:33.415] [Worker-Main-9/DEBUG] [mixin/]: Unexpected: Registered method getStructureManager()Lnet/minecraft/world/level/StructureManager; in net.minecraft.server.level.WorldGenRegion was not merged
[18Apr2026 01:10:33.415] [Worker-Main-9/DEBUG] [mixin/]: Unexpected: Registered method getSize()I in net.minecraft.server.level.WorldGenRegion was not merged
[18Apr2026 01:10:33.415] [Worker-Main-9/DEBUG] [mixin/]: Unexpected: Registered method getStructureManager()Lnet/minecraft/world/level/StructureManager; in net.minecraft.server.level.WorldGenRegion was not merged
[18Apr2026 01:10:33.415] [Worker-Main-9/DEBUG] [mixin/]: Unexpected: Registered method getSize()I in net.minecraft.server.level.WorldGenRegion was not merged
[18Apr2026 01:10:33.415] [Worker-Main-9/DEBUG] [mixin/]: Unexpected: Registered method getCache()Ljava/util/List; in net.minecraft.server.level.WorldGenRegion was not merged
[18Apr2026 01:10:33.415] [Worker-Main-9/DEBUG] [mixin/]: Unexpected: Registered method getLastPos()Lnet/minecraft/world/level/ChunkPos; in net.minecraft.server.level.WorldGenRegion was not merged
[18Apr2026 01:10:33.415] [Worker-Main-9/DEBUG] [mixin/]: Unexpected: Registered method getStructureManager()Lnet/minecraft/world/level/StructureManager; in net.minecraft.server.level.WorldGenRegion was not merged
[18Apr2026 01:10:33.415] [Worker-Main-9/DEBUG] [mixin/]: Unexpected: Registered method getCache()Ljava/util/List; in net.minecraft.server.level.WorldGenRegion was not merged
[18Apr2026 01:10:33.415] [Worker-Main-9/DEBUG] [mixin/]: Unexpected: Registered method getFirstPos()Lnet/minecraft/world/level/ChunkPos; in net.minecraft.server.level.WorldGenRegion was not merged
[18Apr2026 01:10:33.415] [Worker-Main-9/DEBUG] [mixin/]: Unexpected: Registered method getStructureManager()Lnet/minecraft/world/level/StructureManager; in net.minecraft.server.level.WorldGenRegion was not merged
[18Apr2026 01:10:33.783] [Worker-Main-11/DEBUG] [mixin/]: Mixing BeardifierMixin from yungsapi.mixins.json into net.minecraft.world.level.levelgen.Beardifier
[18Apr2026 01:10:33.786] [Worker-Main-11/DEBUG] [mixin/]: Mixing accessor.BeardifierAccessor from yungsapi.mixins.json into net.minecraft.world.level.levelgen.Beardifier
[18Apr2026 01:10:34.188] [Worker-Main-10/INFO] [citadel/]: merged 6 surface rules with vanilla rule SequenceRuleSource
[18Apr2026 01:10:34.193] [Worker-Main-10/DEBUG] [citadel/]: surface rule recursive depth: 15
[18Apr2026 01:15:24.959] [Server thread/DEBUG] [citadel/]: saving unmodified surface rules as type SequenceRuleSource
[18Apr2026 01:15:25.009] [Server thread/DEBUG] [citadel/]: modified surface rules to type CitadelSurfaceRuleWrapper
[18Apr2026 01:15:25.009] [Server thread/DEBUG] [net.minecraftforge.common.ForgeHooks/WP]: Gathering id map for writing to world save world
[18Apr2026 01:15:25.019] [Server thread/DEBUG] [net.minecraftforge.common.ForgeHooks/WP]: ID Map collection complete world
[18Apr2026 01:16:45.792] [Server thread/DEBUG] [atomicstryker.dynamiclights.server.DynamicLights/]: Calling addLightSource on entity ServerPlayer['Ihlak'/44, l='ServerLevel[world]', x=2221.52, y=60.00, z=-446.85], dimensionLocationPath overworld
[18Apr2026 01:16:45.851] [Server thread/DEBUG] [atomicstryker.dynamiclights.server.DynamicLights/]: Removing Dynamic Light attached to ServerPlayer['Ihlak'/44, l='ServerLevel[world]', x=2221.52, y=60.00, z=-446.85]
[18Apr2026 01:16:45.852] [Server thread/DEBUG] [atomicstryker.dynamiclights.server.DynamicLights/]: Calling addLightSource on entity ServerPlayer['Ihlak'/44, l='ServerLevel[world]', x=2221.52, y=60.00, z=-446.85], dimensionLocationPath overworld
[18Apr2026 01:16:45.852] [Server thread/DEBUG] [atomicstryker.dynamiclights.server.DynamicLights/]: Successfully registered DynamicLight on Entity: ServerPlayer['Ihlak'/44, l='ServerLevel[world]', x=2221.52, y=60.00, z=-446.85] in list []
[18Apr2026 01:16:45.895] [Server thread/DEBUG] [atomicstryker.dynamiclights.server.DynamicLights/]: Removing Dynamic Light attached to ServerPlayer['Ihlak'/44, l='ServerLevel[world]', x=2221.52, y=60.00, z=-446.85]
[18Apr2026 01:16:45.895] [Server thread/DEBUG] [atomicstryker.dynamiclights.server.DynamicLights/]: Calling addLightSource on entity ServerPlayer['Ihlak'/44, l='ServerLevel[world]', x=2221.52, y=60.00, z=-446.85], dimensionLocationPath overworld
[18Apr2026 01:16:45.896] [Server thread/DEBUG] [atomicstryker.dynamiclights.server.DynamicLights/]: Successfully registered DynamicLight on Entity: ServerPlayer['Ihlak'/44, l='ServerLevel[world]', x=2221.52, y=60.00, z=-446.85] in list []
[18Apr2026 01:16:45.945] [Server thread/DEBUG] [atomicstryker.dynamiclights.server.DynamicLights/]: Removing Dynamic Light attached to ServerPlayer['Ihlak'/44, l='ServerLevel[world]', x=2221.52, y=60.00, z=-446.85]
[18Apr2026 01:16:45.946] [Server thread/DEBUG] [atomicstryker.dynamiclights.server.DynamicLights/]: Calling addLightSource on entity ServerPlayer['Ihlak'/44, l='ServerLevel[world]', x=2221.52, y=60.00, z=-446.85], dimensionLocationPath overworld
[18Apr2026 01:16:45.946] [Server thread/DEBUG] [atomicstryker.dynamiclights.server.DynamicLights/]: Successfully registered DynamicLight on Entity: ServerPlayer['Ihlak'/44, l='ServerLevel[world]', x=2221.52, y=60.00, z=-446.85] in list []
[18Apr2026 01:16:45.992] [Server thread/DEBUG] [atomicstryker.dynamiclights.server.DynamicLights/]: Removing Dynamic Light attached to ServerPlayer['Ihlak'/44, l='ServerLevel[world]', x=2221.52, y=60.00, z=-446.85]
[18Apr2026 01:16:45.992] [Server thread/DEBUG] [atomicstryker.dynamiclights.server.DynamicLights/]: Calling addLightSource on entity ServerPlayer['Ihlak'/44, l='ServerLevel[world]', x=2221.52, y=60.00, z=-446.85], dimensionLocationPath overworld
[18Apr2026 01:16:45.992] [Server thread/DEBUG] [atomicstryker.dynamiclights.server.DynamicLights/]: Successfully registered DynamicLight on Entity: ServerPlayer['Ihlak'/44, l='ServerLevel[world]', x=2221.52, y=60.00, z=-446.85] in list []
[18Apr2026 01:16:46.042] [Server thread/DEBUG] [atomicstryker.dynamiclights.server.DynamicLights/]: Removing Dynamic Light attached to ServerPlayer['Ihlak'/44, l='ServerLevel[world]', x=2221.52, y=60.00, z=-446.85]
[18Apr2026 01:16:46.042] [Server thread/DEBUG] [atomicstryker.dynamiclights.server.DynamicLights/]: Calling addLightSource on entity ServerPlayer['Ihlak'/44, l='ServerLevel[world]', x=2221.52, y=60.00, z=-446.85], dimensionLocationPath overworld
[18Apr2026 01:16:46.043] [Server thread/DEBUG] [atomicstryker.dynamiclights.server.DynamicLights/]: Successfully registered DynamicLight on Entity: ServerPlayer['Ihlak'/44, l='ServerLevel[world]', x=2221.52, y=60.00, z=-446.85] in list []
[18Apr2026 01:16:46.091] [Server thread/DEBUG] [atomicstryker.dynamiclights.server.DynamicLights/]: Removing Dynamic Light attached to ServerPlayer['Ihlak'/44, l='ServerLevel[world]', x=2221.52, y=60.00, z=-446.85]
[18Apr2026 01:16:46.092] [Server thread/DEBUG] [atomicstryker.dynamiclights.server.DynamicLights/]: Calling addLightSource on entity ServerPlayer['Ihlak'/44, l='ServerLevel[world]', x=2221.52, y=60.00, z=-446.85], dimensionLocationPath overworld
[18Apr2026 01:16:46.092] [Server thread/DEBUG] [atomicstryker.dynamiclights.server.DynamicLights/]: Successfully registered DynamicLight on Entity: ServerPlayer['Ihlak'/44, l='ServerLevel[world]', x=2221.52, y=60.00, z=-446.85] in list []
[18Apr2026 01:16:46.143] [Server thread/DEBUG] [atomicstryker.dynamiclights.server.DynamicLights/]: Removing Dynamic Light attached to ServerPlayer['Ihlak'/44, l='ServerLevel[world]', x=2221.57, y=60.00, z=-446.93]
[18Apr2026 01:16:46.144] [Server thread/DEBUG] [atomicstryker.dynamiclights.server.DynamicLights/]: Calling addLightSource on entity ServerPlayer['Ihlak'/44, l='ServerLevel[world]', x=2221.57, y=60.00, z=-446.93], dimensionLocationPath overworld
[18Apr2026 01:16:46.144] [Server thread/DEBUG] [atomicstryker.dynamiclights.server.DynamicLights/]: Successfully registered DynamicLight on Entity: ServerPlayer['Ihlak'/44, l='ServerLevel[world]', x=2221.57, y=60.00, z=-446.93] in list []
[18Apr2026 01:16:46.191] [Server thread/DEBUG] [atomicstryker.dynamiclights.server.DynamicLights/]: Removing Dynamic Light attached to ServerPlayer['Ihlak'/44, l='ServerLevel[world]', x=2221.68, y=60.00, z=-447.03]
[18Apr2026 01:16:46.191] [Server thread/DEBUG] [atomicstryker.dynamiclights.server.DynamicLights/]: Calling addLightSource on entity ServerPlayer['Ihlak'/44, l='ServerLevel[world]', x=2221.68, y=60.00, z=-447.03], dimensionLocationPath overworld
[18Apr2026 01:16:46.192] [Server thread/DEBUG] [atomicstryker.dynamiclights.server.DynamicLights/]: Successfully registered DynamicLight on Entity: ServerPlayer['Ihlak'/44, l='ServerLevel[world]', x=2221.68, y=60.00, z=-447.03] in list []
[18Apr2026 01:16:46.243] [Server thread/DEBUG] [atomicstryker.dynamiclights.server.DynamicLights/]: Removing Dynamic Light attached to ServerPlayer['Ihlak'/44, l='ServerLevel[world]', x=2221.74, y=60.00, z=-447.08]
[18Apr2026 01:16:46.244] [Server thread/DEBUG] [atomicstryker.dynamiclights.server.DynamicLights/]: Calling addLightSource on entity ServerPlayer['Ihlak'/44, l='ServerLevel[world]', x=2221.74, y=60.00, z=-447.08], dimensionLocationPath overworld
[18Apr2026 01:16:46.244] [Server thread/DEBUG] [atomicstryker.dynamiclights.server.DynamicLights/]: Successfully registered DynamicLight on Entity: ServerPlayer['Ihlak'/44, l='ServerLevel[world]', x=2221.74, y=60.00, z=-447.08] in list []
[18Apr2026 01:16:46.292] [Server thread/DEBUG] [atomicstryker.dynamiclights.server.DynamicLights/]: Removing Dynamic Light attached to ServerPlayer['Ihlak'/44, l='ServerLevel[world]', x=2221.77, y=60.00, z=-447.11]
[18Apr2026 01:16:47.095] [Server thread/DEBUG] [atomicstryker.dynamiclights.server.DynamicLights/]: Calling addLightSource on entity ServerPlayer['Ihlak'/44, l='ServerLevel[world]', x=2221.80, y=60.00, z=-447.14], dimensionLocationPath overworld
[18Apr2026 01:16:47.095] [Server thread/DEBUG] [atomicstryker.dynamiclights.server.DynamicLights/]: Successfully registered DynamicLight on Entity: ServerPlayer['Ihlak'/44, l='ServerLevel[world]', x=2221.80, y=60.00, z=-447.14] in list []
[18Apr2026 01:16:47.141] [Server thread/DEBUG] [atomicstryker.dynamiclights.server.DynamicLights/]: Removing Dynamic Light attached to ServerPlayer['Ihlak'/44, l='ServerLevel[world]', x=2221.80, y=60.00, z=-447.14]
[18Apr2026 01:16:47.142] [Server thread/DEBUG] [atomicstryker.dynamiclights.server.DynamicLights/]: Calling addLightSource on entity ServerPlayer['Ihlak'/44, l='ServerLevel[world]', x=2221.80, y=60.00, z=-447.14], dimensionLocationPath overworld
[18Apr2026 01:16:47.142] [Server thread/DEBUG] [atomicstryker.dynamiclights.server.DynamicLights/]: Successfully registered DynamicLight on Entity: ServerPlayer['Ihlak'/44, l='ServerLevel[world]', x=2221.80, y=60.00, z=-447.14] in list []
[18Apr2026 01:16:47.195] [Server thread/DEBUG] [atomicstryker.dynamiclights.server.DynamicLights/]: Removing Dynamic Light attached to ServerPlayer['Ihlak'/44, l='ServerLevel[world]', x=2221.80, y=60.00, z=-447.14]
[18Apr2026 01:16:47.196] [Server thread/DEBUG] [atomicstryker.dynamiclights.server.DynamicLights/]: Calling addLightSource on entity ServerPlayer['Ihlak'/44, l='ServerLevel[world]', x=2221.80, y=60.00, z=-447.14], dimensionLocationPath overworld
[18Apr2026 01:16:47.196] [Server thread/DEBUG] [atomicstryker.dynamiclights.server.DynamicLights/]: Successfully registered DynamicLight on Entity: ServerPlayer['Ihlak'/44, l='ServerLevel[world]', x=2221.80, y=60.00, z=-447.14] in list []
[18Apr2026 01:16:47.243] [Server thread/DEBUG] [atomicstryker.dynamiclights.server.DynamicLights/]: Removing Dynamic Light attached to ServerPlayer['Ihlak'/44, l='ServerLevel[world]', x=2221.80, y=60.00, z=-447.14]
[18Apr2026 01:16:47.244] [Server thread/DEBUG] [atomicstryker.dynamiclights.server.DynamicLights/]: Calling addLightSource on entity ServerPlayer['Ihlak'/44, l='ServerLevel[world]', x=2221.79, y=60.00, z=-447.15], dimensionLocationPath overworld
[18Apr2026 01:16:47.244] [Server thread/DEBUG] [atomicstryker.dynamiclights.server.DynamicLights/]: Successfully registered DynamicLight on Entity: ServerPlayer['Ihlak'/44, l='ServerLevel[world]', x=2221.79, y=60.00, z=-447.15] in list []
[18Apr2026 01:16:47.293] [Server thread/DEBUG] [atomicstryker.dynamiclights.server.DynamicLights/]: Removing Dynamic Light attached to ServerPlayer['Ihlak'/44, l='ServerLevel[world]', x=2221.79, y=60.00, z=-447.14]
[18Apr2026 01:16:47.294] [Server thread/DEBUG] [atomicstryker.dynamiclights.server.DynamicLights/]: Calling addLightSource on entity ServerPlayer['Ihlak'/44, l='ServerLevel[world]', x=2221.79, y=60.00, z=-447.15], dimensionLocationPath overworld
[18Apr2026 01:16:47.294] [Server thread/DEBUG] [atomicstryker.dynamiclights.server.DynamicLights/]: Successfully registered DynamicLight on Entity: ServerPlayer['Ihlak'/44, l='ServerLevel[world]', x=2221.79, y=60.00, z=-447.15] in list []
[18Apr2026 01:16:47.341] [Server thread/DEBUG] [atomicstryker.dynamiclights.server.DynamicLights/]: Removing Dynamic Light attached to ServerPlayer['Ihlak'/44, l='ServerLevel[world]', x=2221.79, y=60.00, z=-447.14]
[18Apr2026 01:16:47.341] [Server thread/DEBUG] [atomicstryker.dynamiclights.server.DynamicLights/]: Calling addLightSource on entity ServerPlayer['Ihlak'/44, l='ServerLevel[world]', x=2221.78, y=60.00, z=-447.15], dimensionLocationPath overworld
[18Apr2026 01:16:47.341] [Server thread/DEBUG] [atomicstryker.dynamiclights.server.DynamicLights/]: Successfully registered DynamicLight on Entity: ServerPlayer['Ihlak'/44, l='ServerLevel[world]', x=2221.78, y=60.00, z=-447.15] in list []
[18Apr2026 01:16:47.393] [Server thread/DEBUG] [atomicstryker.dynamiclights.server.DynamicLights/]: Removing Dynamic Light attached to ServerPlayer['Ihlak'/44, l='ServerLevel[world]', x=2221.78, y=60.00, z=-447.14]
[18Apr2026 01:16:47.394] [Server thread/DEBUG] [atomicstryker.dynamiclights.server.DynamicLights/]: Calling addLightSource on entity ServerPlayer['Ihlak'/44, l='ServerLevel[world]', x=2221.77, y=60.00, z=-447.15], dimensionLocationPath overworld
[18Apr2026 01:16:47.394] [Server thread/DEBUG] [atomicstryker.dynamiclights.server.DynamicLights/]: Successfully registered DynamicLight on Entity: ServerPlayer['Ihlak'/44, l='ServerLevel[world]', x=2221.77, y=60.00, z=-447.15] in list []
[18Apr2026 01:16:47.443] [Server thread/DEBUG] [atomicstryker.dynamiclights.server.DynamicLights/]: Removing Dynamic Light attached to ServerPlayer['Ihlak'/44, l='ServerLevel[world]', x=2221.78, y=60.00, z=-447.14]
[18Apr2026 01:16:47.443] [Server thread/DEBUG] [atomicstryker.dynamiclights.server.DynamicLights/]: Calling addLightSource on entity ServerPlayer['Ihlak'/44, l='ServerLevel[world]', x=2221.77, y=60.00, z=-447.15], dimensionLocationPath overworld
[18Apr2026 01:16:47.443] [Server thread/DEBUG] [atomicstryker.dynamiclights.server.DynamicLights/]: Successfully registered DynamicLight on Entity: ServerPlayer['Ihlak'/44, l='ServerLevel[world]', x=2221.77, y=60.00, z=-447.15] in list []
[18Apr2026 01:16:47.493] [Server thread/DEBUG] [atomicstryker.dynamiclights.server.DynamicLights/]: Removing Dynamic Light attached to ServerPlayer['Ihlak'/44, l='ServerLevel[world]', x=2221.77, y=60.00, z=-447.14]
[18Apr2026 01:16:47.494] [Server thread/DEBUG] [atomicstryker.dynamiclights.server.DynamicLights/]: Calling addLightSource on entity ServerPlayer['Ihlak'/44, l='ServerLevel[world]', x=2221.76, y=60.00, z=-447.15], dimensionLocationPath overworld
[18Apr2026 01:16:47.494] [Server thread/DEBUG] [atomicstryker.dynamiclights.server.DynamicLights/]: Successfully registered DynamicLight on Entity: ServerPlayer['Ihlak'/44, l='ServerLevel[world]', x=2221.76, y=60.00, z=-447.15] in list []
[18Apr2026 01:16:47.542] [Server thread/DEBUG] [atomicstryker.dynamiclights.server.DynamicLights/]: Removing Dynamic Light attached to ServerPlayer['Ihlak'/44, l='ServerLevel[world]', x=2221.77, y=60.00, z=-447.14]
[18Apr2026 01:16:47.543] [Server thread/DEBUG] [atomicstryker.dynamiclights.server.DynamicLights/]: Calling addLightSource on entity ServerPlayer['Ihlak'/44, l='ServerLevel[world]', x=2221.76, y=60.00, z=-447.15], dimensionLocationPath overworld
[18Apr2026 01:16:47.543] [Server thread/DEBUG] [atomicstryker.dynamiclights.server.DynamicLights/]: Successfully registered DynamicLight on Entity: ServerPlayer['Ihlak'/44, l='ServerLevel[world]', x=2221.76, y=60.00, z=-447.15] in list []
[18Apr2026 01:16:47.593] [Server thread/DEBUG] [atomicstryker.dynamiclights.server.DynamicLights/]: Removing Dynamic Light attached to ServerPlayer['Ihlak'/44, l='ServerLevel[world]', x=2221.76, y=60.00, z=-447.14]
[18Apr2026 01:16:47.593] [Server thread/DEBUG] [atomicstryker.dynamiclights.server.DynamicLights/]: Calling addLightSource on entity ServerPlayer['Ihlak'/44, l='ServerLevel[world]', x=2221.75, y=60.00, z=-447.15], dimensionLocationPath overworld
[18Apr2026 01:16:47.593] [Server thread/DEBUG] [atomicstryker.dynamiclights.server.DynamicLights/]: Successfully registered DynamicLight on Entity: ServerPlayer['Ihlak'/44, l='ServerLevel[world]', x=2221.75, y=60.00, z=-447.15] in list []
[18Apr2026 01:16:47.643] [Server thread/DEBUG] [atomicstryker.dynamiclights.server.DynamicLights/]: Removing Dynamic Light attached to ServerPlayer['Ihlak'/44, l='ServerLevel[world]', x=2221.76, y=60.00, z=-447.14]
[18Apr2026 01:16:47.643] [Server thread/DEBUG] [atomicstryker.dynamiclights.server.DynamicLights/]: Calling addLightSource on entity ServerPlayer['Ihlak'/44, l='ServerLevel[world]', x=2221.75, y=60.00, z=-447.15], dimensionLocationPath overworld
[18Apr2026 01:16:47.644] [Server thread/DEBUG] [atomicstryker.dynamiclights.server.DynamicLights/]: Successfully registered DynamicLight on Entity: ServerPlayer['Ihlak'/44, l='ServerLevel[world]', x=2221.75, y=60.00, z=-447.15] in list []
[18Apr2026 01:16:47.694] [Server thread/DEBUG] [atomicstryker.dynamiclights.server.DynamicLights/]: Removing Dynamic Light attached to ServerPlayer['Ihlak'/44, l='ServerLevel[world]', x=2221.75, y=60.00, z=-447.14]
[18Apr2026 01:16:47.695] [Server thread/DEBUG] [atomicstryker.dynamiclights.server.DynamicLights/]: Calling addLightSource on entity ServerPlayer['Ihlak'/44, l='ServerLevel[world]', x=2221.74, y=60.00, z=-447.15], dimensionLocationPath overworld
[18Apr2026 01:16:47.695] [Server thread/DEBUG] [atomicstryker.dynamiclights.server.DynamicLights/]: Successfully registered DynamicLight on Entity: ServerPlayer['Ihlak'/44, l='ServerLevel[world]', x=2221.74, y=60.00, z=-447.15] in list []
[18Apr2026 01:16:47.743] [Server thread/DEBUG] [atomicstryker.dynamiclights.server.DynamicLights/]: Removing Dynamic Light attached to ServerPlayer['Ihlak'/44, l='ServerLevel[world]', x=2221.75, y=60.00, z=-447.14]
[18Apr2026 01:16:47.743] [Server thread/DEBUG] [atomicstryker.dynamiclights.server.DynamicLights/]: Calling addLightSource on entity ServerPlayer['Ihlak'/44, l='ServerLevel[world]', x=2221.74, y=60.00, z=-447.15], dimensionLocationPath overworld
[18Apr2026 01:16:47.743] [Server thread/DEBUG] [atomicstryker.dynamiclights.server.DynamicLights/]: Successfully registered DynamicLight on Entity: ServerPlayer['Ihlak'/44, l='ServerLevel[world]', x=2221.74, y=60.00, z=-447.15] in list []
[18Apr2026 01:16:47.798] [Server thread/DEBUG] [atomicstryker.dynamiclights.server.DynamicLights/]: Removing Dynamic Light attached to ServerPlayer['Ihlak'/44, l='ServerLevel[world]', x=2221.74, y=60.00, z=-447.14]
[18Apr2026 01:16:47.799] [Server thread/DEBUG] [atomicstryker.dynamiclights.server.DynamicLights/]: Calling addLightSource on entity ServerPlayer['Ihlak'/44, l='ServerLevel[world]', x=2221.73, y=60.00, z=-447.15], dimensionLocationPath overworld
[18Apr2026 01:16:47.799] [Server thread/DEBUG] [atomicstryker.dynamiclights.server.DynamicLights/]: Successfully registered DynamicLight on Entity: ServerPlayer['Ihlak'/44, l='ServerLevel[world]', x=2221.73, y=60.00, z=-447.15] in list []
[18Apr2026 01:16:47.846] [Server thread/DEBUG] [atomicstryker.dynamiclights.server.DynamicLights/]: Removing Dynamic Light attached to ServerPlayer['Ihlak'/44, l='ServerLevel[world]', x=2221.74, y=60.00, z=-447.14]
[18Apr2026 01:16:47.847] [Server thread/DEBUG] [atomicstryker.dynamiclights.server.DynamicLights/]: Calling addLightSource on entity ServerPlayer['Ihlak'/44, l='ServerLevel[world]', x=2221.73, y=60.00, z=-447.15], dimensionLocationPath overworld
[18Apr2026 01:16:47.848] [Server thread/DEBUG] [atomicstryker.dynamiclights.server.DynamicLights/]: Successfully registered DynamicLight on Entity: ServerPlayer['Ihlak'/44, l='ServerLevel[world]', x=2221.73, y=60.00, z=-447.15] in list []
[18Apr2026 01:16:47.894] [Server thread/DEBUG] [atomicstryker.dynamiclights.server.DynamicLights/]: Removing Dynamic Light attached to ServerPlayer['Ihlak'/44, l='ServerLevel[world]', x=2221.73, y=60.00, z=-447.14]
[18Apr2026 01:16:47.895] [Server thread/DEBUG] [atomicstryker.dynamiclights.server.DynamicLights/]: Calling addLightSource on entity ServerPlayer['Ihlak'/44, l='ServerLevel[world]', x=2221.72, y=60.00, z=-447.15], dimensionLocationPath overworld
[18Apr2026 01:16:47.895] [Server thread/DEBUG] [atomicstryker.dynamiclights.server.DynamicLights/]: Successfully registered DynamicLight on Entity: ServerPlayer['Ihlak'/44, l='ServerLevel[world]', x=2221.72, y=60.00, z=-447.15] in list []
[18Apr2026 01:16:47.943] [Server thread/DEBUG] [atomicstryker.dynamiclights.server.DynamicLights/]: Removing Dynamic Light attached to ServerPlayer['Ihlak'/44, l='ServerLevel[world]', x=2221.73, y=60.00, z=-447.14]
[18Apr2026 01:16:47.944] [Server thread/DEBUG] [atomicstryker.dynamiclights.server.DynamicLights/]: Calling addLightSource on entity ServerPlayer['Ihlak'/44, l='ServerLevel[world]', x=2221.72, y=60.00, z=-447.15], dimensionLocationPath overworld
[18Apr2026 01:16:47.944] [Server thread/DEBUG] [atomicstryker.dynamiclights.server.DynamicLights/]: Successfully registered DynamicLight on Entity: ServerPlayer['Ihlak'/44, l='ServerLevel[world]', x=2221.72, y=60.00, z=-447.15] in list []
[18Apr2026 01:16:47.995] [Server thread/DEBUG] [atomicstryker.dynamiclights.server.DynamicLights/]: Removing Dynamic Light attached to ServerPlayer['Ihlak'/44, l='ServerLevel[world]', x=2221.72, y=60.00, z=-447.14]
[18Apr2026 01:16:47.996] [Server thread/DEBUG] [atomicstryker.dynamiclights.server.DynamicLights/]: Calling addLightSource on entity ServerPlayer['Ihlak'/44, l='ServerLevel[world]', x=2221.71, y=60.00, z=-447.15], dimensionLocationPath overworld
[18Apr2026 01:16:47.996] [Server thread/DEBUG] [atomicstryker.dynamiclights.server.DynamicLights/]: Successfully registered DynamicLight on Entity: ServerPlayer['Ihlak'/44, l='ServerLevel[world]', x=2221.71, y=60.00, z=-447.15] in list []
[18Apr2026 01:16:48.042] [Server thread/DEBUG] [atomicstryker.dynamiclights.server.DynamicLights/]: Removing Dynamic Light attached to ServerPlayer['Ihlak'/44, l='ServerLevel[world]', x=2221.72, y=60.00, z=-447.14]
[18Apr2026 01:16:48.043] [Server thread/DEBUG] [atomicstryker.dynamiclights.server.DynamicLights/]: Calling addLightSource on entity ServerPlayer['Ihlak'/44, l='ServerLevel[world]', x=2221.71, y=60.00, z=-447.15], dimensionLocationPath overworld
[18Apr2026 01:16:48.043] [Server thread/DEBUG] [atomicstryker.dynamiclights.server.DynamicLights/]: Successfully registered DynamicLight on Entity: ServerPlayer['Ihlak'/44, l='ServerLevel[world]', x=2221.71, y=60.00, z=-447.15] in list []
[18Apr2026 01:16:48.094] [Server thread/DEBUG] [atomicstryker.dynamiclights.server.DynamicLights/]: Removing Dynamic Light attached to ServerPlayer['Ihlak'/44, l='ServerLevel[world]', x=2221.71, y=60.00, z=-447.14]
[18Apr2026 01:16:48.094] [Server thread/DEBUG] [atomicstryker.dynamiclights.server.DynamicLights/]: Calling addLightSource on entity ServerPlayer['Ihlak'/44, l='ServerLevel[world]', x=2221.70, y=60.00, z=-447.15], dimensionLocationPath overworld
[18Apr2026 01:16:48.094] [Server thread/DEBUG] [atomicstryker.dynamiclights.server.DynamicLights/]: Successfully registered DynamicLight on Entity: ServerPlayer['Ihlak'/44, l='ServerLevel[world]', x=2221.70, y=60.00, z=-447.15] in list []
[18Apr2026 01:16:48.140] [Server thread/DEBUG] [atomicstryker.dynamiclights.server.DynamicLights/]: Removing Dynamic Light attached to ServerPlayer['Ihlak'/44, l='ServerLevel[world]', x=2221.71, y=60.00, z=-447.14]
[18Apr2026 01:16:48.141] [Server thread/DEBUG] [atomicstryker.dynamiclights.server.DynamicLights/]: Calling addLightSource on entity ServerPlayer['Ihlak'/44, l='ServerLevel[world]', x=2221.70, y=60.00, z=-447.15], dimensionLocationPath overworld
[18Apr2026 01:16:48.141] [Server thread/DEBUG] [atomicstryker.dynamiclights.server.DynamicLights/]: Successfully registered DynamicLight on Entity: ServerPlayer['Ihlak'/44, l='ServerLevel[world]', x=2221.70, y=60.00, z=-447.15] in list []
[18Apr2026 01:16:48.194] [Server thread/DEBUG] [atomicstryker.dynamiclights.server.DynamicLights/]: Removing Dynamic Light attached to ServerPlayer['Ihlak'/44, l='ServerLevel[world]', x=2221.70, y=60.00, z=-447.14]
[18Apr2026 01:16:48.195] [Server thread/DEBUG] [atomicstryker.dynamiclights.server.DynamicLights/]: Calling addLightSource on entity ServerPlayer['Ihlak'/44, l='ServerLevel[world]', x=2221.69, y=60.00, z=-447.15], dimensionLocationPath overworld
[18Apr2026 01:16:48.195] [Server thread/DEBUG] [atomicstryker.dynamiclights.server.DynamicLights/]: Successfully registered DynamicLight on Entity: ServerPlayer['Ihlak'/44, l='ServerLevel[world]', x=2221.69, y=60.00, z=-447.15] in list []
[18Apr2026 01:16:48.240] [Server thread/DEBUG] [atomicstryker.dynamiclights.server.DynamicLights/]: Removing Dynamic Light attached to ServerPlayer['Ihlak'/44, l='ServerLevel[world]', x=2221.70, y=60.00, z=-447.14]
[18Apr2026 01:16:48.592] [Server thread/DEBUG] [atomicstryker.dynamiclights.server.DynamicLights/]: Calling addLightSource on entity ServerPlayer['Ihlak'/44, l='ServerLevel[world]', x=2221.69, y=60.00, z=-447.14], dimensionLocationPath overworld
[18Apr2026 01:16:48.592] [Server thread/DEBUG] [atomicstryker.dynamiclights.server.DynamicLights/]: Successfully registered DynamicLight on Entity: ServerPlayer['Ihlak'/44, l='ServerLevel[world]', x=2221.69, y=60.00, z=-447.14] in list []
[18Apr2026 01:16:48.642] [Server thread/DEBUG] [atomicstryker.dynamiclights.server.DynamicLights/]: Removing Dynamic Light attached to ServerPlayer['Ihlak'/44, l='ServerLevel[world]', x=2221.70, y=60.00, z=-447.14]
[18Apr2026 01:16:48.643] [Server thread/DEBUG] [atomicstryker.dynamiclights.server.DynamicLights/]: Calling addLightSource on entity ServerPlayer['Ihlak'/44, l='ServerLevel[world]', x=2221.69, y=60.00, z=-447.14], dimensionLocationPath overworld
[18Apr2026 01:16:48.643] [Server thread/DEBUG] [atomicstryker.dynamiclights.server.DynamicLights/]: Successfully registered DynamicLight on Entity: ServerPlayer['Ihlak'/44, l='ServerLevel[world]', x=2221.69, y=60.00, z=-447.14] in list []
[18Apr2026 01:16:48.691] [Server thread/DEBUG] [atomicstryker.dynamiclights.server.DynamicLights/]: Removing Dynamic Light attached to ServerPlayer['Ihlak'/44, l='ServerLevel[world]', x=2221.70, y=60.00, z=-447.14]
[18Apr2026 01:16:48.691] [Server thread/DEBUG] [atomicstryker.dynamiclights.server.DynamicLights/]: Calling addLightSource on entity ServerPlayer['Ihlak'/44, l='ServerLevel[world]', x=2221.69, y=60.00, z=-447.14], dimensionLocationPath overworld
[18Apr2026 01:16:48.691] [Server thread/DEBUG] [atomicstryker.dynamiclights.server.DynamicLights/]: Successfully registered DynamicLight on Entity: ServerPlayer['Ihlak'/44, l='ServerLevel[world]', x=2221.69, y=60.00, z=-447.14] in list []
[18Apr2026 01:16:48.744] [Server thread/DEBUG] [atomicstryker.dynamiclights.server.DynamicLights/]: Removing Dynamic Light attached to ServerPlayer['Ihlak'/44, l='ServerLevel[world]', x=2221.69, y=60.00, z=-447.14]
[18Apr2026 01:16:48.744] [Server thread/DEBUG] [atomicstryker.dynamiclights.server.DynamicLights/]: Calling addLightSource on entity ServerPlayer['Ihlak'/44, l='ServerLevel[world]', x=2221.69, y=60.00, z=-447.15], dimensionLocationPath overworld
[18Apr2026 01:16:48.744] [Server thread/DEBUG] [atomicstryker.dynamiclights.server.DynamicLights/]: Successfully registered DynamicLight on Entity: ServerPlayer['Ihlak'/44, l='ServerLevel[world]', x=2221.69, y=60.00, z=-447.15] in list []
[18Apr2026 01:16:48.792] [Server thread/DEBUG] [atomicstryker.dynamiclights.server.DynamicLights/]: Removing Dynamic Light attached to ServerPlayer['Ihlak'/44, l='ServerLevel[world]', x=2221.69, y=60.00, z=-447.14]
[18Apr2026 01:16:48.792] [Server thread/DEBUG] [atomicstryker.dynamiclights.server.DynamicLights/]: Calling addLightSource on entity ServerPlayer['Ihlak'/44, l='ServerLevel[world]', x=2221.68, y=60.00, z=-447.15], dimensionLocationPath overworld
[18Apr2026 01:16:48.793] [Server thread/DEBUG] [atomicstryker.dynamiclights.server.DynamicLights/]: Successfully registered DynamicLight on Entity: ServerPlayer['Ihlak'/44, l='ServerLevel[world]', x=2221.68, y=60.00, z=-447.15] in list []
[18Apr2026 01:16:48.844] [Server thread/DEBUG] [atomicstryker.dynamiclights.server.DynamicLights/]: Removing Dynamic Light attached to ServerPlayer['Ihlak'/44, l='ServerLevel[world]', x=2221.68, y=60.00, z=-447.14]
[18Apr2026 01:16:48.844] [Server thread/DEBUG] [atomicstryker.dynamiclights.server.DynamicLights/]: Calling addLightSource on entity ServerPlayer['Ihlak'/44, l='ServerLevel[world]', x=2221.67, y=60.00, z=-447.15], dimensionLocationPath overworld
[18Apr2026 01:16:48.844] [Server thread/DEBUG] [atomicstryker.dynamiclights.server.DynamicLights/]: Successfully registered DynamicLight on Entity: ServerPlayer['Ihlak'/44, l='ServerLevel[world]', x=2221.67, y=60.00, z=-447.15] in list []
[18Apr2026 01:16:48.891] [Server thread/DEBUG] [atomicstryker.dynamiclights.server.DynamicLights/]: Removing Dynamic Light attached to ServerPlayer['Ihlak'/44, l='ServerLevel[world]', x=2221.67, y=60.00, z=-447.15]
[18Apr2026 01:16:48.891] [Server thread/DEBUG] [atomicstryker.dynamiclights.server.DynamicLights/]: Calling addLightSource on entity ServerPlayer['Ihlak'/44, l='ServerLevel[world]', x=2221.67, y=60.00, z=-447.15], dimensionLocationPath overworld
[18Apr2026 01:16:48.891] [Server thread/DEBUG] [atomicstryker.dynamiclights.server.DynamicLights/]: Successfully registered DynamicLight on Entity: ServerPlayer['Ihlak'/44, l='ServerLevel[world]', x=2221.67, y=60.00, z=-447.15] in list []
[18Apr2026 01:16:48.942] [Server thread/DEBUG] [atomicstryker.dynamiclights.server.DynamicLights/]: Removing Dynamic Light attached to ServerPlayer['Ihlak'/44, l='ServerLevel[world]', x=2221.67, y=60.00, z=-447.15]
[18Apr2026 01:16:48.943] [Server thread/DEBUG] [atomicstryker.dynamiclights.server.DynamicLights/]: Calling addLightSource on entity ServerPlayer['Ihlak'/44, l='ServerLevel[world]', x=2221.66, y=60.00, z=-447.16], dimensionLocationPath overworld
[18Apr2026 01:16:48.943] [Server thread/DEBUG] [atomicstryker.dynamiclights.server.DynamicLights/]: Successfully registered DynamicLight on Entity: ServerPlayer['Ihlak'/44, l='ServerLevel[world]', x=2221.66, y=60.00, z=-447.16] in list []
[18Apr2026 01:16:48.994] [Server thread/DEBUG] [atomicstryker.dynamiclights.server.DynamicLights/]: Removing Dynamic Light attached to ServerPlayer['Ihlak'/44, l='ServerLevel[world]', x=2221.66, y=60.00, z=-447.16]
[18Apr2026 01:16:48.995] [Server thread/DEBUG] [atomicstryker.dynamiclights.server.DynamicLights/]: Calling addLightSource on entity ServerPlayer['Ihlak'/44, l='ServerLevel[world]', x=2221.66, y=60.00, z=-447.16], dimensionLocationPath overworld
[18Apr2026 01:16:48.995] [Server thread/DEBUG] [atomicstryker.dynamiclights.server.DynamicLights/]: Successfully registered DynamicLight on Entity: ServerPlayer['Ihlak'/44, l='ServerLevel[world]', x=2221.66, y=60.00, z=-447.16] in list []
[18Apr2026 01:16:49.041] [Server thread/DEBUG] [atomicstryker.dynamiclights.server.DynamicLights/]: Removing Dynamic Light attached to ServerPlayer['Ihlak'/44, l='ServerLevel[world]', x=2221.66, y=60.00, z=-447.16]
[18Apr2026 01:16:49.042] [Server thread/DEBUG] [atomicstryker.dynamiclights.server.DynamicLights/]: Calling addLightSource on entity ServerPlayer['Ihlak'/44, l='ServerLevel[world]', x=2221.65, y=60.00, z=-447.17], dimensionLocationPath overworld
[18Apr2026 01:16:49.042] [Server thread/DEBUG] [atomicstryker.dynamiclights.server.DynamicLights/]: Successfully registered DynamicLight on Entity: ServerPlayer['Ihlak'/44, l='ServerLevel[world]', x=2221.65, y=60.00, z=-447.17] in list []
[18Apr2026 01:16:49.091] [Server thread/DEBUG] [atomicstryker.dynamiclights.server.DynamicLights/]: Removing Dynamic Light attached to ServerPlayer['Ihlak'/44, l='ServerLevel[world]', x=2221.65, y=60.00, z=-447.17]
[18Apr2026 01:16:49.092] [Server thread/DEBUG] [atomicstryker.dynamiclights.server.DynamicLights/]: Calling addLightSource on entity ServerPlayer['Ihlak'/44, l='ServerLevel[world]', x=2221.65, y=60.00, z=-447.17], dimensionLocationPath overworld
[18Apr2026 01:16:49.092] [Server thread/DEBUG] [atomicstryker.dynamiclights.server.DynamicLights/]: Successfully registered DynamicLight on Entity: ServerPlayer['Ihlak'/44, l='ServerLevel[world]', x=2221.65, y=60.00, z=-447.17] in list []
[18Apr2026 01:16:49.142] [Server thread/DEBUG] [atomicstryker.dynamiclights.server.DynamicLights/]: Removing Dynamic Light attached to ServerPlayer['Ihlak'/44, l='ServerLevel[world]', x=2221.65, y=60.00, z=-447.17]
[18Apr2026 01:16:49.142] [Server thread/DEBUG] [atomicstryker.dynamiclights.server.DynamicLights/]: Calling addLightSource on entity ServerPlayer['Ihlak'/44, l='ServerLevel[world]', x=2221.64, y=60.00, z=-447.18], dimensionLocationPath overworld
[18Apr2026 01:16:49.142] [Server thread/DEBUG] [atomicstryker.dynamiclights.server.DynamicLights/]: Successfully registered DynamicLight on Entity: ServerPlayer['Ihlak'/44, l='ServerLevel[world]', x=2221.64, y=60.00, z=-447.18] in list []
[18Apr2026 01:16:49.193] [Server thread/DEBUG] [atomicstryker.dynamiclights.server.DynamicLights/]: Removing Dynamic Light attached to ServerPlayer['Ihlak'/44, l='ServerLevel[world]', x=2221.64, y=60.00, z=-447.18]
[18Apr2026 01:16:49.194] [Server thread/DEBUG] [atomicstryker.dynamiclights.server.DynamicLights/]: Calling addLightSource on entity ServerPlayer['Ihlak'/44, l='ServerLevel[world]', x=2221.64, y=60.00, z=-447.18], dimensionLocationPath overworld
[18Apr2026 01:16:49.194] [Server thread/DEBUG] [atomicstryker.dynamiclights.server.DynamicLights/]: Successfully registered DynamicLight on Entity: ServerPlayer['Ihlak'/44, l='ServerLevel[world]', x=2221.64, y=60.00, z=-447.18] in list []
[18Apr2026 01:16:49.241] [Server thread/DEBUG] [atomicstryker.dynamiclights.server.DynamicLights/]: Removing Dynamic Light attached to ServerPlayer['Ihlak'/44, l='ServerLevel[world]', x=2221.64, y=60.00, z=-447.18]
[18Apr2026 01:16:49.242] [Server thread/DEBUG] [atomicstryker.dynamiclights.server.DynamicLights/]: Calling addLightSource on entity ServerPlayer['Ihlak'/44, l='ServerLevel[world]', x=2221.63, y=60.00, z=-447.19], dimensionLocationPath overworld
[18Apr2026 01:16:49.242] [Server thread/DEBUG] [atomicstryker.dynamiclights.server.DynamicLights/]: Successfully registered DynamicLight on Entity: ServerPlayer['Ihlak'/44, l='ServerLevel[world]', x=2221.63, y=60.00, z=-447.19] in list []
[18Apr2026 01:16:49.290] [Server thread/DEBUG] [atomicstryker.dynamiclights.server.DynamicLights/]: Removing Dynamic Light attached to ServerPlayer['Ihlak'/44, l='ServerLevel[world]', x=2221.63, y=60.00, z=-447.19]
[18Apr2026 01:16:49.290] [Server thread/DEBUG] [atomicstryker.dynamiclights.server.DynamicLights/]: Calling addLightSource on entity ServerPlayer['Ihlak'/44, l='ServerLevel[world]', x=2221.63, y=60.00, z=-447.19], dimensionLocationPath overworld
[18Apr2026 01:16:49.291] [Server thread/DEBUG] [atomicstryker.dynamiclights.server.DynamicLights/]: Successfully registered DynamicLight on Entity: ServerPlayer['Ihlak'/44, l='ServerLevel[world]', x=2221.63, y=60.00, z=-447.19] in list []
[18Apr2026 01:16:49.344] [Server thread/DEBUG] [atomicstryker.dynamiclights.server.DynamicLights/]: Removing Dynamic Light attached to ServerPlayer['Ihlak'/44, l='ServerLevel[world]', x=2221.63, y=60.00, z=-447.19]
[18Apr2026 01:16:49.344] [Server thread/DEBUG] [atomicstryker.dynamiclights.server.DynamicLights/]: Calling addLightSource on entity ServerPlayer['Ihlak'/44, l='ServerLevel[world]', x=2221.62, y=60.00, z=-447.20], dimensionLocationPath overworld
[18Apr2026 01:16:49.344] [Server thread/DEBUG] [atomicstryker.dynamiclights.server.DynamicLights/]: Successfully registered DynamicLight on Entity: ServerPlayer['Ihlak'/44, l='ServerLevel[world]', x=2221.62, y=60.00, z=-447.20] in list []
[18Apr2026 01:16:49.392] [Server thread/DEBUG] [atomicstryker.dynamiclights.server.DynamicLights/]: Removing Dynamic Light attached to ServerPlayer['Ihlak'/44, l='ServerLevel[world]', x=2221.62, y=60.00, z=-447.20]
[18Apr2026 01:16:49.393] [Server thread/DEBUG] [atomicstryker.dynamiclights.server.DynamicLights/]: Calling addLightSource on entity ServerPlayer['Ihlak'/44, l='ServerLevel[world]', x=2221.62, y=60.00, z=-447.20], dimensionLocationPath overworld
[18Apr2026 01:16:49.393] [Server thread/DEBUG] [atomicstryker.dynamiclights.server.DynamicLights/]: Successfully registered DynamicLight on Entity: ServerPlayer['Ihlak'/44, l='ServerLevel[world]', x=2221.62, y=60.00, z=-447.20] in list []
[18Apr2026 01:16:49.444] [Server thread/DEBUG] [atomicstryker.dynamiclights.server.DynamicLights/]: Removing Dynamic Light attached to ServerPlayer['Ihlak'/44, l='ServerLevel[world]', x=2221.62, y=60.00, z=-447.20]
[18Apr2026 01:16:49.444] [Server thread/DEBUG] [atomicstryker.dynamiclights.server.DynamicLights/]: Calling addLightSource on entity ServerPlayer['Ihlak'/44, l='ServerLevel[world]', x=2221.61, y=60.00, z=-447.21], dimensionLocationPath overworld
[18Apr2026 01:16:49.445] [Server thread/DEBUG] [atomicstryker.dynamiclights.server.DynamicLights/]: Successfully registered DynamicLight on Entity: ServerPlayer['Ihlak'/44, l='ServerLevel[world]', x=2221.61, y=60.00, z=-447.21] in list []
[18Apr2026 01:16:49.494] [Server thread/DEBUG] [atomicstryker.dynamiclights.server.DynamicLights/]: Removing Dynamic Light attached to ServerPlayer['Ihlak'/44, l='ServerLevel[world]', x=2221.61, y=60.00, z=-447.21]
[18Apr2026 01:16:49.495] [Server thread/DEBUG] [atomicstryker.dynamiclights.server.DynamicLights/]: Calling addLightSource on entity ServerPlayer['Ihlak'/44, l='ServerLevel[world]', x=2221.61, y=60.00, z=-447.21], dimensionLocationPath overworld
[18Apr2026 01:16:49.495] [Server thread/DEBUG] [atomicstryker.dynamiclights.server.DynamicLights/]: Successfully registered DynamicLight on Entity: ServerPlayer['Ihlak'/44, l='ServerLevel[world]', x=2221.61, y=60.00, z=-447.21] in list []
[18Apr2026 01:16:49.544] [Server thread/DEBUG] [atomicstryker.dynamiclights.server.DynamicLights/]: Removing Dynamic Light attached to ServerPlayer['Ihlak'/44, l='ServerLevel[world]', x=2221.61, y=60.00, z=-447.21]
[18Apr2026 01:16:49.545] [Server thread/DEBUG] [atomicstryker.dynamiclights.server.DynamicLights/]: Calling addLightSource on entity ServerPlayer['Ihlak'/44, l='ServerLevel[world]', x=2221.60, y=60.00, z=-447.22], dimensionLocationPath overworld
[18Apr2026 01:16:49.545] [Server thread/DEBUG] [atomicstryker.dynamiclights.server.DynamicLights/]: Successfully registered DynamicLight on Entity: ServerPlayer['Ihlak'/44, l='ServerLevel[world]', x=2221.60, y=60.00, z=-447.22] in list []
[18Apr2026 01:16:49.596] [Server thread/DEBUG] [atomicstryker.dynamiclights.server.DynamicLights/]: Removing Dynamic Light attached to ServerPlayer['Ihlak'/44, l='ServerLevel[world]', x=2221.60, y=60.00, z=-447.22]
[18Apr2026 01:16:49.596] [Server thread/DEBUG] [atomicstryker.dynamiclights.server.DynamicLights/]: Calling addLightSource on entity ServerPlayer['Ihlak'/44, l='ServerLevel[world]', x=2221.60, y=60.00, z=-447.22], dimensionLocationPath overworld
[18Apr2026 01:16:49.596] [Server thread/DEBUG] [atomicstryker.dynamiclights.server.DynamicLights/]: Successfully registered DynamicLight on Entity: ServerPlayer['Ihlak'/44, l='ServerLevel[world]', x=2221.60, y=60.00, z=-447.22] in list []
[18Apr2026 01:16:49.644] [Server thread/DEBUG] [atomicstryker.dynamiclights.server.DynamicLights/]: Removing Dynamic Light attached to ServerPlayer['Ihlak'/44, l='ServerLevel[world]', x=2221.60, y=60.00, z=-447.22]
[18Apr2026 01:16:49.645] [Server thread/DEBUG] [atomicstryker.dynamiclights.server.DynamicLights/]: Calling addLightSource on entity ServerPlayer['Ihlak'/44, l='ServerLevel[world]', x=2221.59, y=60.00, z=-447.23], dimensionLocationPath overworld
[18Apr2026 01:16:49.645] [Server thread/DEBUG] [atomicstryker.dynamiclights.server.DynamicLights/]: Successfully registered DynamicLight on Entity: ServerPlayer['Ihlak'/44, l='ServerLevel[world]', x=2221.59, y=60.00, z=-447.23] in list []
[18Apr2026 01:16:49.695] [Server thread/DEBUG] [atomicstryker.dynamiclights.server.DynamicLights/]: Removing Dynamic Light attached to ServerPlayer['Ihlak'/44, l='ServerLevel[world]', x=2221.59, y=60.00, z=-447.23]
[18Apr2026 01:16:49.696] [Server thread/DEBUG] [atomicstryker.dynamiclights.server.DynamicLights/]: Calling addLightSource on entity ServerPlayer['Ihlak'/44, l='ServerLevel[world]', x=2221.59, y=60.00, z=-447.23], dimensionLocationPath overworld
[18Apr2026 01:16:49.696] [Server thread/DEBUG] [atomicstryker.dynamiclights.server.DynamicLights/]: Successfully registered DynamicLight on Entity: ServerPlayer['Ihlak'/44, l='ServerLevel[world]', x=2221.59, y=60.00, z=-447.23] in list []
[18Apr2026 01:16:49.746] [Server thread/DEBUG] [atomicstryker.dynamiclights.server.DynamicLights/]: Removing Dynamic Light attached to ServerPlayer['Ihlak'/44, l='ServerLevel[world]', x=2221.59, y=60.00, z=-447.23]
[18Apr2026 01:16:49.746] [Server thread/DEBUG] [atomicstryker.dynamiclights.server.DynamicLights/]: Calling addLightSource on entity ServerPlayer['Ihlak'/44, l='ServerLevel[world]', x=2221.58, y=60.00, z=-447.24], dimensionLocationPath overworld
[18Apr2026 01:16:49.746] [Server thread/DEBUG] [atomicstryker.dynamiclights.server.DynamicLights/]: Successfully registered DynamicLight on Entity: ServerPlayer['Ihlak'/44, l='ServerLevel[world]', x=2221.58, y=60.00, z=-447.24] in list []
[18Apr2026 01:16:49.792] [Server thread/DEBUG] [atomicstryker.dynamiclights.server.DynamicLights/]: Removing Dynamic Light attached to ServerPlayer['Ihlak'/44, l='ServerLevel[world]', x=2221.58, y=60.00, z=-447.24]
[18Apr2026 01:16:49.793] [Server thread/DEBUG] [atomicstryker.dynamiclights.server.DynamicLights/]: Calling addLightSource on entity ServerPlayer['Ihlak'/44, l='ServerLevel[world]', x=2221.58, y=60.00, z=-447.24], dimensionLocationPath overworld
[18Apr2026 01:16:49.793] [Server thread/DEBUG] [atomicstryker.dynamiclights.server.DynamicLights/]: Successfully registered DynamicLight on Entity: ServerPlayer['Ihlak'/44, l='ServerLevel[world]', x=2221.58, y=60.00, z=-447.24] in list []
[18Apr2026 01:16:49.845] [Server thread/DEBUG] [atomicstryker.dynamiclights.server.DynamicLights/]: Removing Dynamic Light attached to ServerPlayer['Ihlak'/44, l='ServerLevel[world]', x=2221.58, y=60.00, z=-447.24]
[18Apr2026 01:16:49.845] [Server thread/DEBUG] [atomicstryker.dynamiclights.server.DynamicLights/]: Calling addLightSource on entity ServerPlayer['Ihlak'/44, l='ServerLevel[world]', x=2221.57, y=60.00, z=-447.25], dimensionLocationPath overworld
[18Apr2026 01:16:49.846] [Server thread/DEBUG] [atomicstryker.dynamiclights.server.DynamicLights/]: Successfully registered DynamicLight on Entity: ServerPlayer['Ihlak'/44, l='ServerLevel[world]', x=2221.57, y=60.00, z=-447.25] in list []
[18Apr2026 01:16:49.891] [Server thread/DEBUG] [atomicstryker.dynamiclights.server.DynamicLights/]: Removing Dynamic Light attached to ServerPlayer['Ihlak'/44, l='ServerLevel[world]', x=2221.57, y=60.00, z=-447.25]
[18Apr2026 01:16:49.892] [Server thread/DEBUG] [atomicstryker.dynamiclights.server.DynamicLights/]: Calling addLightSource on entity ServerPlayer['Ihlak'/44, l='ServerLevel[world]', x=2221.56, y=60.00, z=-447.25], dimensionLocationPath overworld
[18Apr2026 01:16:49.892] [Server thread/DEBUG] [atomicstryker.dynamiclights.server.DynamicLights/]: Successfully registered DynamicLight on Entity: ServerPlayer['Ihlak'/44, l='ServerLevel[world]', x=2221.56, y=60.00, z=-447.25] in list []
[18Apr2026 01:16:49.942] [Server thread/DEBUG] [atomicstryker.dynamiclights.server.DynamicLights/]: Removing Dynamic Light attached to ServerPlayer['Ihlak'/44, l='ServerLevel[world]', x=2221.57, y=60.00, z=-447.25]
[18Apr2026 01:16:49.942] [Server thread/DEBUG] [atomicstryker.dynamiclights.server.DynamicLights/]: Calling addLightSource on entity ServerPlayer['Ihlak'/44, l='ServerLevel[world]', x=2221.56, y=60.00, z=-447.26], dimensionLocationPath overworld
[18Apr2026 01:16:49.943] [Server thread/DEBUG] [atomicstryker.dynamiclights.server.DynamicLights/]: Successfully registered DynamicLight on Entity: ServerPlayer['Ihlak'/44, l='ServerLevel[world]', x=2221.56, y=60.00, z=-447.26] in list []
[18Apr2026 01:16:49.995] [Server thread/DEBUG] [atomicstryker.dynamiclights.server.DynamicLights/]: Removing Dynamic Light attached to ServerPlayer['Ihlak'/44, l='ServerLevel[world]', x=2221.56, y=60.00, z=-447.26]
[18Apr2026 01:16:49.996] [Server thread/DEBUG] [atomicstryker.dynamiclights.server.DynamicLights/]: Calling addLightSource on entity ServerPlayer['Ihlak'/44, l='ServerLevel[world]', x=2221.55, y=60.00, z=-447.27], dimensionLocationPath overworld
[18Apr2026 01:16:49.996] [Server thread/DEBUG] [atomicstryker.dynamiclights.server.DynamicLights/]: Successfully registered DynamicLight on Entity: ServerPlayer['Ihlak'/44, l='ServerLevel[world]', x=2221.55, y=60.00, z=-447.27] in list []
[18Apr2026 01:16:50.043] [Server thread/DEBUG] [atomicstryker.dynamiclights.server.DynamicLights/]: Removing Dynamic Light attached to ServerPlayer['Ihlak'/44, l='ServerLevel[world]', x=2221.56, y=60.00, z=-447.26]
[18Apr2026 01:16:50.044] [Server thread/DEBUG] [atomicstryker.dynamiclights.server.DynamicLights/]: Calling addLightSource on entity ServerPlayer['Ihlak'/44, l='ServerLevel[world]', x=2221.55, y=60.00, z=-447.27], dimensionLocationPath overworld
[18Apr2026 01:16:50.044] [Server thread/DEBUG] [atomicstryker.dynamiclights.server.DynamicLights/]: Successfully registered DynamicLight on Entity: ServerPlayer['Ihlak'/44, l='ServerLevel[world]', x=2221.55, y=60.00, z=-447.27] in list []
[18Apr2026 01:16:50.092] [Server thread/DEBUG] [atomicstryker.dynamiclights.server.DynamicLights/]: Removing Dynamic Light attached to ServerPlayer['Ihlak'/44, l='ServerLevel[world]', x=2221.55, y=60.00, z=-447.27]
[18Apr2026 01:16:50.093] [Server thread/DEBUG] [atomicstryker.dynamiclights.server.DynamicLights/]: Calling addLightSource on entity ServerPlayer['Ihlak'/44, l='ServerLevel[world]', x=2221.54, y=60.00, z=-447.28], dimensionLocationPath overworld
[18Apr2026 01:16:50.093] [Server thread/DEBUG] [atomicstryker.dynamiclights.server.DynamicLights/]: Successfully registered DynamicLight on Entity: ServerPlayer['Ihlak'/44, l='ServerLevel[world]', x=2221.54, y=60.00, z=-447.28] in list []
[18Apr2026 01:16:50.143] [Server thread/DEBUG] [atomicstryker.dynamiclights.server.DynamicLights/]: Removing Dynamic Light attached to ServerPlayer['Ihlak'/44, l='ServerLevel[world]', x=2221.54, y=60.00, z=-447.27]
[18Apr2026 01:16:50.144] [Server thread/DEBUG] [atomicstryker.dynamiclights.server.DynamicLights/]: Calling addLightSource on entity ServerPlayer['Ihlak'/44, l='ServerLevel[world]', x=2221.54, y=60.00, z=-447.28], dimensionLocationPath overworld
[18Apr2026 01:16:50.144] [Server thread/DEBUG] [atomicstryker.dynamiclights.server.DynamicLights/]: Successfully registered DynamicLight on Entity: ServerPlayer['Ihlak'/44, l='ServerLevel[world]', x=2221.54, y=60.00, z=-447.28] in list []
[18Apr2026 01:16:50.192] [Server thread/DEBUG] [atomicstryker.dynamiclights.server.DynamicLights/]: Removing Dynamic Light attached to ServerPlayer['Ihlak'/44, l='ServerLevel[world]', x=2221.54, y=60.00, z=-447.28]
[18Apr2026 01:16:50.193] [Server thread/DEBUG] [atomicstryker.dynamiclights.server.DynamicLights/]: Calling addLightSource on entity ServerPlayer['Ihlak'/44, l='ServerLevel[world]', x=2221.53, y=60.00, z=-447.29], dimensionLocationPath overworld
[18Apr2026 01:16:50.193] [Server thread/DEBUG] [atomicstryker.dynamiclights.server.DynamicLights/]: Successfully registered DynamicLight on Entity: ServerPlayer['Ihlak'/44, l='ServerLevel[world]', x=2221.53, y=60.00, z=-447.29] in list []
[18Apr2026 01:16:50.240] [Server thread/DEBUG] [atomicstryker.dynamiclights.server.DynamicLights/]: Removing Dynamic Light attached to ServerPlayer['Ihlak'/44, l='ServerLevel[world]', x=2221.53, y=60.00, z=-447.29]
[18Apr2026 01:16:50.240] [Server thread/DEBUG] [atomicstryker.dynamiclights.server.DynamicLights/]: Calling addLightSource on entity ServerPlayer['Ihlak'/44, l='ServerLevel[world]', x=2221.53, y=60.00, z=-447.29], dimensionLocationPath overworld
[18Apr2026 01:16:50.240] [Server thread/DEBUG] [atomicstryker.dynamiclights.server.DynamicLights/]: Successfully registered DynamicLight on Entity: ServerPlayer['Ihlak'/44, l='ServerLevel[world]', x=2221.53, y=60.00, z=-447.29] in list []
[18Apr2026 01:16:50.292] [Server thread/DEBUG] [atomicstryker.dynamiclights.server.DynamicLights/]: Removing Dynamic Light attached to ServerPlayer['Ihlak'/44, l='ServerLevel[world]', x=2221.53, y=60.00, z=-447.29]
[18Apr2026 01:16:50.293] [Server thread/DEBUG] [atomicstryker.dynamiclights.server.DynamicLights/]: Calling addLightSource on entity ServerPlayer['Ihlak'/44, l='ServerLevel[world]', x=2221.53, y=60.00, z=-447.30], dimensionLocationPath overworld
[18Apr2026 01:16:50.293] [Server thread/DEBUG] [atomicstryker.dynamiclights.server.DynamicLights/]: Successfully registered DynamicLight on Entity: ServerPlayer['Ihlak'/44, l='ServerLevel[world]', x=2221.53, y=60.00, z=-447.30] in list []
[18Apr2026 01:16:50.341] [Server thread/DEBUG] [atomicstryker.dynamiclights.server.DynamicLights/]: Removing Dynamic Light attached to ServerPlayer['Ihlak'/44, l='ServerLevel[world]', x=2221.53, y=60.00, z=-447.30]
[18Apr2026 01:16:50.342] [Server thread/DEBUG] [atomicstryker.dynamiclights.server.DynamicLights/]: Calling addLightSource on entity ServerPlayer['Ihlak'/44, l='ServerLevel[world]', x=2221.53, y=60.00, z=-447.30], dimensionLocationPath overworld
[18Apr2026 01:16:50.342] [Server thread/DEBUG] [atomicstryker.dynamiclights.server.DynamicLights/]: Successfully registered DynamicLight on Entity: ServerPlayer['Ihlak'/44, l='ServerLevel[world]', x=2221.53, y=60.00, z=-447.30] in list []
[18Apr2026 01:16:50.393] [Server thread/DEBUG] [atomicstryker.dynamiclights.server.DynamicLights/]: Removing Dynamic Light attached to ServerPlayer['Ihlak'/44, l='ServerLevel[world]', x=2221.53, y=60.00, z=-447.30]
[18Apr2026 01:16:50.394] [Server thread/DEBUG] [atomicstryker.dynamiclights.server.DynamicLights/]: Calling addLightSource on entity ServerPlayer['Ihlak'/44, l='ServerLevel[world]', x=2221.53, y=60.00, z=-447.31], dimensionLocationPath overworld
[18Apr2026 01:16:50.394] [Server thread/DEBUG] [atomicstryker.dynamiclights.server.DynamicLights/]: Successfully registered DynamicLight on Entity: ServerPlayer['Ihlak'/44, l='ServerLevel[world]', x=2221.53, y=60.00, z=-447.31] in list []
[18Apr2026 01:16:50.445] [Server thread/DEBUG] [atomicstryker.dynamiclights.server.DynamicLights/]: Removing Dynamic Light attached to ServerPlayer['Ihlak'/44, l='ServerLevel[world]', x=2221.53, y=60.00, z=-447.31]
[18Apr2026 01:16:50.445] [Server thread/DEBUG] [atomicstryker.dynamiclights.server.DynamicLights/]: Calling addLightSource on entity ServerPlayer['Ihlak'/44, l='ServerLevel[world]', x=2221.53, y=60.00, z=-447.31], dimensionLocationPath overworld
[18Apr2026 01:16:50.446] [Server thread/DEBUG] [atomicstryker.dynamiclights.server.DynamicLights/]: Successfully registered DynamicLight on Entity: ServerPlayer['Ihlak'/44, l='ServerLevel[world]', x=2221.53, y=60.00, z=-447.31] in list []
[18Apr2026 01:16:50.490] [Server thread/DEBUG] [atomicstryker.dynamiclights.server.DynamicLights/]: Removing Dynamic Light attached to ServerPlayer['Ihlak'/44, l='ServerLevel[world]', x=2221.53, y=60.00, z=-447.31]
[18Apr2026 01:16:50.491] [Server thread/DEBUG] [atomicstryker.dynamiclights.server.DynamicLights/]: Calling addLightSource on entity ServerPlayer['Ihlak'/44, l='ServerLevel[world]', x=2221.52, y=60.00, z=-447.32], dimensionLocationPath overworld
[18Apr2026 01:16:50.491] [Server thread/DEBUG] [atomicstryker.dynamiclights.server.DynamicLights/]: Successfully registered DynamicLight on Entity: ServerPlayer['Ihlak'/44, l='ServerLevel[world]', x=2221.52, y=60.00, z=-447.32] in list []
[18Apr2026 01:16:50.541] [Server thread/DEBUG] [atomicstryker.dynamiclights.server.DynamicLights/]: Removing Dynamic Light attached to ServerPlayer['Ihlak'/44, l='ServerLevel[world]', x=2221.52, y=60.00, z=-447.32]
[18Apr2026 01:16:50.541] [Server thread/DEBUG] [atomicstryker.dynamiclights.server.DynamicLights/]: Calling addLightSource on entity ServerPlayer['Ihlak'/44, l='ServerLevel[world]', x=2221.51, y=60.00, z=-447.32], dimensionLocationPath overworld
[18Apr2026 01:16:50.541] [Server thread/DEBUG] [atomicstryker.dynamiclights.server.DynamicLights/]: Successfully registered DynamicLight on Entity: ServerPlayer['Ihlak'/44, l='ServerLevel[world]', x=2221.51, y=60.00, z=-447.32] in list []
[18Apr2026 01:16:50.593] [Server thread/DEBUG] [atomicstryker.dynamiclights.server.DynamicLights/]: Removing Dynamic Light attached to ServerPlayer['Ihlak'/44, l='ServerLevel[world]', x=2221.52, y=60.00, z=-447.32]
[18Apr2026 01:16:50.593] [Server thread/DEBUG] [atomicstryker.dynamiclights.server.DynamicLights/]: Calling addLightSource on entity ServerPlayer['Ihlak'/44, l='ServerLevel[world]', x=2221.51, y=60.00, z=-447.32], dimensionLocationPath overworld
[18Apr2026 01:16:50.593] [Server thread/DEBUG] [atomicstryker.dynamiclights.server.DynamicLights/]: Successfully registered DynamicLight on Entity: ServerPlayer['Ihlak'/44, l='ServerLevel[world]', x=2221.51, y=60.00, z=-447.32] in list []
[18Apr2026 01:16:50.641] [Server thread/DEBUG] [atomicstryker.dynamiclights.server.DynamicLights/]: Removing Dynamic Light attached to ServerPlayer['Ihlak'/44, l='ServerLevel[world]', x=2221.51, y=60.00, z=-447.33]
[18Apr2026 01:16:50.641] [Server thread/DEBUG] [atomicstryker.dynamiclights.server.DynamicLights/]: Calling addLightSource on entity ServerPlayer['Ihlak'/44, l='ServerLevel[world]', x=2221.51, y=60.00, z=-447.33], dimensionLocationPath overworld
[18Apr2026 01:16:50.641] [Server thread/DEBUG] [atomicstryker.dynamiclights.server.DynamicLights/]: Successfully registered DynamicLight on Entity: ServerPlayer['Ihlak'/44, l='ServerLevel[world]', x=2221.51, y=60.00, z=-447.33] in list []
[18Apr2026 01:16:50.692] [Server thread/DEBUG] [atomicstryker.dynamiclights.server.DynamicLights/]: Removing Dynamic Light attached to ServerPlayer['Ihlak'/44, l='ServerLevel[world]', x=2221.51, y=60.00, z=-447.33]
[18Apr2026 01:16:50.692] [Server thread/DEBUG] [atomicstryker.dynamiclights.server.DynamicLights/]: Calling addLightSource on entity ServerPlayer['Ihlak'/44, l='ServerLevel[world]', x=2221.50, y=60.00, z=-447.34], dimensionLocationPath overworld
[18Apr2026 01:16:50.692] [Server thread/DEBUG] [atomicstryker.dynamiclights.server.DynamicLights/]: Successfully registered DynamicLight on Entity: ServerPlayer['Ihlak'/44, l='ServerLevel[world]', x=2221.50, y=60.00, z=-447.34] in list []
[18Apr2026 01:16:50.740] [Server thread/DEBUG] [atomicstryker.dynamiclights.server.DynamicLights/]: Removing Dynamic Light attached to ServerPlayer['Ihlak'/44, l='ServerLevel[world]', x=2221.50, y=60.00, z=-447.34]
[18Apr2026 01:16:50.741] [Server thread/DEBUG] [atomicstryker.dynamiclights.server.DynamicLights/]: Calling addLightSource on entity ServerPlayer['Ihlak'/44, l='ServerLevel[world]', x=2221.50, y=60.00, z=-447.34], dimensionLocationPath overworld
[18Apr2026 01:16:50.741] [Server thread/DEBUG] [atomicstryker.dynamiclights.server.DynamicLights/]: Successfully registered DynamicLight on Entity: ServerPlayer['Ihlak'/44, l='ServerLevel[world]', x=2221.50, y=60.00, z=-447.34] in list []
[18Apr2026 01:16:50.792] [Server thread/DEBUG] [atomicstryker.dynamiclights.server.DynamicLights/]: Removing Dynamic Light attached to ServerPlayer['Ihlak'/44, l='ServerLevel[world]', x=2221.50, y=60.00, z=-447.34]
[18Apr2026 01:16:50.793] [Server thread/DEBUG] [atomicstryker.dynamiclights.server.DynamicLights/]: Calling addLightSource on entity ServerPlayer['Ihlak'/44, l='ServerLevel[world]', x=2221.49, y=60.00, z=-447.35], dimensionLocationPath overworld
[18Apr2026 01:16:50.793] [Server thread/DEBUG] [atomicstryker.dynamiclights.server.DynamicLights/]: Successfully registered DynamicLight on Entity: ServerPlayer['Ihlak'/44, l='ServerLevel[world]', x=2221.49, y=60.00, z=-447.35] in list []
[18Apr2026 01:16:50.840] [Server thread/DEBUG] [atomicstryker.dynamiclights.server.DynamicLights/]: Removing Dynamic Light attached to ServerPlayer['Ihlak'/44, l='ServerLevel[world]', x=2221.49, y=60.00, z=-447.35]
[18Apr2026 01:16:50.840] [Server thread/DEBUG] [atomicstryker.dynamiclights.server.DynamicLights/]: Calling addLightSource on entity ServerPlayer['Ihlak'/44, l='ServerLevel[world]', x=2221.49, y=60.00, z=-447.35], dimensionLocationPath overworld
[18Apr2026 01:16:50.840] [Server thread/DEBUG] [atomicstryker.dynamiclights.server.DynamicLights/]: Successfully registered DynamicLight on Entity: ServerPlayer['Ihlak'/44, l='ServerLevel[world]', x=2221.49, y=60.00, z=-447.35] in list []
[18Apr2026 01:16:50.893] [Server thread/DEBUG] [atomicstryker.dynamiclights.server.DynamicLights/]: Removing Dynamic Light attached to ServerPlayer['Ihlak'/44, l='ServerLevel[world]', x=2221.49, y=60.00, z=-447.35]
[18Apr2026 01:16:50.893] [Server thread/DEBUG] [atomicstryker.dynamiclights.server.DynamicLights/]: Calling addLightSource on entity ServerPlayer['Ihlak'/44, l='ServerLevel[world]', x=2221.48, y=60.00, z=-447.35], dimensionLocationPath overworld
[18Apr2026 01:16:50.893] [Server thread/DEBUG] [atomicstryker.dynamiclights.server.DynamicLights/]: Successfully registered DynamicLight on Entity: ServerPlayer['Ihlak'/44, l='ServerLevel[world]', x=2221.48, y=60.00, z=-447.35] in list []
[18Apr2026 01:16:50.941] [Server thread/DEBUG] [atomicstryker.dynamiclights.server.DynamicLights/]: Removing Dynamic Light attached to ServerPlayer['Ihlak'/44, l='ServerLevel[world]', x=2221.48, y=60.00, z=-447.35]
[18Apr2026 01:16:50.941] [Server thread/DEBUG] [atomicstryker.dynamiclights.server.DynamicLights/]: Calling addLightSource on entity ServerPlayer['Ihlak'/44, l='ServerLevel[world]', x=2221.48, y=60.00, z=-447.36], dimensionLocationPath overworld
[18Apr2026 01:16:50.941] [Server thread/DEBUG] [atomicstryker.dynamiclights.server.DynamicLights/]: Successfully registered DynamicLight on Entity: ServerPlayer['Ihlak'/44, l='ServerLevel[world]', x=2221.48, y=60.00, z=-447.36] in list []
[18Apr2026 01:16:50.993] [Server thread/DEBUG] [atomicstryker.dynamiclights.server.DynamicLights/]: Removing Dynamic Light attached to ServerPlayer['Ihlak'/44, l='ServerLevel[world]', x=2221.48, y=60.00, z=-447.36]
[18Apr2026 01:16:50.993] [Server thread/DEBUG] [atomicstryker.dynamiclights.server.DynamicLights/]: Calling addLightSource on entity ServerPlayer['Ihlak'/44, l='ServerLevel[world]', x=2221.47, y=60.00, z=-447.37], dimensionLocationPath overworld
[18Apr2026 01:16:50.994] [Server thread/DEBUG] [atomicstryker.dynamiclights.server.DynamicLights/]: Successfully registered DynamicLight on Entity: ServerPlayer['Ihlak'/44, l='ServerLevel[world]', x=2221.47, y=60.00, z=-447.37] in list []
[18Apr2026 01:16:51.041] [Server thread/DEBUG] [atomicstryker.dynamiclights.server.DynamicLights/]: Removing Dynamic Light attached to ServerPlayer['Ihlak'/44, l='ServerLevel[world]', x=2221.47, y=60.00, z=-447.36]
[18Apr2026 01:16:51.042] [Server thread/DEBUG] [atomicstryker.dynamiclights.server.DynamicLights/]: Calling addLightSource on entity ServerPlayer['Ihlak'/44, l='ServerLevel[world]', x=2221.47, y=60.00, z=-447.37], dimensionLocationPath overworld
[18Apr2026 01:16:51.042] [Server thread/DEBUG] [atomicstryker.dynamiclights.server.DynamicLights/]: Successfully registered DynamicLight on Entity: ServerPlayer['Ihlak'/44, l='ServerLevel[world]', x=2221.47, y=60.00, z=-447.37] in list []
[18Apr2026 01:16:51.093] [Server thread/DEBUG] [atomicstryker.dynamiclights.server.DynamicLights/]: Removing Dynamic Light attached to ServerPlayer['Ihlak'/44, l='ServerLevel[world]', x=2221.47, y=60.00, z=-447.37]
[18Apr2026 01:16:51.094] [Server thread/DEBUG] [atomicstryker.dynamiclights.server.DynamicLights/]: Calling addLightSource on entity ServerPlayer['Ihlak'/44, l='ServerLevel[world]', x=2221.46, y=60.00, z=-447.37], dimensionLocationPath overworld
[18Apr2026 01:16:51.094] [Server thread/DEBUG] [atomicstryker.dynamiclights.server.DynamicLights/]: Successfully registered DynamicLight on Entity: ServerPlayer['Ihlak'/44, l='ServerLevel[world]', x=2221.46, y=60.00, z=-447.37] in list []
[18Apr2026 01:16:51.143] [Server thread/DEBUG] [atomicstryker.dynamiclights.server.DynamicLights/]: Removing Dynamic Light attached to ServerPlayer['Ihlak'/44, l='ServerLevel[world]', x=2221.46, y=60.00, z=-447.38]
[18Apr2026 01:16:51.144] [Server thread/DEBUG] [atomicstryker.dynamiclights.server.DynamicLights/]: Calling addLightSource on entity ServerPlayer['Ihlak'/44, l='ServerLevel[world]', x=2221.46, y=60.00, z=-447.38], dimensionLocationPath overworld
[18Apr2026 01:16:51.144] [Server thread/DEBUG] [atomicstryker.dynamiclights.server.DynamicLights/]: Successfully registered DynamicLight on Entity: ServerPlayer['Ihlak'/44, l='ServerLevel[world]', x=2221.46, y=60.00, z=-447.38] in list []
[18Apr2026 01:16:51.191] [Server thread/DEBUG] [atomicstryker.dynamiclights.server.DynamicLights/]: Removing Dynamic Light attached to ServerPlayer['Ihlak'/44, l='ServerLevel[world]', x=2221.46, y=60.00, z=-447.38]
[18Apr2026 01:16:51.191] [Server thread/DEBUG] [atomicstryker.dynamiclights.server.DynamicLights/]: Calling addLightSource on entity ServerPlayer['Ihlak'/44, l='ServerLevel[world]', x=2221.46, y=60.00, z=-447.38], dimensionLocationPath overworld
[18Apr2026 01:16:51.191] [Server thread/DEBUG] [atomicstryker.dynamiclights.server.DynamicLights/]: Successfully registered DynamicLight on Entity: ServerPlayer['Ihlak'/44, l='ServerLevel[world]', x=2221.46, y=60.00, z=-447.38] in list []
[18Apr2026 01:16:51.240] [Server thread/DEBUG] [atomicstryker.dynamiclights.server.DynamicLights/]: Removing Dynamic Light attached to ServerPlayer['Ihlak'/44, l='ServerLevel[world]', x=2221.47, y=60.00, z=-447.38]
[18Apr2026 01:16:51.241] [Server thread/DEBUG] [atomicstryker.dynamiclights.server.DynamicLights/]: Calling addLightSource on entity ServerPlayer['Ihlak'/44, l='ServerLevel[world]', x=2221.47, y=60.00, z=-447.38], dimensionLocationPath overworld
[18Apr2026 01:16:51.241] [Server thread/DEBUG] [atomicstryker.dynamiclights.server.DynamicLights/]: Successfully registered DynamicLight on Entity: ServerPlayer['Ihlak'/44, l='ServerLevel[world]', x=2221.47, y=60.00, z=-447.38] in list []
[18Apr2026 01:16:51.291] [Server thread/DEBUG] [atomicstryker.dynamiclights.server.DynamicLights/]: Removing Dynamic Light attached to ServerPlayer['Ihlak'/44, l='ServerLevel[world]', x=2221.50, y=60.00, z=-447.37]
[18Apr2026 01:16:51.291] [Server thread/DEBUG] [atomicstryker.dynamiclights.server.DynamicLights/]: Calling addLightSource on entity ServerPlayer['Ihlak'/44, l='ServerLevel[world]', x=2221.49, y=60.00, z=-447.37], dimensionLocationPath overworld
[18Apr2026 01:16:51.292] [Server thread/DEBUG] [atomicstryker.dynamiclights.server.DynamicLights/]: Successfully registered DynamicLight on Entity: ServerPlayer['Ihlak'/44, l='ServerLevel[world]', x=2221.49, y=60.00, z=-447.37] in list []
[18Apr2026 01:16:51.340] [Server thread/DEBUG] [atomicstryker.dynamiclights.server.DynamicLights/]: Removing Dynamic Light attached to ServerPlayer['Ihlak'/44, l='ServerLevel[world]', x=2221.52, y=60.00, z=-447.35]
[18Apr2026 01:16:51.341] [Server thread/DEBUG] [atomicstryker.dynamiclights.server.DynamicLights/]: Calling addLightSource on entity ServerPlayer['Ihlak'/44, l='ServerLevel[world]', x=2221.52, y=60.00, z=-447.36], dimensionLocationPath overworld
[18Apr2026 01:16:51.341] [Server thread/DEBUG] [atomicstryker.dynamiclights.server.DynamicLights/]: Successfully registered DynamicLight on Entity: ServerPlayer['Ihlak'/44, l='ServerLevel[world]', x=2221.52, y=60.00, z=-447.36] in list []
[18Apr2026 01:16:51.391] [Server thread/DEBUG] [atomicstryker.dynamiclights.server.DynamicLights/]: Removing Dynamic Light attached to ServerPlayer['Ihlak'/44, l='ServerLevel[world]', x=2221.54, y=60.00, z=-447.35]
[18Apr2026 01:16:51.392] [Server thread/DEBUG] [atomicstryker.dynamiclights.server.DynamicLights/]: Calling addLightSource on entity ServerPlayer['Ihlak'/44, l='ServerLevel[world]', x=2221.53, y=60.00, z=-447.35], dimensionLocationPath overworld
[18Apr2026 01:16:51.392] [Server thread/DEBUG] [atomicstryker.dynamiclights.server.DynamicLights/]: Successfully registered DynamicLight on Entity: ServerPlayer['Ihlak'/44, l='ServerLevel[world]', x=2221.53, y=60.00, z=-447.35] in list []
[18Apr2026 01:16:51.440] [Server thread/DEBUG] [atomicstryker.dynamiclights.server.DynamicLights/]: Removing Dynamic Light attached to ServerPlayer['Ihlak'/44, l='ServerLevel[world]', x=2221.54, y=60.00, z=-447.35]
[18Apr2026 01:16:51.440] [Server thread/DEBUG] [atomicstryker.dynamiclights.server.DynamicLights/]: Calling addLightSource on entity ServerPlayer['Ihlak'/44, l='ServerLevel[world]', x=2221.54, y=60.00, z=-447.35], dimensionLocationPath overworld
[18Apr2026 01:16:51.441] [Server thread/DEBUG] [atomicstryker.dynamiclights.server.DynamicLights/]: Successfully registered DynamicLight on Entity: ServerPlayer['Ihlak'/44, l='ServerLevel[world]', x=2221.54, y=60.00, z=-447.35] in list []
[18Apr2026 01:16:51.492] [Server thread/DEBUG] [atomicstryker.dynamiclights.server.DynamicLights/]: Removing Dynamic Light attached to ServerPlayer['Ihlak'/44, l='ServerLevel[world]', x=2221.54, y=60.00, z=-447.35]
[18Apr2026 01:16:51.492] [Server thread/DEBUG] [atomicstryker.dynamiclights.server.DynamicLights/]: Calling addLightSource on entity ServerPlayer['Ihlak'/44, l='ServerLevel[world]', x=2221.54, y=60.00, z=-447.35], dimensionLocationPath overworld
[18Apr2026 01:16:51.492] [Server thread/DEBUG] [atomicstryker.dynamiclights.server.DynamicLights/]: Successfully registered DynamicLight on Entity: ServerPlayer['Ihlak'/44, l='ServerLevel[world]', x=2221.54, y=60.00, z=-447.35] in list []
[18Apr2026 01:16:51.541] [Server thread/DEBUG] [atomicstryker.dynamiclights.server.DynamicLights/]: Removing Dynamic Light attached to ServerPlayer['Ihlak'/44, l='ServerLevel[world]', x=2221.56, y=60.00, z=-447.34]
[18Apr2026 01:16:51.541] [Server thread/DEBUG] [atomicstryker.dynamiclights.server.DynamicLights/]: Calling addLightSource on entity ServerPlayer['Ihlak'/44, l='ServerLevel[world]', x=2221.55, y=60.00, z=-447.35], dimensionLocationPath overworld
[18Apr2026 01:16:51.541] [Server thread/DEBUG] [atomicstryker.dynamiclights.server.DynamicLights/]: Successfully registered DynamicLight on Entity: ServerPlayer['Ihlak'/44, l='ServerLevel[world]', x=2221.55, y=60.00, z=-447.35] in list []
[18Apr2026 01:16:51.593] [Server thread/DEBUG] [atomicstryker.dynamiclights.server.DynamicLights/]: Removing Dynamic Light attached to ServerPlayer['Ihlak'/44, l='ServerLevel[world]', x=2221.58, y=60.00, z=-447.33]
[18Apr2026 01:16:51.593] [Server thread/DEBUG] [atomicstryker.dynamiclights.server.DynamicLights/]: Calling addLightSource on entity ServerPlayer['Ihlak'/44, l='ServerLevel[world]', x=2221.57, y=60.00, z=-447.34], dimensionLocationPath overworld
[18Apr2026 01:16:51.594] [Server thread/DEBUG] [atomicstryker.dynamiclights.server.DynamicLights/]: Successfully registered DynamicLight on Entity: ServerPlayer['Ihlak'/44, l='ServerLevel[world]', x=2221.57, y=60.00, z=-447.34] in list []
[18Apr2026 01:16:51.641] [Server thread/DEBUG] [atomicstryker.dynamiclights.server.DynamicLights/]: Removing Dynamic Light attached to ServerPlayer['Ihlak'/44, l='ServerLevel[world]', x=2221.60, y=60.00, z=-447.32]
[18Apr2026 01:16:51.642] [Server thread/DEBUG] [atomicstryker.dynamiclights.server.DynamicLights/]: Calling addLightSource on entity ServerPlayer['Ihlak'/44, l='ServerLevel[world]', x=2221.60, y=60.00, z=-447.32], dimensionLocationPath overworld
[18Apr2026 01:16:51.642] [Server thread/DEBUG] [atomicstryker.dynamiclights.server.DynamicLights/]: Successfully registered DynamicLight on Entity: ServerPlayer['Ihlak'/44, l='ServerLevel[world]', x=2221.60, y=60.00, z=-447.32] in list []
[18Apr2026 01:16:51.693] [Server thread/DEBUG] [atomicstryker.dynamiclights.server.DynamicLights/]: Removing Dynamic Light attached to ServerPlayer['Ihlak'/44, l='ServerLevel[world]', x=2221.63, y=60.00, z=-447.30]
[18Apr2026 01:16:51.693] [Server thread/DEBUG] [atomicstryker.dynamiclights.server.DynamicLights/]: Calling addLightSource on entity ServerPlayer['Ihlak'/44, l='ServerLevel[world]', x=2221.63, y=60.00, z=-447.30], dimensionLocationPath overworld
[18Apr2026 01:16:51.693] [Server thread/DEBUG] [atomicstryker.dynamiclights.server.DynamicLights/]: Successfully registered DynamicLight on Entity: ServerPlayer['Ihlak'/44, l='ServerLevel[world]', x=2221.63, y=60.00, z=-447.30] in list []
[18Apr2026 01:16:51.740] [Server thread/DEBUG] [atomicstryker.dynamiclights.server.DynamicLights/]: Removing Dynamic Light attached to ServerPlayer['Ihlak'/44, l='ServerLevel[world]', x=2221.66, y=60.00, z=-447.28]
[18Apr2026 01:16:51.740] [Server thread/DEBUG] [atomicstryker.dynamiclights.server.DynamicLights/]: Calling addLightSource on entity ServerPlayer['Ihlak'/44, l='ServerLevel[world]', x=2221.66, y=60.00, z=-447.28], dimensionLocationPath overworld
[18Apr2026 01:16:51.741] [Server thread/DEBUG] [atomicstryker.dynamiclights.server.DynamicLights/]: Successfully registered DynamicLight on Entity: ServerPlayer['Ihlak'/44, l='ServerLevel[world]', x=2221.66, y=60.00, z=-447.28] in list []
[18Apr2026 01:16:51.793] [Server thread/DEBUG] [atomicstryker.dynamiclights.server.DynamicLights/]: Removing Dynamic Light attached to ServerPlayer['Ihlak'/44, l='ServerLevel[world]', x=2221.70, y=60.00, z=-447.26]
[18Apr2026 01:16:51.794] [Server thread/DEBUG] [atomicstryker.dynamiclights.server.DynamicLights/]: Calling addLightSource on entity ServerPlayer['Ihlak'/44, l='ServerLevel[world]', x=2221.69, y=60.00, z=-447.26], dimensionLocationPath overworld
[18Apr2026 01:16:51.794] [Server thread/DEBUG] [atomicstryker.dynamiclights.server.DynamicLights/]: Successfully registered DynamicLight on Entity: ServerPlayer['Ihlak'/44, l='ServerLevel[world]', x=2221.69, y=60.00, z=-447.26] in list []
[18Apr2026 01:16:51.843] [Server thread/DEBUG] [atomicstryker.dynamiclights.server.DynamicLights/]: Removing Dynamic Light attached to ServerPlayer['Ihlak'/44, l='ServerLevel[world]', x=2221.73, y=60.00, z=-447.23]
[18Apr2026 01:16:51.843] [Server thread/DEBUG] [atomicstryker.dynamiclights.server.DynamicLights/]: Calling addLightSource on entity ServerPlayer['Ihlak'/44, l='ServerLevel[world]', x=2221.72, y=60.00, z=-447.23], dimensionLocationPath overworld
[18Apr2026 01:16:51.844] [Server thread/DEBUG] [atomicstryker.dynamiclights.server.DynamicLights/]: Successfully registered DynamicLight on Entity: ServerPlayer['Ihlak'/44, l='ServerLevel[world]', x=2221.72, y=60.00, z=-447.23] in list []
[18Apr2026 01:16:51.898] [Server thread/DEBUG] [atomicstryker.dynamiclights.server.DynamicLights/]: Removing Dynamic Light attached to ServerPlayer['Ihlak'/44, l='ServerLevel[world]', x=2221.74, y=60.00, z=-447.22]
[18Apr2026 01:16:51.898] [Server thread/DEBUG] [atomicstryker.dynamiclights.server.DynamicLights/]: Calling addLightSource on entity ServerPlayer['Ihlak'/44, l='ServerLevel[world]', x=2221.73, y=60.00, z=-447.23], dimensionLocationPath overworld
[18Apr2026 01:16:51.898] [Server thread/DEBUG] [atomicstryker.dynamiclights.server.DynamicLights/]: Successfully registered DynamicLight on Entity: ServerPlayer['Ihlak'/44, l='ServerLevel[world]', x=2221.73, y=60.00, z=-447.23] in list []
[18Apr2026 01:16:51.940] [Server thread/DEBUG] [atomicstryker.dynamiclights.server.DynamicLights/]: Removing Dynamic Light attached to ServerPlayer['Ihlak'/44, l='ServerLevel[world]', x=2221.75, y=60.00, z=-447.22]
[18Apr2026 01:16:51.941] [Server thread/DEBUG] [atomicstryker.dynamiclights.server.DynamicLights/]: Calling addLightSource on entity ServerPlayer['Ihlak'/44, l='ServerLevel[world]', x=2221.74, y=60.00, z=-447.22], dimensionLocationPath overworld
[18Apr2026 01:16:51.941] [Server thread/DEBUG] [atomicstryker.dynamiclights.server.DynamicLights/]: Successfully registered DynamicLight on Entity: ServerPlayer['Ihlak'/44, l='ServerLevel[world]', x=2221.74, y=60.00, z=-447.22] in list []
[18Apr2026 01:16:51.995] [Server thread/DEBUG] [atomicstryker.dynamiclights.server.DynamicLights/]: Removing Dynamic Light attached to ServerPlayer['Ihlak'/44, l='ServerLevel[world]', x=2221.75, y=60.00, z=-447.22]
[18Apr2026 01:16:51.995] [Server thread/DEBUG] [atomicstryker.dynamiclights.server.DynamicLights/]: Calling addLightSource on entity ServerPlayer['Ihlak'/44, l='ServerLevel[world]', x=2221.74, y=60.00, z=-447.22], dimensionLocationPath overworld
[18Apr2026 01:16:51.996] [Server thread/DEBUG] [atomicstryker.dynamiclights.server.DynamicLights/]: Successfully registered DynamicLight on Entity: ServerPlayer['Ihlak'/44, l='ServerLevel[world]', x=2221.74, y=60.00, z=-447.22] in list []
[18Apr2026 01:16:52.043] [Server thread/DEBUG] [atomicstryker.dynamiclights.server.DynamicLights/]: Removing Dynamic Light attached to ServerPlayer['Ihlak'/44, l='ServerLevel[world]', x=2221.75, y=60.00, z=-447.21]
[18Apr2026 01:16:52.043] [Server thread/DEBUG] [atomicstryker.dynamiclights.server.DynamicLights/]: Calling addLightSource on entity ServerPlayer['Ihlak'/44, l='ServerLevel[world]', x=2221.75, y=60.00, z=-447.21], dimensionLocationPath overworld
[18Apr2026 01:16:52.044] [Server thread/DEBUG] [atomicstryker.dynamiclights.server.DynamicLights/]: Successfully registered DynamicLight on Entity: ServerPlayer['Ihlak'/44, l='ServerLevel[world]', x=2221.75, y=60.00, z=-447.21] in list []
[18Apr2026 01:16:52.093] [Server thread/DEBUG] [atomicstryker.dynamiclights.server.DynamicLights/]: Removing Dynamic Light attached to ServerPlayer['Ihlak'/44, l='ServerLevel[world]', x=2221.77, y=60.00, z=-447.19]
[18Apr2026 01:16:52.094] [Server thread/DEBUG] [atomicstryker.dynamiclights.server.DynamicLights/]: Calling addLightSource on entity ServerPlayer['Ihlak'/44, l='ServerLevel[world]', x=2221.76, y=60.00, z=-447.19], dimensionLocationPath overworld
[18Apr2026 01:16:52.094] [Server thread/DEBUG] [atomicstryker.dynamiclights.server.DynamicLights/]: Successfully registered DynamicLight on Entity: ServerPlayer['Ihlak'/44, l='ServerLevel[world]', x=2221.76, y=60.00, z=-447.19] in list []
[18Apr2026 01:16:52.144] [Server thread/DEBUG] [atomicstryker.dynamiclights.server.DynamicLights/]: Removing Dynamic Light attached to ServerPlayer['Ihlak'/44, l='ServerLevel[world]', x=2221.79, y=60.00, z=-447.17]
[18Apr2026 01:16:52.145] [Server thread/DEBUG] [atomicstryker.dynamiclights.server.DynamicLights/]: Calling addLightSource on entity ServerPlayer['Ihlak'/44, l='ServerLevel[world]', x=2221.79, y=60.00, z=-447.17], dimensionLocationPath overworld
[18Apr2026 01:16:52.145] [Server thread/DEBUG] [atomicstryker.dynamiclights.server.DynamicLights/]: Successfully registered DynamicLight on Entity: ServerPlayer['Ihlak'/44, l='ServerLevel[world]', x=2221.79, y=60.00, z=-447.17] in list []
[18Apr2026 01:16:52.197] [Server thread/DEBUG] [atomicstryker.dynamiclights.server.DynamicLights/]: Removing Dynamic Light attached to ServerPlayer['Ihlak'/44, l='ServerLevel[world]', x=2221.81, y=60.00, z=-447.14]
[18Apr2026 01:16:52.197] [Server thread/DEBUG] [atomicstryker.dynamiclights.server.DynamicLights/]: Calling addLightSource on entity ServerPlayer['Ihlak'/44, l='ServerLevel[world]', x=2221.81, y=60.00, z=-447.14], dimensionLocationPath overworld
[18Apr2026 01:16:52.197] [Server thread/DEBUG] [atomicstryker.dynamiclights.server.DynamicLights/]: Successfully registered DynamicLight on Entity: ServerPlayer['Ihlak'/44, l='ServerLevel[world]', x=2221.81, y=60.00, z=-447.14] in list []
[18Apr2026 01:16:52.241] [Server thread/DEBUG] [atomicstryker.dynamiclights.server.DynamicLights/]: Removing Dynamic Light attached to ServerPlayer['Ihlak'/44, l='ServerLevel[world]', x=2221.84, y=60.00, z=-447.11]
[18Apr2026 01:16:52.242] [Server thread/DEBUG] [atomicstryker.dynamiclights.server.DynamicLights/]: Calling addLightSource on entity ServerPlayer['Ihlak'/44, l='ServerLevel[world]', x=2221.83, y=60.00, z=-447.11], dimensionLocationPath overworld
[18Apr2026 01:16:52.242] [Server thread/DEBUG] [atomicstryker.dynamiclights.server.DynamicLights/]: Successfully registered DynamicLight on Entity: ServerPlayer['Ihlak'/44, l='ServerLevel[world]', x=2221.83, y=60.00, z=-447.11] in list []
[18Apr2026 01:16:52.291] [Server thread/DEBUG] [atomicstryker.dynamiclights.server.DynamicLights/]: Removing Dynamic Light attached to ServerPlayer['Ihlak'/44, l='ServerLevel[world]', x=2221.86, y=60.00, z=-447.08]
[18Apr2026 01:16:52.292] [Server thread/DEBUG] [atomicstryker.dynamiclights.server.DynamicLights/]: Calling addLightSource on entity ServerPlayer['Ihlak'/44, l='ServerLevel[world]', x=2221.85, y=60.00, z=-447.09], dimensionLocationPath overworld
[18Apr2026 01:16:52.292] [Server thread/DEBUG] [atomicstryker.dynamiclights.server.DynamicLights/]: Successfully registered DynamicLight on Entity: ServerPlayer['Ihlak'/44, l='ServerLevel[world]', x=2221.85, y=60.00, z=-447.09] in list []
[18Apr2026 01:16:52.341] [Server thread/DEBUG] [atomicstryker.dynamiclights.server.DynamicLights/]: Removing Dynamic Light attached to ServerPlayer['Ihlak'/44, l='ServerLevel[world]', x=2221.87, y=60.00, z=-447.07]
[18Apr2026 01:16:52.342] [Server thread/DEBUG] [atomicstryker.dynamiclights.server.DynamicLights/]: Calling addLightSource on entity ServerPlayer['Ihlak'/44, l='ServerLevel[world]', x=2221.86, y=60.00, z=-447.07], dimensionLocationPath overworld
[18Apr2026 01:16:52.342] [Server thread/DEBUG] [atomicstryker.dynamiclights.server.DynamicLights/]: Successfully registered DynamicLight on Entity: ServerPlayer['Ihlak'/44, l='ServerLevel[world]', x=2221.86, y=60.00, z=-447.07] in list []
[18Apr2026 01:16:52.393] [Server thread/DEBUG] [atomicstryker.dynamiclights.server.DynamicLights/]: Removing Dynamic Light attached to ServerPlayer['Ihlak'/44, l='ServerLevel[world]', x=2221.87, y=60.00, z=-447.07]
[18Apr2026 01:16:52.394] [Server thread/DEBUG] [atomicstryker.dynamiclights.server.DynamicLights/]: Calling addLightSource on entity ServerPlayer['Ihlak'/44, l='ServerLevel[world]', x=2221.87, y=60.00, z=-447.07], dimensionLocationPath overworld
[18Apr2026 01:16:52.394] [Server thread/DEBUG] [atomicstryker.dynamiclights.server.DynamicLights/]: Successfully registered DynamicLight on Entity: ServerPlayer['Ihlak'/44, l='ServerLevel[world]', x=2221.87, y=60.00, z=-447.07] in list []
[18Apr2026 01:16:52.441] [Server thread/DEBUG] [atomicstryker.dynamiclights.server.DynamicLights/]: Removing Dynamic Light attached to ServerPlayer['Ihlak'/44, l='ServerLevel[world]', x=2221.87, y=60.00, z=-447.07]
[18Apr2026 01:16:52.441] [Server thread/DEBUG] [atomicstryker.dynamiclights.server.DynamicLights/]: Calling addLightSource on entity ServerPlayer['Ihlak'/44, l='ServerLevel[world]', x=2221.87, y=60.00, z=-447.07], dimensionLocationPath overworld
[18Apr2026 01:16:52.441] [Server thread/DEBUG] [atomicstryker.dynamiclights.server.DynamicLights/]: Successfully registered DynamicLight on Entity: ServerPlayer['Ihlak'/44, l='ServerLevel[world]', x=2221.87, y=60.00, z=-447.07] in list []
[18Apr2026 01:16:52.493] [Server thread/DEBUG] [atomicstryker.dynamiclights.server.DynamicLights/]: Removing Dynamic Light attached to ServerPlayer['Ihlak'/44, l='ServerLevel[world]', x=2221.87, y=60.00, z=-447.07]
[18Apr2026 01:16:52.494] [Server thread/DEBUG] [atomicstryker.dynamiclights.server.DynamicLights/]: Calling addLightSource on entity ServerPlayer['Ihlak'/44, l='ServerLevel[world]', x=2221.86, y=60.00, z=-447.07], dimensionLocationPath overworld
[18Apr2026 01:16:52.494] [Server thread/DEBUG] [atomicstryker.dynamiclights.server.DynamicLights/]: Successfully registered DynamicLight on Entity: ServerPlayer['Ihlak'/44, l='ServerLevel[world]', x=2221.86, y=60.00, z=-447.07] in list []
[18Apr2026 01:16:52.540] [Server thread/DEBUG] [atomicstryker.dynamiclights.server.DynamicLights/]: Removing Dynamic Light attached to ServerPlayer['Ihlak'/44, l='ServerLevel[world]', x=2221.86, y=60.00, z=-447.08]
[18Apr2026 01:16:52.540] [Server thread/DEBUG] [atomicstryker.dynamiclights.server.DynamicLights/]: Calling addLightSource on entity ServerPlayer['Ihlak'/44, l='ServerLevel[world]', x=2221.86, y=60.00, z=-447.08], dimensionLocationPath overworld
[18Apr2026 01:16:52.541] [Server thread/DEBUG] [atomicstryker.dynamiclights.server.DynamicLights/]: Successfully registered DynamicLight on Entity: ServerPlayer['Ihlak'/44, l='ServerLevel[world]', x=2221.86, y=60.00, z=-447.08] in list []
[18Apr2026 01:16:52.592] [Server thread/DEBUG] [atomicstryker.dynamiclights.server.DynamicLights/]: Removing Dynamic Light attached to ServerPlayer['Ihlak'/44, l='ServerLevel[world]', x=2221.86, y=60.00, z=-447.08]
[18Apr2026 01:16:52.593] [Server thread/DEBUG] [atomicstryker.dynamiclights.server.DynamicLights/]: Calling addLightSource on entity ServerPlayer['Ihlak'/44, l='ServerLevel[world]', x=2221.85, y=60.00, z=-447.08], dimensionLocationPath overworld
[18Apr2026 01:16:52.593] [Server thread/DEBUG] [atomicstryker.dynamiclights.server.DynamicLights/]: Successfully registered DynamicLight on Entity: ServerPlayer['Ihlak'/44, l='ServerLevel[world]', x=2221.85, y=60.00, z=-447.08] in list []
[18Apr2026 01:16:52.642] [Server thread/DEBUG] [atomicstryker.dynamiclights.server.DynamicLights/]: Removing Dynamic Light attached to ServerPlayer['Ihlak'/44, l='ServerLevel[world]', x=2221.85, y=60.00, z=-447.08]
[18Apr2026 01:16:52.642] [Server thread/DEBUG] [atomicstryker.dynamiclights.server.DynamicLights/]: Calling addLightSource on entity ServerPlayer['Ihlak'/44, l='ServerLevel[world]', x=2221.85, y=60.00, z=-447.08], dimensionLocationPath overworld
[18Apr2026 01:16:52.642] [Server thread/DEBUG] [atomicstryker.dynamiclights.server.DynamicLights/]: Successfully registered DynamicLight on Entity: ServerPlayer['Ihlak'/44, l='ServerLevel[world]', x=2221.85, y=60.00, z=-447.08] in list []
[18Apr2026 01:16:52.696] [Server thread/DEBUG] [atomicstryker.dynamiclights.server.DynamicLights/]: Removing Dynamic Light attached to ServerPlayer['Ihlak'/44, l='ServerLevel[world]', x=2221.85, y=60.00, z=-447.09]
[18Apr2026 01:16:52.696] [Server thread/DEBUG] [atomicstryker.dynamiclights.server.DynamicLights/]: Calling addLightSource on entity ServerPlayer['Ihlak'/44, l='ServerLevel[world]', x=2221.84, y=60.00, z=-447.09], dimensionLocationPath overworld
[18Apr2026 01:16:52.696] [Server thread/DEBUG] [atomicstryker.dynamiclights.server.DynamicLights/]: Successfully registered DynamicLight on Entity: ServerPlayer['Ihlak'/44, l='ServerLevel[world]', x=2221.84, y=60.00, z=-447.09] in list []
[18Apr2026 01:16:52.743] [Server thread/DEBUG] [atomicstryker.dynamiclights.server.DynamicLights/]: Removing Dynamic Light attached to ServerPlayer['Ihlak'/44, l='ServerLevel[world]', x=2221.84, y=60.00, z=-447.09]
[18Apr2026 01:16:52.743] [Server thread/DEBUG] [atomicstryker.dynamiclights.server.DynamicLights/]: Calling addLightSource on entity ServerPlayer['Ihlak'/44, l='ServerLevel[world]', x=2221.84, y=60.00, z=-447.09], dimensionLocationPath overworld
[18Apr2026 01:16:52.743] [Server thread/DEBUG] [atomicstryker.dynamiclights.server.DynamicLights/]: Successfully registered DynamicLight on Entity: ServerPlayer['Ihlak'/44, l='ServerLevel[world]', x=2221.84, y=60.00, z=-447.09] in list []
[18Apr2026 01:16:52.791] [Server thread/DEBUG] [atomicstryker.dynamiclights.server.DynamicLights/]: Removing Dynamic Light attached to ServerPlayer['Ihlak'/44, l='ServerLevel[world]', x=2221.84, y=60.00, z=-447.09]
[18Apr2026 01:16:52.791] [Server thread/DEBUG] [atomicstryker.dynamiclights.server.DynamicLights/]: Calling addLightSource on entity ServerPlayer['Ihlak'/44, l='ServerLevel[world]', x=2221.83, y=60.00, z=-447.10], dimensionLocationPath overworld
[18Apr2026 01:16:52.791] [Server thread/DEBUG] [atomicstryker.dynamiclights.server.DynamicLights/]: Successfully registered DynamicLight on Entity: ServerPlayer['Ihlak'/44, l='ServerLevel[world]', x=2221.83, y=60.00, z=-447.10] in list []
[18Apr2026 01:16:52.841] [Server thread/DEBUG] [atomicstryker.dynamiclights.server.DynamicLights/]: Removing Dynamic Light attached to ServerPlayer['Ihlak'/44, l='ServerLevel[world]', x=2221.83, y=60.00, z=-447.10]
[18Apr2026 01:16:52.842] [Server thread/DEBUG] [atomicstryker.dynamiclights.server.DynamicLights/]: Calling addLightSource on entity ServerPlayer['Ihlak'/44, l='ServerLevel[world]', x=2221.83, y=60.00, z=-447.10], dimensionLocationPath overworld
[18Apr2026 01:16:52.842] [Server thread/DEBUG] [atomicstryker.dynamiclights.server.DynamicLights/]: Successfully registered DynamicLight on Entity: ServerPlayer['Ihlak'/44, l='ServerLevel[world]', x=2221.83, y=60.00, z=-447.10] in list []
[18Apr2026 01:16:52.891] [Server thread/DEBUG] [atomicstryker.dynamiclights.server.DynamicLights/]: Removing Dynamic Light attached to ServerPlayer['Ihlak'/44, l='ServerLevel[world]', x=2221.83, y=60.00, z=-447.10]
[18Apr2026 01:16:52.892] [Server thread/DEBUG] [atomicstryker.dynamiclights.server.DynamicLights/]: Calling addLightSource on entity ServerPlayer['Ihlak'/44, l='ServerLevel[world]', x=2221.82, y=60.00, z=-447.11], dimensionLocationPath overworld
[18Apr2026 01:16:52.892] [Server thread/DEBUG] [atomicstryker.dynamiclights.server.DynamicLights/]: Successfully registered DynamicLight on Entity: ServerPlayer['Ihlak'/44, l='ServerLevel[world]', x=2221.82, y=60.00, z=-447.11] in list []
[18Apr2026 01:16:52.940] [Server thread/DEBUG] [atomicstryker.dynamiclights.server.DynamicLights/]: Removing Dynamic Light attached to ServerPlayer['Ihlak'/44, l='ServerLevel[world]', x=2221.82, y=60.00, z=-447.11]
[18Apr2026 01:16:52.941] [Server thread/DEBUG] [atomicstryker.dynamiclights.server.DynamicLights/]: Calling addLightSource on entity ServerPlayer['Ihlak'/44, l='ServerLevel[world]', x=2221.82, y=60.00, z=-447.11], dimensionLocationPath overworld
[18Apr2026 01:16:52.941] [Server thread/DEBUG] [atomicstryker.dynamiclights.server.DynamicLights/]: Successfully registered DynamicLight on Entity: ServerPlayer['Ihlak'/44, l='ServerLevel[world]', x=2221.82, y=60.00, z=-447.11] in list []
[18Apr2026 01:16:52.990] [Server thread/DEBUG] [atomicstryker.dynamiclights.server.DynamicLights/]: Removing Dynamic Light attached to ServerPlayer['Ihlak'/44, l='ServerLevel[world]', x=2221.82, y=60.00, z=-447.11]
[18Apr2026 01:16:52.990] [Server thread/DEBUG] [atomicstryker.dynamiclights.server.DynamicLights/]: Calling addLightSource on entity ServerPlayer['Ihlak'/44, l='ServerLevel[world]', x=2221.81, y=60.00, z=-447.11], dimensionLocationPath overworld
[18Apr2026 01:16:52.991] [Server thread/DEBUG] [atomicstryker.dynamiclights.server.DynamicLights/]: Successfully registered DynamicLight on Entity: ServerPlayer['Ihlak'/44, l='ServerLevel[world]', x=2221.81, y=60.00, z=-447.11] in list []
[18Apr2026 01:16:53.042] [Server thread/DEBUG] [atomicstryker.dynamiclights.server.DynamicLights/]: Removing Dynamic Light attached to ServerPlayer['Ihlak'/44, l='ServerLevel[world]', x=2221.81, y=60.00, z=-447.11]
[18Apr2026 01:16:53.042] [Server thread/DEBUG] [atomicstryker.dynamiclights.server.DynamicLights/]: Calling addLightSource on entity ServerPlayer['Ihlak'/44, l='ServerLevel[world]', x=2221.81, y=60.00, z=-447.12], dimensionLocationPath overworld
[18Apr2026 01:16:53.042] [Server thread/DEBUG] [atomicstryker.dynamiclights.server.DynamicLights/]: Successfully registered DynamicLight on Entity: ServerPlayer['Ihlak'/44, l='ServerLevel[world]', x=2221.81, y=60.00, z=-447.12] in list []
[18Apr2026 01:16:53.091] [Server thread/DEBUG] [atomicstryker.dynamiclights.server.DynamicLights/]: Removing Dynamic Light attached to ServerPlayer['Ihlak'/44, l='ServerLevel[world]', x=2221.81, y=60.00, z=-447.12]
[18Apr2026 01:16:53.091] [Server thread/DEBUG] [atomicstryker.dynamiclights.server.DynamicLights/]: Calling addLightSource on entity ServerPlayer['Ihlak'/44, l='ServerLevel[world]', x=2221.80, y=60.00, z=-447.12], dimensionLocationPath overworld
[18Apr2026 01:16:53.091] [Server thread/DEBUG] [atomicstryker.dynamiclights.server.DynamicLights/]: Successfully registered DynamicLight on Entity: ServerPlayer['Ihlak'/44, l='ServerLevel[world]', x=2221.80, y=60.00, z=-447.12] in list []
[18Apr2026 01:16:53.141] [Server thread/DEBUG] [atomicstryker.dynamiclights.server.DynamicLights/]: Removing Dynamic Light attached to ServerPlayer['Ihlak'/44, l='ServerLevel[world]', x=2221.80, y=60.00, z=-447.12]
[18Apr2026 01:16:53.142] [Server thread/DEBUG] [atomicstryker.dynamiclights.server.DynamicLights/]: Calling addLightSource on entity ServerPlayer['Ihlak'/44, l='ServerLevel[world]', x=2221.80, y=60.00, z=-447.13], dimensionLocationPath overworld
[18Apr2026 01:16:53.142] [Server thread/DEBUG] [atomicstryker.dynamiclights.server.DynamicLights/]: Successfully registered DynamicLight on Entity: ServerPlayer['Ihlak'/44, l='ServerLevel[world]', x=2221.80, y=60.00, z=-447.13] in list []
[18Apr2026 01:16:53.192] [Server thread/DEBUG] [atomicstryker.dynamiclights.server.DynamicLights/]: Removing Dynamic Light attached to ServerPlayer['Ihlak'/44, l='ServerLevel[world]', x=2221.80, y=60.00, z=-447.12]
[18Apr2026 01:16:53.192] [Server thread/DEBUG] [atomicstryker.dynamiclights.server.DynamicLights/]: Calling addLightSource on entity ServerPlayer['Ihlak'/44, l='ServerLevel[world]', x=2221.79, y=60.00, z=-447.13], dimensionLocationPath overworld
[18Apr2026 01:16:53.192] [Server thread/DEBUG] [atomicstryker.dynamiclights.server.DynamicLights/]: Successfully registered DynamicLight on Entity: ServerPlayer['Ihlak'/44, l='ServerLevel[world]', x=2221.79, y=60.00, z=-447.13] in list []
[18Apr2026 01:16:53.240] [Server thread/DEBUG] [atomicstryker.dynamiclights.server.DynamicLights/]: Removing Dynamic Light attached to ServerPlayer['Ihlak'/44, l='ServerLevel[world]', x=2221.79, y=60.00, z=-447.13]
[18Apr2026 01:16:53.241] [Server thread/DEBUG] [atomicstryker.dynamiclights.server.DynamicLights/]: Calling addLightSource on entity ServerPlayer['Ihlak'/44, l='ServerLevel[world]', x=2221.79, y=60.00, z=-447.14], dimensionLocationPath overworld
[18Apr2026 01:16:53.241] [Server thread/DEBUG] [atomicstryker.dynamiclights.server.DynamicLights/]: Successfully registered DynamicLight on Entity: ServerPlayer['Ihlak'/44, l='ServerLevel[world]', x=2221.79, y=60.00, z=-447.14] in list []
[18Apr2026 01:16:53.291] [Server thread/DEBUG] [atomicstryker.dynamiclights.server.DynamicLights/]: Removing Dynamic Light attached to ServerPlayer['Ihlak'/44, l='ServerLevel[world]', x=2221.79, y=60.00, z=-447.13]
[18Apr2026 01:16:53.291] [Server thread/DEBUG] [atomicstryker.dynamiclights.server.DynamicLights/]: Calling addLightSource on entity ServerPlayer['Ihlak'/44, l='ServerLevel[world]', x=2221.79, y=60.00, z=-447.14], dimensionLocationPath overworld
[18Apr2026 01:16:53.291] [Server thread/DEBUG] [atomicstryker.dynamiclights.server.DynamicLights/]: Successfully registered DynamicLight on Entity: ServerPlayer['Ihlak'/44, l='ServerLevel[world]', x=2221.79, y=60.00, z=-447.14] in list []
[18Apr2026 01:16:53.341] [Server thread/DEBUG] [atomicstryker.dynamiclights.server.DynamicLights/]: Removing Dynamic Light attached to ServerPlayer['Ihlak'/44, l='ServerLevel[world]', x=2221.78, y=60.00, z=-447.14]
[18Apr2026 01:16:53.341] [Server thread/DEBUG] [atomicstryker.dynamiclights.server.DynamicLights/]: Calling addLightSource on entity ServerPlayer['Ihlak'/44, l='ServerLevel[world]', x=2221.78, y=60.00, z=-447.14], dimensionLocationPath overworld
[18Apr2026 01:16:53.341] [Server thread/DEBUG] [atomicstryker.dynamiclights.server.DynamicLights/]: Successfully registered DynamicLight on Entity: ServerPlayer['Ihlak'/44, l='ServerLevel[world]', x=2221.78, y=60.00, z=-447.14] in list []
[18Apr2026 01:16:53.391] [Server thread/DEBUG] [atomicstryker.dynamiclights.server.DynamicLights/]: Removing Dynamic Light attached to ServerPlayer['Ihlak'/44, l='ServerLevel[world]', x=2221.78, y=60.00, z=-447.14]
[18Apr2026 01:16:53.392] [Server thread/DEBUG] [atomicstryker.dynamiclights.server.DynamicLights/]: Calling addLightSource on entity ServerPlayer['Ihlak'/44, l='ServerLevel[world]', x=2221.77, y=60.00, z=-447.15], dimensionLocationPath overworld
[18Apr2026 01:16:53.392] [Server thread/DEBUG] [atomicstryker.dynamiclights.server.DynamicLights/]: Successfully registered DynamicLight on Entity: ServerPlayer['Ihlak'/44, l='ServerLevel[world]', x=2221.77, y=60.00, z=-447.15] in list []
[18Apr2026 01:16:53.440] [Server thread/DEBUG] [atomicstryker.dynamiclights.server.DynamicLights/]: Removing Dynamic Light attached to ServerPlayer['Ihlak'/44, l='ServerLevel[world]', x=2221.77, y=60.00, z=-447.15]
[18Apr2026 01:16:53.441] [Server thread/DEBUG] [atomicstryker.dynamiclights.server.DynamicLights/]: Calling addLightSource on entity ServerPlayer['Ihlak'/44, l='ServerLevel[world]', x=2221.77, y=60.00, z=-447.15], dimensionLocationPath overworld
[18Apr2026 01:16:53.441] [Server thread/DEBUG] [atomicstryker.dynamiclights.server.DynamicLights/]: Successfully registered DynamicLight on Entity: ServerPlayer['Ihlak'/44, l='ServerLevel[world]', x=2221.77, y=60.00, z=-447.15] in list []
[18Apr2026 01:16:53.495] [Server thread/DEBUG] [atomicstryker.dynamiclights.server.DynamicLights/]: Removing Dynamic Light attached to ServerPlayer['Ihlak'/44, l='ServerLevel[world]', x=2221.77, y=60.00, z=-447.15]
[18Apr2026 01:16:53.496] [Server thread/DEBUG] [atomicstryker.dynamiclights.server.DynamicLights/]: Calling addLightSource on entity ServerPlayer['Ihlak'/44, l='ServerLevel[world]', x=2221.76, y=60.00, z=-447.16], dimensionLocationPath overworld
[18Apr2026 01:16:53.496] [Server thread/DEBUG] [atomicstryker.dynamiclights.server.DynamicLights/]: Successfully registered DynamicLight on Entity: ServerPlayer['Ihlak'/44, l='ServerLevel[world]', x=2221.76, y=60.00, z=-447.16] in list []
[18Apr2026 01:16:53.542] [Server thread/DEBUG] [atomicstryker.dynamiclights.server.DynamicLights/]: Removing Dynamic Light attached to ServerPlayer['Ihlak'/44, l='ServerLevel[world]', x=2221.76, y=60.00, z=-447.16]
[18Apr2026 01:16:53.543] [Server thread/DEBUG] [atomicstryker.dynamiclights.server.DynamicLights/]: Calling addLightSource on entity ServerPlayer['Ihlak'/44, l='ServerLevel[world]', x=2221.76, y=60.00, z=-447.16], dimensionLocationPath overworld
[18Apr2026 01:16:53.543] [Server thread/DEBUG] [atomicstryker.dynamiclights.server.DynamicLights/]: Successfully registered DynamicLight on Entity: ServerPlayer['Ihlak'/44, l='ServerLevel[world]', x=2221.76, y=60.00, z=-447.16] in list []
[18Apr2026 01:16:53.592] [Server thread/DEBUG] [atomicstryker.dynamiclights.server.DynamicLights/]: Removing Dynamic Light attached to ServerPlayer['Ihlak'/44, l='ServerLevel[world]', x=2221.76, y=60.00, z=-447.16]
[18Apr2026 01:16:53.592] [Server thread/DEBUG] [atomicstryker.dynamiclights.server.DynamicLights/]: Calling addLightSource on entity ServerPlayer['Ihlak'/44, l='ServerLevel[world]', x=2221.75, y=60.00, z=-447.17], dimensionLocationPath overworld
[18Apr2026 01:16:53.592] [Server thread/DEBUG] [atomicstryker.dynamiclights.server.DynamicLights/]: Successfully registered DynamicLight on Entity: ServerPlayer['Ihlak'/44, l='ServerLevel[world]', x=2221.75, y=60.00, z=-447.17] in list []
[18Apr2026 01:16:53.641] [Server thread/DEBUG] [atomicstryker.dynamiclights.server.DynamicLights/]: Removing Dynamic Light attached to ServerPlayer['Ihlak'/44, l='ServerLevel[world]', x=2221.75, y=60.00, z=-447.17]
[18Apr2026 01:16:53.642] [Server thread/DEBUG] [atomicstryker.dynamiclights.server.DynamicLights/]: Calling addLightSource on entity ServerPlayer['Ihlak'/44, l='ServerLevel[world]', x=2221.75, y=60.00, z=-447.17], dimensionLocationPath overworld
[18Apr2026 01:16:53.642] [Server thread/DEBUG] [atomicstryker.dynamiclights.server.DynamicLights/]: Successfully registered DynamicLight on Entity: ServerPlayer['Ihlak'/44, l='ServerLevel[world]', x=2221.75, y=60.00, z=-447.17] in list []
[18Apr2026 01:16:53.691] [Server thread/DEBUG] [atomicstryker.dynamiclights.server.DynamicLights/]: Removing Dynamic Light attached to ServerPlayer['Ihlak'/44, l='ServerLevel[world]', x=2221.75, y=60.00, z=-447.17]
[18Apr2026 01:16:53.692] [Server thread/DEBUG] [atomicstryker.dynamiclights.server.DynamicLights/]: Calling addLightSource on entity ServerPlayer['Ihlak'/44, l='ServerLevel[world]', x=2221.74, y=60.00, z=-447.18], dimensionLocationPath overworld
[18Apr2026 01:16:53.692] [Server thread/DEBUG] [atomicstryker.dynamiclights.server.DynamicLights/]: Successfully registered DynamicLight on Entity: ServerPlayer['Ihlak'/44, l='ServerLevel[world]', x=2221.74, y=60.00, z=-447.18] in list []
[18Apr2026 01:16:53.741] [Server thread/DEBUG] [atomicstryker.dynamiclights.server.DynamicLights/]: Removing Dynamic Light attached to ServerPlayer['Ihlak'/44, l='ServerLevel[world]', x=2221.74, y=60.00, z=-447.18]
[18Apr2026 01:16:53.742] [Server thread/DEBUG] [atomicstryker.dynamiclights.server.DynamicLights/]: Calling addLightSource on entity ServerPlayer['Ihlak'/44, l='ServerLevel[world]', x=2221.74, y=60.00, z=-447.18], dimensionLocationPath overworld
[18Apr2026 01:16:53.742] [Server thread/DEBUG] [atomicstryker.dynamiclights.server.DynamicLights/]: Successfully registered DynamicLight on Entity: ServerPlayer['Ihlak'/44, l='ServerLevel[world]', x=2221.74, y=60.00, z=-447.18] in list []
[18Apr2026 01:16:53.793] [Server thread/DEBUG] [atomicstryker.dynamiclights.server.DynamicLights/]: Removing Dynamic Light attached to ServerPlayer['Ihlak'/44, l='ServerLevel[world]', x=2221.74, y=60.00, z=-447.18]
[18Apr2026 01:16:53.794] [Server thread/DEBUG] [atomicstryker.dynamiclights.server.DynamicLights/]: Calling addLightSource on entity ServerPlayer['Ihlak'/44, l='ServerLevel[world]', x=2221.73, y=60.00, z=-447.19], dimensionLocationPath overworld
[18Apr2026 01:16:53.794] [Server thread/DEBUG] [atomicstryker.dynamiclights.server.DynamicLights/]: Successfully registered DynamicLight on Entity: ServerPlayer['Ihlak'/44, l='ServerLevel[world]', x=2221.73, y=60.00, z=-447.19] in list []
[18Apr2026 01:16:53.843] [Server thread/DEBUG] [atomicstryker.dynamiclights.server.DynamicLights/]: Removing Dynamic Light attached to ServerPlayer['Ihlak'/44, l='ServerLevel[world]', x=2221.73, y=60.00, z=-447.19]
[18Apr2026 01:16:53.844] [Server thread/DEBUG] [atomicstryker.dynamiclights.server.DynamicLights/]: Calling addLightSource on entity ServerPlayer['Ihlak'/44, l='ServerLevel[world]', x=2221.73, y=60.00, z=-447.19], dimensionLocationPath overworld
[18Apr2026 01:16:53.844] [Server thread/DEBUG] [atomicstryker.dynamiclights.server.DynamicLights/]: Successfully registered DynamicLight on Entity: ServerPlayer['Ihlak'/44, l='ServerLevel[world]', x=2221.73, y=60.00, z=-447.19] in list []
[18Apr2026 01:16:53.890] [Server thread/DEBUG] [atomicstryker.dynamiclights.server.DynamicLights/]: Removing Dynamic Light attached to ServerPlayer['Ihlak'/44, l='ServerLevel[world]', x=2221.73, y=60.00, z=-447.19]
[18Apr2026 01:16:53.891] [Server thread/DEBUG] [atomicstryker.dynamiclights.server.DynamicLights/]: Calling addLightSource on entity ServerPlayer['Ihlak'/44, l='ServerLevel[world]', x=2221.72, y=60.00, z=-447.20], dimensionLocationPath overworld
[18Apr2026 01:16:53.891] [Server thread/DEBUG] [atomicstryker.dynamiclights.server.DynamicLights/]: Successfully registered DynamicLight on Entity: ServerPlayer['Ihlak'/44, l='ServerLevel[world]', x=2221.72, y=60.00, z=-447.20] in list []
[18Apr2026 01:16:53.941] [Server thread/DEBUG] [atomicstryker.dynamiclights.server.DynamicLights/]: Removing Dynamic Light attached to ServerPlayer['Ihlak'/44, l='ServerLevel[world]', x=2221.72, y=60.00, z=-447.20]
[18Apr2026 01:16:53.942] [Server thread/DEBUG] [atomicstryker.dynamiclights.server.DynamicLights/]: Calling addLightSource on entity ServerPlayer['Ihlak'/44, l='ServerLevel[world]', x=2221.72, y=60.00, z=-447.20], dimensionLocationPath overworld
[18Apr2026 01:16:53.942] [Server thread/DEBUG] [atomicstryker.dynamiclights.server.DynamicLights/]: Successfully registered DynamicLight on Entity: ServerPlayer['Ihlak'/44, l='ServerLevel[world]', x=2221.72, y=60.00, z=-447.20] in list []
[18Apr2026 01:16:53.992] [Server thread/DEBUG] [atomicstryker.dynamiclights.server.DynamicLights/]: Removing Dynamic Light attached to ServerPlayer['Ihlak'/44, l='ServerLevel[world]', x=2221.72, y=60.00, z=-447.20]
[18Apr2026 01:16:53.992] [Server thread/DEBUG] [atomicstryker.dynamiclights.server.DynamicLights/]: Calling addLightSource on entity ServerPlayer['Ihlak'/44, l='ServerLevel[world]', x=2221.71, y=60.00, z=-447.21], dimensionLocationPath overworld
[18Apr2026 01:16:53.992] [Server thread/DEBUG] [atomicstryker.dynamiclights.server.DynamicLights/]: Successfully registered DynamicLight on Entity: ServerPlayer['Ihlak'/44, l='ServerLevel[world]', x=2221.71, y=60.00, z=-447.21] in list []
[18Apr2026 01:16:54.042] [Server thread/DEBUG] [atomicstryker.dynamiclights.server.DynamicLights/]: Removing Dynamic Light attached to ServerPlayer['Ihlak'/44, l='ServerLevel[world]', x=2221.71, y=60.00, z=-447.21]
[18Apr2026 01:16:54.042] [Server thread/DEBUG] [atomicstryker.dynamiclights.server.DynamicLights/]: Calling addLightSource on entity ServerPlayer['Ihlak'/44, l='ServerLevel[world]', x=2221.71, y=60.00, z=-447.21], dimensionLocationPath overworld
[18Apr2026 01:16:54.042] [Server thread/DEBUG] [atomicstryker.dynamiclights.server.DynamicLights/]: Successfully registered DynamicLight on Entity: ServerPlayer['Ihlak'/44, l='ServerLevel[world]', x=2221.71, y=60.00, z=-447.21] in list []
[18Apr2026 01:16:54.091] [Server thread/DEBUG] [atomicstryker.dynamiclights.server.DynamicLights/]: Removing Dynamic Light attached to ServerPlayer['Ihlak'/44, l='ServerLevel[world]', x=2221.71, y=60.00, z=-447.21]
[18Apr2026 01:16:54.091] [Server thread/DEBUG] [atomicstryker.dynamiclights.server.DynamicLights/]: Calling addLightSource on entity ServerPlayer['Ihlak'/44, l='ServerLevel[world]', x=2221.70, y=60.00, z=-447.22], dimensionLocationPath overworld
[18Apr2026 01:16:54.091] [Server thread/DEBUG] [atomicstryker.dynamiclights.server.DynamicLights/]: Successfully registered DynamicLight on Entity: ServerPlayer['Ihlak'/44, l='ServerLevel[world]', x=2221.70, y=60.00, z=-447.22] in list []
[18Apr2026 01:16:54.141] [Server thread/DEBUG] [atomicstryker.dynamiclights.server.DynamicLights/]: Removing Dynamic Light attached to ServerPlayer['Ihlak'/44, l='ServerLevel[world]', x=2221.70, y=60.00, z=-447.22]
[18Apr2026 01:16:54.141] [Server thread/DEBUG] [atomicstryker.dynamiclights.server.DynamicLights/]: Calling addLightSource on entity ServerPlayer['Ihlak'/44, l='ServerLevel[world]', x=2221.70, y=60.00, z=-447.22], dimensionLocationPath overworld
[18Apr2026 01:16:54.141] [Server thread/DEBUG] [atomicstryker.dynamiclights.server.DynamicLights/]: Successfully registered DynamicLight on Entity: ServerPlayer['Ihlak'/44, l='ServerLevel[world]', x=2221.70, y=60.00, z=-447.22] in list []
[18Apr2026 01:16:54.195] [Server thread/DEBUG] [atomicstryker.dynamiclights.server.DynamicLights/]: Removing Dynamic Light attached to ServerPlayer['Ihlak'/44, l='ServerLevel[world]', x=2221.70, y=60.00, z=-447.22]
[18Apr2026 01:16:54.196] [Server thread/DEBUG] [atomicstryker.dynamiclights.server.DynamicLights/]: Calling addLightSource on entity ServerPlayer['Ihlak'/44, l='ServerLevel[world]', x=2221.70, y=60.00, z=-447.22], dimensionLocationPath overworld
[18Apr2026 01:16:54.196] [Server thread/DEBUG] [atomicstryker.dynamiclights.server.DynamicLights/]: Successfully registered DynamicLight on Entity: ServerPlayer['Ihlak'/44, l='ServerLevel[world]', x=2221.70, y=60.00, z=-447.22] in list []
[18Apr2026 01:16:54.250] [Server thread/DEBUG] [atomicstryker.dynamiclights.server.DynamicLights/]: Removing Dynamic Light attached to ServerPlayer['Ihlak'/44, l='ServerLevel[world]', x=2221.69, y=60.00, z=-447.23]
[18Apr2026 01:16:54.251] [Server thread/DEBUG] [atomicstryker.dynamiclights.server.DynamicLights/]: Calling addLightSource on entity ServerPlayer['Ihlak'/44, l='ServerLevel[world]', x=2221.69, y=60.00, z=-447.23], dimensionLocationPath overworld
[18Apr2026 01:16:54.251] [Server thread/DEBUG] [atomicstryker.dynamiclights.server.DynamicLights/]: Successfully registered DynamicLight on Entity: ServerPlayer['Ihlak'/44, l='ServerLevel[world]', x=2221.69, y=60.00, z=-447.23] in list []
[18Apr2026 01:16:54.295] [Server thread/DEBUG] [atomicstryker.dynamiclights.server.DynamicLights/]: Removing Dynamic Light attached to ServerPlayer['Ihlak'/44, l='ServerLevel[world]', x=2221.69, y=60.00, z=-447.23]
[18Apr2026 01:16:54.296] [Server thread/DEBUG] [atomicstryker.dynamiclights.server.DynamicLights/]: Calling addLightSource on entity ServerPlayer['Ihlak'/44, l='ServerLevel[world]', x=2221.69, y=60.00, z=-447.23], dimensionLocationPath overworld
[18Apr2026 01:16:54.296] [Server thread/DEBUG] [atomicstryker.dynamiclights.server.DynamicLights/]: Successfully registered DynamicLight on Entity: ServerPlayer['Ihlak'/44, l='ServerLevel[world]', x=2221.69, y=60.00, z=-447.23] in list []
[18Apr2026 01:16:54.351] [Server thread/DEBUG] [atomicstryker.dynamiclights.server.DynamicLights/]: Removing Dynamic Light attached to ServerPlayer['Ihlak'/44, l='ServerLevel[world]', x=2221.69, y=60.00, z=-447.23]
[18Apr2026 01:16:54.352] [Server thread/DEBUG] [atomicstryker.dynamiclights.server.DynamicLights/]: Calling addLightSource on entity ServerPlayer['Ihlak'/44, l='ServerLevel[world]', x=2221.69, y=60.00, z=-447.23], dimensionLocationPath overworld
[18Apr2026 01:16:54.352] [Server thread/DEBUG] [atomicstryker.dynamiclights.server.DynamicLights/]: Successfully registered DynamicLight on Entity: ServerPlayer['Ihlak'/44, l='ServerLevel[world]', x=2221.69, y=60.00, z=-447.23] in list []
[18Apr2026 01:16:54.398] [Server thread/DEBUG] [atomicstryker.dynamiclights.server.DynamicLights/]: Removing Dynamic Light attached to ServerPlayer['Ihlak'/44, l='ServerLevel[world]', x=2221.69, y=60.00, z=-447.23]
[18Apr2026 01:16:54.399] [Server thread/DEBUG] [atomicstryker.dynamiclights.server.DynamicLights/]: Calling addLightSource on entity ServerPlayer['Ihlak'/44, l='ServerLevel[world]', x=2221.69, y=60.00, z=-447.23], dimensionLocationPath overworld
[18Apr2026 01:16:54.399] [Server thread/DEBUG] [atomicstryker.dynamiclights.server.DynamicLights/]: Successfully registered DynamicLight on Entity: ServerPlayer['Ihlak'/44, l='ServerLevel[world]', x=2221.69, y=60.00, z=-447.23] in list []
[18Apr2026 01:16:54.441] [Server thread/DEBUG] [atomicstryker.dynamiclights.server.DynamicLights/]: Removing Dynamic Light attached to ServerPlayer['Ihlak'/44, l='ServerLevel[world]', x=2221.69, y=60.00, z=-447.23]
[18Apr2026 01:16:54.442] [Server thread/DEBUG] [atomicstryker.dynamiclights.server.DynamicLights/]: Calling addLightSource on entity ServerPlayer['Ihlak'/44, l='ServerLevel[world]', x=2221.69, y=60.00, z=-447.23], dimensionLocationPath overworld
[18Apr2026 01:16:54.442] [Server thread/DEBUG] [atomicstryker.dynamiclights.server.DynamicLights/]: Successfully registered DynamicLight on Entity: ServerPlayer['Ihlak'/44, l='ServerLevel[world]', x=2221.69, y=60.00, z=-447.23] in list []
[18Apr2026 01:16:54.494] [Server thread/DEBUG] [atomicstryker.dynamiclights.server.DynamicLights/]: Removing Dynamic Light attached to ServerPlayer['Ihlak'/44, l='ServerLevel[world]', x=2221.69, y=60.00, z=-447.23]
[18Apr2026 01:16:54.495] [Server thread/DEBUG] [atomicstryker.dynamiclights.server.DynamicLights/]: Calling addLightSource on entity ServerPlayer['Ihlak'/44, l='ServerLevel[world]', x=2221.69, y=60.00, z=-447.23], dimensionLocationPath overworld
[18Apr2026 01:16:54.495] [Server thread/DEBUG] [atomicstryker.dynamiclights.server.DynamicLights/]: Successfully registered DynamicLight on Entity: ServerPlayer['Ihlak'/44, l='ServerLevel[world]', x=2221.69, y=60.00, z=-447.23] in list []
[18Apr2026 01:16:54.543] [Server thread/DEBUG] [atomicstryker.dynamiclights.server.DynamicLights/]: Removing Dynamic Light attached to ServerPlayer['Ihlak'/44, l='ServerLevel[world]', x=2221.69, y=60.00, z=-447.23]
[18Apr2026 01:16:54.544] [Server thread/DEBUG] [atomicstryker.dynamiclights.server.DynamicLights/]: Calling addLightSource on entity ServerPlayer['Ihlak'/44, l='ServerLevel[world]', x=2221.69, y=60.00, z=-447.23], dimensionLocationPath overworld
[18Apr2026 01:16:54.544] [Server thread/DEBUG] [atomicstryker.dynamiclights.server.DynamicLights/]: Successfully registered DynamicLight on Entity: ServerPlayer['Ihlak'/44, l='ServerLevel[world]', x=2221.69, y=60.00, z=-447.23] in list []
[18Apr2026 01:16:54.592] [Server thread/DEBUG] [atomicstryker.dynamiclights.server.DynamicLights/]: Removing Dynamic Light attached to ServerPlayer['Ihlak'/44, l='ServerLevel[world]', x=2221.69, y=60.00, z=-447.23]
[18Apr2026 01:16:54.592] [Server thread/DEBUG] [atomicstryker.dynamiclights.server.DynamicLights/]: Calling addLightSource on entity ServerPlayer['Ihlak'/44, l='ServerLevel[world]', x=2221.69, y=60.00, z=-447.23], dimensionLocationPath overworld
[18Apr2026 01:16:54.592] [Server thread/DEBUG] [atomicstryker.dynamiclights.server.DynamicLights/]: Successfully registered DynamicLight on Entity: ServerPlayer['Ihlak'/44, l='ServerLevel[world]', x=2221.69, y=60.00, z=-447.23] in list []
[18Apr2026 01:16:54.640] [Server thread/DEBUG] [atomicstryker.dynamiclights.server.DynamicLights/]: Removing Dynamic Light attached to ServerPlayer['Ihlak'/44, l='ServerLevel[world]', x=2221.69, y=60.00, z=-447.23]
[18Apr2026 01:16:54.641] [Server thread/DEBUG] [atomicstryker.dynamiclights.server.DynamicLights/]: Calling addLightSource on entity ServerPlayer['Ihlak'/44, l='ServerLevel[world]', x=2221.69, y=60.00, z=-447.23], dimensionLocationPath overworld
[18Apr2026 01:16:54.641] [Server thread/DEBUG] [atomicstryker.dynamiclights.server.DynamicLights/]: Successfully registered DynamicLight on Entity: ServerPlayer['Ihlak'/44, l='ServerLevel[world]', x=2221.69, y=60.00, z=-447.23] in list []
[18Apr2026 01:16:54.695] [Server thread/DEBUG] [atomicstryker.dynamiclights.server.DynamicLights/]: Removing Dynamic Light attached to ServerPlayer['Ihlak'/44, l='ServerLevel[world]', x=2221.69, y=60.00, z=-447.23]
